Date,Value,pred
9/11/16,621.65,0.0
9/12/16,609.67,
9/13/16,610.92,610.7402954101562
9/14/16,608.82,610.6173095703125
9/15/16,610.38,611.1618041992188
9/16/16,609.11,610.359619140625
9/17/16,607.04,608.6154174804688
9/18/16,611.58,610.6947631835938
9/19/16,610.19,607.8363647460938
9/20/16,608.66,605.02685546875
9/21/16,598.88,607.9359130859375
9/22/16,597.42,604.36572265625
9/23/16,594.08,606.2224731445312
9/24/16,603.88,597.5519409179688
9/25/16,601.74,594.6620483398438
9/26/16,598.98,596.8604125976562
9/27/16,605.96,599.4957275390625
9/28/16,605.67,600.1073608398438
9/29/16,603.85,601.2265014648438
9/30/16,609.39,605.9691772460938
10/1/16,614.82,605.4398803710938
10/2/16,612.98,605.71142578125
10/3/16,611.85,610.8570556640625
10/4/16,609.62,613.9275512695312
10/5/16,607.18,612.3328247070312
10/6/16,612.08,611.4815673828125
10/7/16,617.21,607.2811279296875
10/8/16,614.74,609.2489013671875
10/9/16,615.65,614.86181640625
10/10/16,617.54,615.9423217773438
10/11/16,614.77,613.9053344726562
10/12/16,635.01,613.7689208984375
10/13/16,635.96,616.491943359375
10/14/16,634.02,622.2349243164062
10/15/16,637.94,635.3732299804688
10/16/16,641.42,634.96142578125
10/17/16,638.97,634.3607177734375
10/18/16,636.29,636.8634033203125
10/19/16,629.25,637.9655151367188
10/20/16,627.72,636.25732421875
10/21/16,631.92,637.4039916992188
10/22/16,655.48,627.0336303710938
10/23/16,653.25,630.9215087890625
10/24/16,651.39,638.7601928710938
10/25/16,655.31,652.156005859375
10/26/16,651.45,652.5931396484375
10/27/16,682.22,653.5075073242188
10/28/16,687.68,653.81298828125
10/29/16,685.91,665.2603759765625
10/30/16,698.0,690.214111328125
10/31/16,702.0,686.9640502929688
11/1/16,697.01,688.4918212890625
11/2/16,733.33,696.3578491210938
11/3/16,686.17,694.8515625
11/4/16,683.69,693.7927856445312
11/5/16,704.79,730.6485595703125
11/6/16,712.0,685.0399169921875
11/7/16,709.96,693.6776123046875
11/8/16,708.97,708.8650512695312
11/9/16,720.93,708.88330078125
11/10/16,721.5,707.370849609375
11/11/16,715.45,709.3601684570312
11/12/16,703.71,717.2938232421875
11/13/16,702.28,716.415771484375
11/14/16,706.46,711.0560913085938
11/15/16,710.91,702.9947509765625
11/16/16,711.73,704.6458740234375
11/17/16,736.96,712.7766723632812
11/18/16,747.52,719.5223999023438
11/19/16,748.98,718.4659423828125
11/20/16,729.06,738.7686157226562
11/21/16,738.53,745.9703979492188
11/22/16,736.97,747.379150390625
11/23/16,741.63,729.966552734375
11/24/16,737.45,737.0369262695312
11/25/16,735.64,736.4036254882812
11/26/16,733.67,738.4578247070312
11/27/16,727.96,732.60546875
11/28/16,727.31,733.9636840820312
11/29/16,732.71,733.0084228515625
11/30/16,742.69,727.03271484375
12/1/16,742.05,732.4808959960938
12/2/16,772.43,736.8056640625
12/3/16,764.33,744.1780395507812
12/4/16,762.97,743.236083984375
12/5/16,754.63,768.04541015625
12/6/16,756.62,760.551025390625
12/7/16,758.99,766.0912475585938
12/8/16,769.72,753.5379638671875
12/9/16,770.02,759.6531372070312
12/10/16,769.08,764.2537231445312
12/11/16,777.0,771.6455688476562
12/12/16,777.0,769.8859252929688
12/13/16,777.99,770.7996826171875
12/14/16,774.89,775.5690307617188
12/15/16,776.75,776.7747802734375
12/16/16,775.88,776.344482421875
12/17/16,788.7,773.910400390625
12/18/16,788.4,778.5289916992188
12/19/16,788.67,781.820068359375
12/20/16,793.09,791.6250610351562
12/21/16,824.21,794.2464599609375
12/22/16,834.97,806.9851684570312
12/23/16,901.31,816.0444946289062
12/24/16,891.61,845.9236450195312
12/25/16,892.6,862.9694213867188
12/26/16,897.33,888.8414916992188
12/27/16,930.37,892.8754272460938
12/28/16,930.34,905.7293701171875
12/29/16,963.38,915.3723754882812
12/30/16,952.15,944.244873046875
12/31/16,958.12,939.7958984375
1/1/17,997.72,964.5794677734375
1/2/17,1015.97,960.0205078125
1/3/17,1013.42,975.0986328125
1/4/17,1126.76,980.66064453125
1/5/17,994.67,1008.6744384765625
1/6/17,999.65,1004.2236328125
1/7/17,896.83,1102.7562255859375
1/8/17,908.14,946.2210693359375
1/9/17,910.49,964.1529541015625
1/10/17,906.05,844.0801391601562
1/11/17,785.22,862.19482421875
1/12/17,780.92,888.3779907226562
1/13/17,826.29,870.2201538085938
1/14/17,817.91,784.8969116210938
1/15/17,819.55,796.26123046875
1/16/17,830.5,823.1922607421875
1/17/17,903.84,822.1282958984375
1/18/17,906.6,828.5643920898438
1/19/17,895.798875,853.4779663085938
1/20/17,893.6210875,896.1206665039062
1/21/17,895.64,913.3156127929688
1/22/17,918.603625,895.1475830078125
1/23/17,922.0736125,895.73193359375
1/24/17,919.97,899.9177856445312
1/25/17,893.045625,916.6517944335938
1/26/17,915.95625,920.3405151367188
1/27/17,915.05,911.26708984375
1/28/17,920.31225,892.8251342773438
1/29/17,915.933,913.93359375
1/30/17,912.19,913.9904174804688
1/31/17,964.706075,913.1884155273438
2/1/17,979.703875,920.7718505859375
2/2/17,983.42,941.9174194335938
2/3/17,1013.027,996.4536743164062
2/4/17,1030.999413,996.0055541992188
2/5/17,1034.07,997.6485595703125
2/6/17,1024.01375,1024.4339599609375
2/7/17,1050.11,1027.739990234375
2/8/17,1052.84,1019.619140625
2/9/17,976.103,1013.7074584960938
2/10/17,999.1035,1042.30517578125
2/11/17,997.59,1036.98095703125
2/12/17,1000.604625,981.9830322265625
2/13/17,999.877375,998.1680908203125
2/14/17,1001.2,998.7205200195312
2/15/17,1012.325988,1006.2691040039062
2/16/17,1035.208125,1005.4447021484375
2/17/17,1035.2,1013.5713500976562
2/18/17,1056.637138,1028.2281494140625
2/19/17,1052.779286,1041.7626953125
2/20/17,1050.87,1038.9227294921875
2/21/17,1123.788429,1047.2188720703125
2/22/17,1123.2231880000004,1059.098876953125
2/23/17,1130.01,1085.6767578125
2/24/17,1174.86625,1131.921875
2/25/17,1150.605714,1120.1246337890625
2/26/17,1150.37,1134.9781494140625
2/27/17,1190.75195,1140.3529052734375
2/28/17,1187.565286,1151.2186279296875
3/1/17,1190.89,1164.115478515625
3/2/17,1259.410817,1206.2655029296875
3/3/17,1285.14,1197.353271484375
3/4/17,1287.0,1223.6026611328125
3/5/17,1270.9333,1271.3424072265625
3/6/17,1275.197375,1280.3741455078125
3/7/17,1279.5,1250.721435546875
3/8/17,1157.3933,1239.00439453125
3/9/17,1192.469143,1256.180908203125
3/10/17,1192.09,1244.0289306640625
3/11/17,1179.159875,1162.8184814453125
3/12/17,1227.494625,1183.8062744140625
3/13/17,1227.68,1188.667724609375
3/14/17,1245.370786,1201.2198486328125
3/15/17,1257.399625,1242.4124755859375
3/16/17,1257.0,1196.446533203125
3/17/17,1091.171888,1148.948974609375
3/18/17,952.2323625,1158.6695556640625
3/19/17,967.69,1174.0074462890625
3/20/17,1049.0844880000002,1041.3798828125
3/21/17,1118.630043,955.1541137695312
3/22/17,1113.0,996.1181030273438
3/23/17,1038.789,1042.0003662109375
3/24/17,941.9197143,1070.683837890625
3/25/17,927.93,1053.8685302734375
3/26/17,956.7863125,999.6199340820312
3/27/17,1037.22925,933.1341552734375
3/28/17,1041.04,950.5689697265625
3/29/17,1040.5755,1000.3626098632812
3/30/17,1037.90455,1036.3096923828125
3/31/17,1034.74,1037.6593017578125
4/1/17,1086.929571,1035.7015380859375
4/2/17,1099.169125,1033.900146484375
4/3/17,1079.99,1054.2193603515625
4/4/17,1141.600363,1086.3355712890625
4/5/17,1133.079314,1091.3895263671875
4/6/17,1133.53,1100.9569091796875
4/7/17,1190.45425,1140.5113525390625
4/8/17,1181.149838,1127.5294189453125
4/9/17,1184.03,1156.24755859375
4/10/17,1207.744875,1190.057861328125
4/11/17,1226.617038,1181.984375
4/12/17,1219.09,1186.583984375
4/13/17,1180.023713,1204.7698974609375
4/14/17,1185.260057,1216.1785888671875
4/15/17,1170.36,1205.848388671875
4/16/17,1186.927413,1177.68408203125
4/17/17,1205.634875,1175.693603515625
4/18/17,1176.97,1168.475830078125
4/19/17,1217.930088,1182.994873046875
4/20/17,1241.686325,1191.6517333984375
4/21/17,1236.63,1195.3017578125
4/22/17,1261.311225,1240.5362548828125
4/23/17,1257.988113,1237.8411865234375
4/24/17,1240.84,1235.658447265625
4/25/17,1279.414688,1248.4007568359375
4/26/17,1309.109875,1248.53564453125
4/27/17,1288.02,1257.8291015625
4/28/17,1331.2944289999996,1296.0518798828125
4/29/17,1334.9790380000004,1301.2353515625
4/30/17,1333.0,1299.6585693359375
5/1/17,1417.172813,1347.6546630859375
5/2/17,1452.076288,1350.76171875
5/3/17,1447.55,1383.7061767578125
5/4/17,1508.292125,1472.5386962890625
5/5/17,1533.3350710000002,1469.6558837890625
5/6/17,1518.75,1476.90234375
5/7/17,1535.868429,1526.7293701171875
5/8/17,1640.619225,1534.2349853515625
5/9/17,1651.1,1551.2059326171875
5/10/17,1762.88625,1600.7425537109375
5/11/17,1820.990563,1722.9716796875
5/12/17,1829.0,1696.25732421875
5/13/17,1771.920013,1783.8212890625
5/14/17,1776.3165,1823.401611328125
5/15/17,1780.0,1803.1229248046875
5/16/17,1739.031975,1775.9420166015625
5/17/17,1807.485063,1767.79296875
5/18/17,1783.98,1742.364501953125
5/19/17,1961.520488,1770.706298828125
5/20/17,2052.909788,1828.73876953125
5/21/17,2008.84,1869.832275390625
5/22/17,2090.662313,2028.4183349609375
5/23/17,2287.710288,2054.46435546875
5/24/17,2256.32,2082.904052734375
5/25/17,2387.206286,2137.59375
5/26/17,2211.976857,2226.818603515625
5/27/17,2279.82,2273.5703125
5/28/17,2192.9808,2382.23828125
5/29/17,2275.9307,2205.98388671875
5/30/17,2290.02,2240.247802734375
5/31/17,2285.933914,2215.010498046875
6/1/17,2399.242671,2320.7783203125
6/2/17,2409.93,2327.73876953125
6/3/17,2525.765158,2340.563720703125
6/4/17,2516.173143,2466.23486328125
6/5/17,2529.53,2452.886474609375
6/6/17,2883.313697,2464.58251953125
6/7/17,2664.920863,2437.78564453125
6/8/17,2683.03,2514.6513671875
6/9/17,2827.4913,2657.358642578125
6/10/17,2845.372857,2665.720458984375
6/11/17,2898.63,2705.54296875
6/12/17,2657.675063,2788.110595703125
6/13/17,2748.185086,2825.82666015625
6/14/17,2706.0,2761.578369140625
6/15/17,2442.48025,2569.028564453125
6/16/17,2464.9598140000007,2697.6044921875
6/17/17,2477.94,2610.082763671875
6/18/17,2507.389252,2451.0126953125
6/19/17,2617.210263,2492.0732421875
6/20/17,2600.0,2522.765869140625
6/21/17,2671.04325,2566.216064453125
6/22/17,2727.288013,2639.44091796875
6/23/17,2713.48,2610.612060546875
6/24/17,2589.164888,2636.58154296875
6/25/17,2512.366286,2654.377685546875
6/26/17,2502.03,2626.923095703125
6/27/17,2517.903114,2545.6376953125
6/28/17,2585.349186,2502.60986328125
6/29/17,2558.3,2496.896484375
6/30/17,2477.641375,2519.792724609375
7/1/17,2501.191343,2553.595458984375
7/2/17,2421.26,2554.82080078125
7/3/17,2561.225429,2453.4716796875
7/4/17,2599.729838,2460.355712890625
7/5/17,2598.89,2471.62060546875
7/6/17,2609.96775,2561.64599609375
7/7/17,2491.201214,2572.474609375
7/8/17,2502.86,2575.774169921875
7/9/17,2536.238938,2531.3466796875
7/10/17,2366.170143,2418.97412109375
7/11/17,2327.09,2465.456787109375
7/12/17,2385.748571,2477.573486328125
7/13/17,2354.783417,2348.06298828125
7/14/17,2338.49,2252.167724609375
7/15/17,2058.9956,2244.877197265625
7/16/17,1931.2143,2192.19873046875
7/17/17,1910.96,2288.3544921875
7/18/17,2320.12225,2057.5732421875
7/19/17,2264.7657,1932.855224609375
7/20/17,2265.21,2075.4609375
7/21/17,2682.195363,2370.163818359375
7/22/17,2807.609857,2322.631103515625
7/23/17,2825.51,2449.919677734375
7/24/17,2751.821029,2694.302734375
7/25/17,2560.997917,2753.111328125
7/26/17,2564.3,2768.333740234375
7/27/17,2647.625,2718.667724609375
7/28/17,2781.636583,2544.519775390625
7/29/17,2784.8,2612.385498046875
7/30/17,2745.955417,2718.80517578125
7/31/17,2866.4316670000007,2737.675048828125
8/1/17,2862.9,2745.736083984375
8/2/17,2693.633983,2745.127685546875
8/3/17,2794.117717,2863.818359375
8/4/17,2790.0,2825.93310546875
8/5/17,3218.115017,2718.764404296875
8/6/17,3252.562533,2864.96337890625
8/7/17,3210.2,3009.03369140625
8/8/17,3457.374333,3258.360107421875
8/9/17,3357.326317,3189.394287109375
8/10/17,3340.28,3257.057861328125
8/11/17,3632.506667,3390.847412109375
8/12/17,3852.802914,3399.62890625
8/13/17,3868.52,3522.983154296875
8/14/17,4282.992,3842.882568359375
8/15/17,4217.028329,3972.38330078125
8/16/17,4179.97,4013.37646484375
8/17/17,4328.725717,4201.2880859375
8/18/17,4130.440067,4168.68994140625
8/19/17,4104.71,4169.47265625
8/20/17,4157.958033,4310.07421875
8/21/17,4043.722,4052.33544921875
8/22/17,3986.28,4106.55419921875
8/23/17,4174.95,4190.43798828125
8/24/17,4340.3167170000015,4021.89453125
8/25/17,4331.77,4100.34716796875
8/26/17,4360.513317,4304.46533203125
8/27/17,4354.308333,4337.95751953125
8/28/17,4339.05,4310.12939453125
8/29/17,4607.98545,4332.35595703125
8/30/17,4594.98785,4365.44482421875
8/31/17,4582.52,4440.9873046875
9/1/17,4911.740017,4534.71435546875
9/2/17,4580.3874799999985,4587.31689453125
9/3/17,4585.57,4558.455078125
9/4/17,4344.098317,4917.68115234375
9/5/17,4488.7201399999985,4455.2275390625
9/6/17,4385.02,4592.36962890625
9/7/17,4654.6585,4416.16650390625
9/8/17,4310.750183,4449.7431640625
9/9/17,4312.26,4428.9072265625
9/10/17,4329.955,4634.32958984375
9/11/17,4248.090017,4235.240234375
9/12/17,4198.59,4197.4892578125
9/13/17,3961.271267,4033.31005859375
9/14/17,3319.63,3820.73779296875
9/15/17,3216.43,4021.28515625
9/16/17,3763.62604,3823.995849609375
9/17/17,3746.060783,3250.586669921875
9/18/17,3678.53,3435.049560546875
9/19/17,3943.413333,3718.341552734375
9/20/17,3977.561667,3703.003173828125
9/21/17,3894.48,3715.22900390625
9/22/17,3637.50255,3946.45849609375
9/23/17,3776.3869,3908.451171875
9/24/17,3777.62,3904.269775390625
9/25/17,3942.555,3675.833251953125
9/26/17,3910.307383,3817.5888671875
9/27/17,3881.0,3801.72705078125
9/28/17,4201.98905,3894.2080078125
9/29/17,4193.574667,3877.6953125
9/30/17,4164.27,4021.544921875
10/1/17,4360.7229670000015,4216.04296875
10/2/17,4386.88375,4205.8056640625
10/3/17,4394.07,4210.21533203125
10/4/17,4225.175,4335.25
10/5/17,4338.852,4369.25390625
10/6/17,4318.58,4401.99951171875
10/7/17,4376.191667,4255.62841796875
10/8/17,4602.2808829999985,4407.923828125
10/9/17,4605.66,4391.42626953125
10/10/17,4782.28,4528.484375
10/11/17,4819.485767,4698.44873046875
10/12/17,4822.17,4696.4638671875
10/13/17,5563.806567000001,4931.5986328125
10/14/17,5739.438733,5015.2138671875
10/15/17,5825.99,5133.8017578125
10/16/17,5711.2058670000015,5630.296875
10/17/17,5603.7129399999985,5738.3310546875
10/18/17,5594.66,5833.84375
10/19/17,5727.6335,5754.26416015625
10/20/17,5979.45984,5610.9775390625
10/21/17,5986.44,5690.87353515625
10/22/17,5983.18455,5833.51904296875
10/23/17,5876.079867,5938.04541015625
10/24/17,5900.59,5879.05224609375
10/25/17,5669.622533,5952.75244140625
10/26/17,5893.138417,5871.5693359375
10/27/17,5889.82,5927.34765625
10/28/17,5776.69695,5690.703125
10/29/17,6155.4340200000015,5810.578125
10/30/17,6136.49,5850.609375
10/31/17,6388.6451670000015,5961.302734375
11/1/17,6665.306683,6399.62646484375
11/2/17,6751.98,6348.13330078125
11/3/17,7197.72006,6780.904296875
11/4/17,7437.5433170000015,6899.53857421875
11/5/17,7365.99,6869.29638671875
11/6/17,6989.071667,7254.52734375
11/7/17,7092.127233,7421.35107421875
11/8/17,7128.64,7271.7919921875
11/9/17,7158.03706,6894.83154296875
11/10/17,6719.39785,6950.1884765625
11/11/17,6569.22,6626.2353515625
11/12/17,5716.301583,7046.3525390625
11/13/17,6550.227533,6547.76171875
11/14/17,6493.63,6661.736328125
11/15/17,7301.42992,6010.15283203125
11/16/17,7815.0307,7135.8212890625
11/17/17,7868.77,6972.10888671875
11/18/17,7817.140383,7775.5205078125
11/19/17,8007.654067,7883.267578125
11/20/17,8049.72,7849.93359375
11/21/17,8059.8,7904.13037109375
11/22/17,8268.035,8097.01953125
11/23/17,8236.72,8074.47998046875
11/24/17,8250.978333,8139.76953125
11/25/17,8707.407267,8311.2109375
11/26/17,8768.8,8398.875
11/27/17,9718.29505,8561.84375
11/28/17,9952.50882,9177.3359375
11/29/17,9919.0,9286.0390625
11/30/17,10147.372,10057.3173828125
12/1/17,10883.912,10145.92578125
12/2/17,10879.88,10183.197265625
12/3/17,11332.622,10572.294921875
12/4/17,11584.83,11259.58203125
12/5/17,11591.22,11137.41796875
12/6/17,13540.98,12535.828125
12/7/17,16501.97167,12779.974609375
12/8/17,16860.88,12451.65234375
12/9/17,15142.83415,14671.9638671875
12/10/17,14869.805,16262.2470703125
12/11/17,15068.95,17274.6875
12/12/17,17276.393330000006,15056.8701171875
12/13/17,16808.36667,14754.67578125
12/14/17,16252.31,15564.3037109375
12/15/17,17771.9,16201.4716796875
12/16/17,19498.68333,16234.025390625
12/17/17,19279.9,17042.16796875
12/18/17,18961.85667,18156.2890625
12/19/17,17737.11167,19330.357421875
12/20/17,17382.94,18154.29296875
12/21/17,16047.51,17531.958984375
12/22/17,15190.945,16367.2275390625
12/23/17,13776.61,16024.662109375
12/24/17,13949.175,14792.32421875
12/25/17,14119.02833,14419.998046875
12/26/17,13740.94,13856.0693359375
12/27/17,15589.32167,13510.8173828125
12/28/17,14380.58167,13647.103515625
12/29/17,14214.01,13702.390625
12/30/17,13215.574,15660.103515625
12/31/17,14165.575,14027.98046875
1/1/18,13796.0,14107.607421875
1/2/18,15005.85667,13398.546875
1/3/18,15053.261669999998,14088.408203125
1/4/18,15039.24,14254.052734375
1/5/18,17174.12,15446.41796875
1/6/18,17319.198,15123.9990234375
1/7/18,17155.95,15468.3671875
1/8/18,15265.906669999997,17010.234375
1/9/18,14714.25333,16335.369140625
1/10/18,14437.42,15829.2890625
1/11/18,13296.794,14441.517578125
1/12/18,13912.882,14252.0478515625
1/13/18,13791.19,14178.869140625
1/14/18,13852.92,13335.1083984375
1/15/18,14012.196000000002,13829.1748046875
1/16/18,13554.14,12822.787109375
1/17/18,11116.94667,12834.3212890625
1/18/18,11345.42333,13118.060546875
1/19/18,11174.82,13170.9873046875
1/20/18,12950.79333,11274.25
1/21/18,11505.228,10767.7607421875
1/22/18,11513.42,11271.19140625
1/23/18,11223.063999999997,12914.0810546875
1/24/18,11282.25833,11325.87890625
1/25/18,11392.03,11331.09765625
1/26/18,10969.815,11146.1376953125
1/27/18,11524.77667,11233.8818359375
1/28/18,11431.37,11308.42578125
1/29/18,11212.655,10823.345703125
1/30/18,10184.06167,11143.5517578125
1/31/18,10082.52,10594.6494140625
2/1/18,9083.258333,10385.3662109375
2/2/18,8901.901667,9469.6259765625
2/3/18,8852.73,9400.8466796875
2/4/18,8400.648333,8010.49365234375
2/5/18,6838.816667,8030.61328125
2/6/18,6925.46,8550.767578125
2/7/18,8099.958333,8043.9775390625
2/8/18,8240.536667,6676.53173828125
2/9/18,8245.08,7490.88037109375
2/10/18,8319.876565999999,8226.9814453125
2/11/18,8343.455,8190.84326171875
2/12/18,8068.02,8186.11865234375
2/13/18,8597.7675,8291.7177734375
2/14/18,9334.633333,8188.45361328125
2/15/18,9471.64,8447.869140625
2/16/18,10127.16167,9291.80859375
2/17/18,10841.99167,10038.5029296875
2/18/18,11085.83,10014.2880859375
2/19/18,11110.965,10739.6904296875
2/20/18,11390.39167,11057.396484375
2/21/18,11245.98,10729.4580078125
2/22/18,9931.071667,10808.16796875
2/23/18,10162.11667,11068.4755859375
2/24/18,10171.3,10693.15234375
2/25/18,9696.593333,9884.4111328125
2/26/18,10348.60333,10035.849609375
2/27/18,10319.46,9970.859375
2/28/18,10370.165,9866.388671875
3/1/18,11009.38167,10492.33984375
3/2/18,10931.12,10440.962890625
3/3/18,11326.94833,10694.49609375
3/4/18,11430.18167,11176.708984375
3/5/18,11516.83,10943.7197265625
3/6/18,10763.19833,11029.3671875
3/7/18,10118.058,10950.576171875
3/8/18,9920.46,10634.9501953125
3/9/18,9089.278333,9848.919921875
3/10/18,8746.002,9465.33203125
3/11/18,8777.37,9529.4013671875
3/12/18,9182.843333,8924.4638671875
3/13/18,9154.7,8746.89453125
3/14/18,9153.54,8706.2490234375
3/15/18,8358.121667,9054.1513671875
3/16/18,8530.402,8892.328125
3/17/18,8297.89,8745.626953125
3/18/18,8171.415,8311.244140625
3/19/18,8412.033333,8677.826171875
3/20/18,8605.64,8240.7822265625
3/21/18,8947.753333,8194.072265625
3/22/18,8690.408333,8521.6318359375
3/23/18,8725.37,8661.2236328125
3/24/18,8662.378333,8947.103515625
3/25/18,8617.296667,8569.9794921875
3/26/18,8457.96,8474.7470703125
3/27/18,7876.195,8372.994140625
3/28/18,7960.38,8383.4365234375
3/29/18,7950.61,7847.32568359375
3/30/18,6882.531667,7461.00537109375
3/31/18,6935.48,7670.23486328125
4/1/18,6937.56,7524.43212890625
4/2/18,7035.848333,6897.05810546875
4/3/18,7410.435,7000.13037109375
4/4/18,7426.48,6917.18115234375
4/5/18,6826.51,6920.18408203125
4/6/18,6603.876667,7241.53564453125
4/7/18,6634.68,7303.2216796875
4/8/18,7017.656667,6731.5068359375
4/9/18,6699.273333,6586.26611328125
4/10/18,6784.41,6521.95068359375
4/11/18,6926.266667,6776.53466796875
4/12/18,7847.845,6756.1494140625
4/13/18,7941.46,7026.59716796875
4/14/18,8036.511051,7455.23486328125
4/15/18,8340.748333,8078.4013671875
4/16/18,8368.1,7950.9013671875
4/17/18,7895.416926000001,8053.462890625
4/18/18,8164.937426,8309.478515625
4/19/18,8175.96,8147.3876953125
4/20/18,8852.718333,7899.0009765625
4/21/18,8807.205,8352.181640625
4/22/18,8930.6,8472.02734375
4/23/18,8933.861667000001,8927.6484375
4/24/18,9555.542,8857.14453125
4/25/18,9658.11,8914.884765625
4/26/18,9258.398333,8998.4453125
4/27/18,9010.32,9545.3310546875
4/28/18,8928.55,9619.103515625
4/29/18,9334.281667,9143.23828125
4/30/18,9259.57,8978.9443359375
5/1/18,9239.55,8884.38671875
5/2/18,9221.426,9180.3798828125
5/3/18,9639.268333,9217.85546875
5/4/18,9753.35,9301.26171875
5/5/18,9803.306667,9355.5966796875
5/6/18,9630.136277,9669.5908203125
5/7/18,9631.44,9615.767578125
5/8/18,9228.608333,9671.2861328125
5/9/18,9322.041667,9495.1435546875
5/10/18,9310.37,9248.5810546875
5/11/18,8468.788,8867.8525390625
5/12/18,8484.346667,9039.62890625
5/13/18,8463.52,9005.095703125
5/14/18,8652.038333,8489.3037109375
5/15/18,8511.458,8439.947265625
5/16/18,8471.06,8399.716796875
5/17/18,8106.1183329999985,8578.890625
5/18/18,8240.055,8368.9638671875
5/19/18,8239.08,8494.2275390625
5/20/18,8507.406667,8097.208984375
5/21/18,8385.556187,8243.4892578125
5/22/18,8396.63,8059.14599609375
5/23/18,7555.74,8249.50390625
5/24/18,7566.193333,8123.125
5/25/18,7576.78,8017.69921875
5/26/18,7342.9083329999985,7418.48388671875
5/27/18,7361.831667,7499.55078125
5/28/18,7344.56,7542.60595703125
5/29/18,7459.876667,7362.583984375
5/30/18,7385.395,7324.58056640625
5/31/18,7386.72,7352.0703125
6/1/18,7535.146667,7397.9306640625
6/2/18,7645.146667,7401.427734375
6/3/18,7637.14,7428.47021484375
6/4/18,7500.273333,7568.947265625
6/5/18,7615.722142,7653.5009765625
6/6/18,7619.43,7649.373046875
6/7/18,7676.271667,7512.1103515625
6/8/18,7620.153333,7618.107421875
6/9/18,7615.54,7336.54833984375
6/10/18,6776.888333,7400.4501953125
6/11/18,6875.678333,7412.35546875
6/12/18,6879.31,7169.20556640625
6/13/18,6315.7,6638.48974609375
6/14/18,6647.013333,6828.70751953125
6/15/18,6637.41,6816.63818359375
6/16/18,6509.426667,6388.509765625
6/17/18,6464.411667,6628.201171875
6/18/18,6445.79,6675.482421875
6/19/18,6737.0,6449.53662109375
6/20/18,6714.718333,6443.900390625
6/21/18,6760.83,6474.96826171875
6/22/18,6332.573333,6636.83251953125
6/23/18,6141.605833,6546.392578125
6/24/18,6170.46,6548.71533203125
6/25/18,6211.4475,6199.8603515625
6/26/18,6218.595,6136.15576171875
6/27/18,6097.46,6152.5107421875
6/28/18,6107.896154,6130.3896484375
6/29/18,5908.7025,6175.44140625
6/30/18,6223.28,6038.70703125
7/1/18,6374.754167,6009.07763671875
7/2/18,6466.0691670000015,6057.013671875
7/3/18,6626.44,6418.64892578125
7/4/18,6593.289167,6483.41064453125
7/5/18,6603.376667,6516.76708984375
7/6/18,6555.51,6582.60107421875
7/7/18,6594.281667,6574.20361328125
7/8/18,6753.559167,6571.15673828125
7/9/18,6724.04,6552.859375
7/10/18,6510.791667,6553.81640625
7/11/18,6377.363333,6675.97705078125
7/12/18,6403.18,6549.33544921875
7/13/18,6244.3575,6380.3818359375
7/14/18,6241.0,6321.96826171875
7/15/18,6248.84,6448.76708984375
7/16/18,6514.390833,6268.17578125
7/17/18,6869.910833,6437.9140625
7/18/18,7321.62,6571.38134765625
7/19/18,7396.401667,6939.498046875
7/20/18,7428.045,7147.978515625
7/21/18,7334.99,7364.88525390625
7/22/18,7451.289167,7381.18359375
7/23/18,7689.884167,7368.451171875
7/24/18,7715.1,7458.18115234375
7/25/18,8251.165,7621.9404296875
7/26/18,8187.324167,7745.6103515625
7/27/18,7939.81,7767.48095703125
7/28/18,8182.251667,8081.6064453125
7/29/18,8206.341667,8179.76025390625
7/30/18,8220.91,7998.20751953125
7/31/18,7916.800833,8049.89013671875
8/1/18,7570.869167,8007.1201171875
8/2/18,7607.7,7962.298828125
8/3/18,7394.499167,7581.90966796875
8/4/18,7247.769167,7340.7783203125
8/5/18,7011.28,7411.56884765625
8/6/18,6988.079167,7186.5322265625
8/7/18,6993.513333,7038.341796875
8/8/18,6718.23,6731.53173828125
8/9/18,6396.7725,6774.1474609375
8/10/18,6396.494667,6690.01025390625
8/11/18,6138.96,6524.1162109375
8/12/18,6311.1316670000015,6302.76611328125
8/13/18,6347.07,6370.84375
8/14/18,6252.13,6148.29296875
8/15/18,6362.676923,6284.70751953125
8/16/18,6342.629231,6339.11572265625
8/17/18,6312.75,6276.24267578125
8/18/18,6436.7208329999985,6305.4384765625
8/19/18,6404.063333,6326.3447265625
8/20/18,6486.58,6330.53271484375
8/21/18,6401.246154,6390.3369140625
8/22/18,6575.229167,6417.9228515625
8/23/18,6354.57,6455.85888671875
8/24/18,6543.645714,6387.3955078125
8/25/18,6719.429231,6442.56640625
8/26/18,6738.27,6432.11376953125
8/27/18,6719.266154000001,6665.08056640625
8/28/18,7000.04,6790.53759765625
8/29/18,7078.19,6714.9326171875
8/30/18,6932.6625,6746.83544921875
8/31/18,6981.946154,6980.8798828125
9/1/18,7018.78,7016.826171875
9/2/18,7247.935385,6938.5927734375
9/3/18,7260.949231,7053.28857421875
9/4/18,7265.08,7077.52880859375
9/5/18,7113.069231,7083.5400390625
9/6/18,6433.271667,6973.62548828125
9/7/18,6501.19,6986.5302734375
9/8/18,6366.1075,6696.853515625
9/9/18,6286.425833,6308.80419921875
9/10/18,6240.98,6454.73681640625
9/11/18,6296.320833,6294.03369140625
9/12/18,6273.1375,6282.107421875
9/13/18,6326.04,6261.46826171875
9/14/18,6499.0625,6311.96044921875
9/15/18,6518.655,6316.0751953125
9/16/18,6522.39,6384.95458984375
9/17/18,6400.600833,6490.40087890625
9/18/18,6296.6316670000015,6460.7548828125
9/19/18,6342.39,6489.39697265625
9/20/18,6418.562667,6404.28759765625
9/21/18,6669.990833,6321.04248046875
9/22/18,6756.12,6428.4697265625
9/23/18,6710.445,6525.02734375
9/24/18,6639.304167,6674.6748046875
9/25/18,6583.45,6686.955078125
9/26/18,6468.6316670000015,6647.92578125
9/27/18,6535.476667,6621.455078125
9/28/18,6686.08,6580.0712890625
9/29/18,6550.474167,6435.37841796875
9/30/18,6593.135,6548.5302734375
10/1/18,6611.02,6674.39990234375
10/2/18,6562.641667,6514.05517578125
10/3/18,6470.4025,6565.7373046875
10/4/18,6483.73,6604.19970703125
10/5/18,6568.549167,6549.2685546875
10/6/18,6581.486667,6476.56591796875
10/7/18,6573.62,6527.2919921875
10/8/18,6618.567692000001,6583.369140625
10/9/18,6621.711667000001,6584.50537109375
10/10/18,6626.85,6477.515625
10/11/18,6248.635833,6478.54248046875
10/12/18,6260.530833,6508.49755859375
10/13/18,6247.0,6530.58203125
10/14/18,6299.399167000001,6253.44873046875
10/15/18,6452.571667,6308.73828125
10/16/18,6599.17,6316.009765625
10/17/18,6596.276154,6401.3740234375
10/18/18,6568.040769,6518.24072265625
10/19/18,6509.61,6597.6669921875
10/20/18,6488.825833,6575.23291015625
10/21/18,6531.601667,6532.6181640625
10/22/18,6504.78,6497.64013671875
10/23/18,6481.426,6488.23193359375
10/24/18,6508.31,6533.37060546875
10/25/18,6489.77,6492.962890625
10/26/18,6473.753333,6479.41015625
10/27/18,6465.9175,6500.53857421875
10/28/18,6457.21,6453.54443359375
10/29/18,6382.668333,6414.798828125
10/30/18,6309.452857,6405.64404296875
10/31/18,6301.61,6409.64501953125
11/1/18,6342.280833,6354.90673828125
11/2/18,6387.674167,6304.3154296875
11/3/18,6390.42,6330.591796875
11/4/18,6391.873333,6372.5126953125
11/5/18,6436.965,6405.044921875
11/6/18,6437.76,6408.3076171875
11/7/18,6538.79,6410.27197265625
11/8/18,6486.251667,6436.59814453125
11/9/18,6444.97,6435.66259765625
11/10/18,6399.0333329999985,6521.93408203125
11/11/18,6378.268333,6445.673828125
11/12/18,6408.53,6411.36279296875
11/13/18,6372.063333,6327.37158203125
11/14/18,6176.155,6180.19921875
11/15/18,5756.77,6098.576171875
11/16/18,5596.1925,6096.3564453125
11/17/18,5558.2433329999985,5900.82861328125
11/18/18,5572.44,5539.322265625
11/19/18,5303.9425,5236.1337890625
11/20/18,4671.97,5122.61962890625
11/21/18,4491.98,5181.1201171875
11/22/18,4548.7975,4862.86474609375
11/23/18,4309.3375,4447.888671875
11/24/18,4352.98,4236.572265625
11/25/18,3823.511667,4404.43603515625
11/26/18,3920.536667,4120.15966796875
11/27/18,3793.35,4297.6611328125
11/28/18,4103.453846,3820.927490234375
11/29/18,4263.7833329999985,3891.697021484375
11/30/18,4278.77,3868.3642578125
12/1/18,4116.7775,4161.3701171875
12/2/18,4167.546667000001,4258.21484375
12/3/18,4140.6,4194.98095703125
12/4/18,3961.493333,4018.22998046875
12/5/18,3858.349167,4018.8291015625
12/6/18,3744.98,3855.77685546875
12/7/18,3405.643333,3717.23046875
12/8/18,3435.34,3685.715087890625
12/9/18,3453.66,3610.208984375
12/10/18,3523.96,3426.944091796875
12/11/18,3426.19,3423.889404296875
12/12/18,3407.28,3446.010498046875
12/13/18,3406.7625,3463.820068359375
12/14/18,3278.3741670000004,3332.305908203125
12/15/18,3242.42,3356.892333984375
12/16/18,3271.238333,3395.897705078125
12/17/18,3392.405,3257.535888671875
12/18/18,3556.54,3348.161376953125
12/19/18,3808.0425,3450.201416015625
12/20/18,3982.850833,3632.010498046875
12/21/18,4135.19,3696.014404296875
12/22/18,3910.973333,3914.8154296875
12/23/18,4027.478333,3957.5341796875
12/24/18,3995.17,4141.05615234375
12/25/18,3813.88,3891.3984375
12/26/18,3825.379167,4008.900146484375
12/27/18,3848.21,3889.87255859375
12/28/18,3743.905,3811.2138671875
12/29/18,3912.285833,3846.27001953125
12/30/18,3770.36,3846.74609375
12/31/18,3791.545833,3788.32373046875
1/1/19,3752.271667,3847.659423828125
1/2/19,3855.88,3763.496337890625
1/3/19,3865.7975,3755.348876953125
1/4/19,3822.626667,3762.651611328125
1/5/19,3856.62,3813.084716796875
1/6/19,3920.456667,3849.879150390625
1/7/19,4036.093333,3853.66455078125
1/8/19,4032.25,3914.33154296875
1/9/19,4034.138333,3906.141357421875
1/10/19,3812.585833,3950.917236328125
1/11/19,3646.25,3883.889892578125
1/12/19,3646.345833,3864.2666015625
1/13/19,3599.841667,3635.21435546875
1/14/19,3531.96,3616.843505859375
1/15/19,3656.785,3644.417724609375
1/16/19,3621.270833,3572.177490234375
1/17/19,3621.43,3529.03125
1/18/19,3632.395,3611.5537109375
1/19/19,3690.523333,3619.29541015625
1/20/19,3703.98,3603.802001953125
1/21/19,3548.4275,3613.10546875
1/22/19,3540.02,3670.004150390625
1/23/19,3587.35,3653.8876953125
1/24/19,3566.4,3548.778564453125
1/25/19,3586.25,3546.825927734375
1/26/19,3577.79,3575.149658203125
1/27/19,3576.3,3567.61279296875
1/28/19,3554.5,3551.9609375
1/29/19,3448.58,3519.74365234375
1/30/19,3421.6,3544.126220703125
1/31/19,3470.0,3508.201171875
2/1/19,3444.81,3441.281982421875
2/2/19,3475.33,3432.800048828125
2/3/19,3506.22,3444.1162109375
2/4/19,3456.02,3449.1240234375
2/5/19,3452.35,3473.05224609375
2/6/19,3467.34,3490.546875
2/7/19,3405.7,3428.53759765625
2/8/19,3394.76,3463.355712890625
2/9/19,3661.08,3402.55859375
2/10/19,3664.38,3416.66748046875
2/11/19,3686.29,3481.041015625
2/12/19,3629.47,3642.23876953125
2/13/19,3632.42,3652.41015625
2/14/19,3614.5,3665.87109375
2/15/19,3600.31,3615.31103515625
2/16/19,3608.2,3626.406982421875
2/17/19,3619.55,3611.59619140625
2/18/19,3670.74,3631.46875
2/19/19,3910.8,3647.009521484375
2/20/19,3926.53,3700.94384765625
2/21/19,3987.18,3788.29150390625
2/22/19,3944.88,3944.33544921875
2/23/19,3983.48,3943.48974609375
2/24/19,4139.6,3910.076171875
2/25/19,3766.89,3902.97705078125
2/26/19,3848.33,3961.6494140625
2/27/19,3831.45,4107.998046875
2/28/19,3833.23,3788.2890625
3/1/19,3850.08,3834.01416015625
3/2/19,3834.62,3834.797607421875
3/3/19,3831.44,3831.744873046875
3/4/19,3814.58,3811.259521484375
3/5/19,3730.98,3824.031494140625
3/6/19,3872.25,3799.63671875
3/7/19,3876.85,3777.5224609375
3/8/19,3886.82,3769.46240234375
3/9/19,3875.96,3882.760498046875
3/10/19,3950.56,3866.419189453125
3/11/19,3928.17,3870.952880859375
3/12/19,3881.09,3871.700927734375
3/13/19,3892.51,3953.57275390625
3/14/19,3877.77,3904.475341796875
3/15/19,3885.21,3884.9033203125
3/16/19,3936.5,3895.920654296875
3/17/19,4015.95,3886.872314453125
3/18/19,3994.92,3911.54638671875
3/19/19,3998.77,3978.353271484375
3/20/19,4029.11,3997.77294921875
3/21/19,4056.4,3994.65283203125
3/22/19,3992.34,4000.787841796875
3/23/19,3999.06,4025.97705078125
3/24/19,4011.92,4044.86767578125
3/25/19,3994.11,3971.73193359375
3/26/19,3935.89,3982.158203125
3/27/19,3947.74,4025.466552734375
3/28/19,4048.51,3969.500244140625
3/29/19,4037.37,3947.6669921875
3/30/19,4115.55,3998.50244140625
3/31/19,4114.44,4074.53515625
4/1/19,4114.16,4069.123046875
4/2/19,4152.53,4177.6025390625
4/3/19,4882.88,4217.56689453125
4/4/19,4959.81,4272.9033203125
4/5/19,4911.24,4500.0302734375
4/6/19,5028.77,4951.19482421875
4/7/19,5053.52,4956.3955078125
4/8/19,5189.39,4979.12255859375
4/9/19,5268.71,5087.1376953125
4/10/19,5175.81,5127.3251953125
4/11/19,5310.18,5184.50830078125
4/12/19,5035.02,5256.92822265625
4/13/19,5072.85,5168.181640625
4/14/19,5064.62,5319.7744140625
4/15/19,5152.51,5067.93896484375
4/16/19,5036.18,5017.96240234375
4/17/19,5196.65,5056.1591796875
4/18/19,5220.37,5091.685546875
4/19/19,5276.31,5097.23193359375
4/20/19,5277.04,5248.89453125
4/21/19,5309.28,5248.39208984375
4/22/19,5281.83,5281.00341796875
4/23/19,5377.19,5296.56640625
4/24/19,5518.16,5292.52783203125
4/25/19,5434.19,5270.4404296875
4/26/19,5195.61,5376.23388671875
4/27/19,5292.83,5489.67626953125
4/28/19,5280.19,5364.3125
4/29/19,5301.29,5211.3115234375
4/30/19,5260.65,5275.06689453125
5/1/19,5269.79,5285.95849609375
5/2/19,5326.67,5289.2666015625
5/3/19,5390.16,5280.115234375
5/4/19,5657.14,5370.92138671875
5/5/19,5771.08,5418.26025390625
5/6/19,5717.66,5526.03759765625
5/7/19,5684.47,5696.9970703125
5/8/19,5755.72,5709.994140625
5/9/19,5936.72,5712.341796875
5/10/19,6146.91,5806.4267578125
5/11/19,6348.02,5999.88232421875
5/12/19,7248.31,6147.79736328125
5/13/19,6978.63,6466.5654296875
5/14/19,7823.11,6774.3779296875
5/15/19,7992.69,7383.21484375
5/16/19,8206.9,7222.177734375
5/17/19,7885.96,7792.068359375
5/18/19,7362.22,7783.75830078125
5/19/19,7265.05,8261.318359375
5/20/19,8193.7,7934.33837890625
5/21/19,8007.03,7229.28515625
5/22/19,7952.5,7300.2919921875
5/23/19,7625.93,8000.8876953125
5/24/19,7880.29,7922.09619140625
5/25/19,8003.26,7952.130859375
5/26/19,8071.45,7686.1103515625
5/27/19,8744.42,8126.52197265625
5/28/19,8770.06,8185.80224609375
5/29/19,8719.88,8309.9384765625
5/30/19,8662.98,8731.408203125
5/31/19,8272.46,8708.3359375
6/1/19,8553.81,8640.3115234375
6/2/19,8554.8,8709.78515625
6/3/19,8739.03,8293.583984375
6/4/19,8134.92,8364.9912109375
6/5/19,7675.8,8315.2939453125
6/6/19,7786.04,8420.82421875
6/7/19,7803.23,7913.9267578125
6/8/19,7998.29,7699.7978515625
6/9/19,7931.34,7741.396484375
6/10/19,7640.61,7767.90478515625
6/11/19,8020.38,7996.21435546875
6/12/19,7917.58,7790.7841796875
6/13/19,8173.06,7756.15234375
6/14/19,8237.88,8108.0751953125
6/15/19,8693.6,8061.32568359375
6/16/19,8859.47,8509.67578125
6/17/19,8978.99,8542.96484375
6/18/19,9327.48,8875.4345703125
6/19/19,9076.18,8972.4990234375
6/20/19,9281.7,9007.126953125
6/21/19,9531.35,9205.55859375
6/22/19,10209.38,9288.40625
6/23/19,10668.63,9824.5302734375
6/24/19,10814.48,10123.896484375
6/25/19,11017.5,10863.8349609375
6/26/19,11766.4,11236.9189453125
6/27/19,12932.55,10642.6630859375
6/28/19,11132.85,10387.9794921875
6/29/19,12374.35,11481.2255859375
6/30/19,11890.38,13224.625
7/1/19,10737.73,11110.4931640625
7/2/19,10578.72,12338.0830078125
7/3/19,10805.4,11671.1123046875
7/4/19,11984.76,10827.7724609375
7/5/19,11160.49,10489.6298828125
7/6/19,10955.16,10795.396484375
7/7/19,11232.04,11662.6826171875
7/8/19,11477.01,11110.654296875
7/9/19,12313.08,11192.8173828125
7/10/19,12586.78,11401.3525390625
7/11/19,12099.9,11576.53515625
7/12/19,11352.87,12306.71875
7/13/19,11803.97,12331.916015625
7/14/19,11389.1,11363.2294921875
7/15/19,10186.96,11141.7626953125
7/16/19,10873.5,11396.236328125
7/17/19,9397.72,10794.9365234375
7/18/19,9674.28,10107.81640625
7/19/19,10638.56,11136.919921875
7/20/19,10535.75,9414.623046875
7/21/19,10764.9,10105.9580078125
7/22/19,10587.41,10533.251953125
7/23/19,10323.62,10300.390625
7/24/19,9844.3,10465.087890625
7/25/19,9772.17,10292.1923828125
7/26/19,9875.17,10035.2646484375
7/27/19,9848.65,9641.0947265625
7/28/19,9473.99,9691.9580078125
7/29/19,9530.0,9799.9248046875
7/30/19,9501.33,9738.6083984375
7/31/19,9589.13,9475.3759765625
8/1/19,10084.7,9630.083984375
8/2/19,10407.17,9656.31640625
8/3/19,10529.55,9986.609375
8/4/19,10814.57,10542.3388671875
8/5/19,10980.23,10839.0068359375
8/6/19,11787.99,10723.40625
8/7/19,11465.67,11125.609375
8/8/19,11960.82,11327.4716796875
8/9/19,11996.41,11584.99609375
8/10/19,11856.64,11515.0654296875
8/11/19,11282.22,11934.15625
8/12/19,11566.84,11857.330078125
8/13/19,11386.26,11540.2421875
8/14/19,10858.12,10810.09375
8/15/19,10016.96,11172.921875
8/16/19,10302.17,10939.44921875
8/17/19,10359.44,10483.240234375
8/18/19,10214.52,10098.3759765625
8/19/19,10317.6,10264.4287109375
8/20/19,10917.26,10161.55078125
8/21/19,10760.56,10178.1708984375
8/22/19,10129.4,10303.20703125
8/23/19,10111.98,10946.931640625
8/24/19,10405.81,10503.5595703125
8/25/19,10143.8,10180.845703125
8/26/19,10135.06,10051.8505859375
8/27/19,10360.28,10357.076171875
8/28/19,10171.95,10001.953125
8/29/19,9717.82,9917.607421875
8/30/19,9484.55,10183.3125
8/31/19,9577.99,9880.6533203125
9/1/19,9600.9,9619.1708984375
9/2/19,9769.79,9510.5029296875
9/3/19,10386.64,9754.7734375
9/4/19,10621.29,9770.50390625
9/5/19,10584.16,10181.1474609375
9/6/19,10577.8,10450.1494140625
9/7/19,10317.47,10618.4365234375
9/8/19,10487.21,10538.00390625
9/9/19,10406.31,10536.880859375
9/10/19,10313.66,10260.2568359375
9/11/19,10101.03,10403.947265625
9/12/19,10159.32,10362.3779296875
9/13/19,10420.16,10328.8984375
9/14/19,10363.9,10125.7255859375
9/15/19,10361.33,10218.943359375
9/16/19,10310.43,10397.00390625
9/17/19,10265.63,10294.3291015625
9/18/19,10190.36,10291.26953125
9/19/19,10157.59,10287.1220703125
9/20/19,10275.88,10239.9208984375
9/21/19,10173.11,10114.0927734375
9/22/19,9979.49,10132.91015625
9/23/19,10033.05,10125.123046875
9/24/19,9683.38,9651.5
9/25/19,8553.61,9415.814453125
9/26/19,8432.23,9400.7431640625
9/27/19,8055.64,8953.3046875
9/28/19,8193.9,8248.6982421875
9/29/19,8225.0,8268.6904296875
9/30/19,8056.74,8097.693359375
10/1/19,8307.74,8132.89013671875
10/2/19,8322.92,8136.27587890625
10/3/19,8382.03,8095.63037109375
10/4/19,8236.17,8295.3984375
10/5/19,8155.48,8270.39453125
10/6/19,8147.69,8240.03125
10/7/19,7869.74,8170.1865234375
10/8/19,8212.02,8164.39599609375
10/9/19,8190.0,8002.03466796875
10/10/19,8587.92,7992.28662109375
10/11/19,8586.9,8223.4697265625
10/12/19,8269.73,8207.48046875
10/13/19,8308.01,8593.7353515625
10/14/19,8283.76,8487.9326171875
10/15/19,8353.54,8234.4990234375
10/16/19,8162.16,8243.7900390625
10/17/19,8002.51,8202.912109375
10/18/19,8076.78,8239.384765625
10/19/19,7954.15,8039.99560546875
10/20/19,7960.04,8039.13720703125
10/21/19,8231.06,7972.9794921875
10/22/19,8222.52,7922.23486328125
10/23/19,8026.76,7868.45361328125
10/24/19,7469.56,8029.52001953125
10/25/19,7431.88,8325.3427734375
10/26/19,8666.79,8137.0048828125
10/27/19,9259.8,7606.4267578125
10/28/19,9551.54,8077.8017578125
10/29/19,9218.76,9219.720703125
10/30/19,9433.35,9259.4970703125
10/31/19,9164.62,9574.50390625
11/1/19,9147.98,9248.4423828125
11/2/19,9252.99,9427.9189453125
11/3/19,9301.18,9181.525390625
11/4/19,9206.16,9172.8720703125
11/5/19,9418.05,9187.9970703125
11/6/19,9310.19,9218.9267578125
11/7/19,9343.34,9221.08203125
11/8/19,9204.24,9279.0771484375
11/9/19,8766.04,9083.0302734375
11/10/19,8809.41,9257.947265625
11/11/19,9037.12,9009.6865234375
11/12/19,8717.81,8808.4384765625
11/13/19,8801.52,8792.2275390625
11/14/19,8762.42,9016.4033203125
11/15/19,8632.32,8624.15234375
11/16/19,8457.69,8695.62890625
11/17/19,8482.7,8659.0751953125
11/18/19,8503.93,8453.5390625
11/19/19,8175.99,8291.0244140625
11/20/19,8120.8,8363.333984375
11/21/19,8081.81,8197.6552734375
11/22/19,7617.07,7784.23291015625
11/23/19,7286.35,7805.7705078125
11/24/19,7324.03,7690.73095703125
11/25/19,6907.4,7366.71484375
11/26/19,7130.25,7178.66259765625
11/27/19,7163.63,7428.4541015625
11/28/19,7523.83,6943.6494140625
11/29/19,7431.0,7272.15673828125
11/30/19,7757.47,7268.9306640625
12/1/19,7557.72,7427.126953125
12/2/19,7402.69,7400.65380859375
12/3/19,7309.59,7724.13623046875
12/4/19,7296.77,7376.32958984375
12/5/19,7192.85,7353.87060546875
12/6/19,7395.97,7297.4423828125
12/7/19,7547.19,7249.9267578125
12/8/19,7504.83,7275.34814453125
12/9/19,7522.39,7434.12109375
12/10/19,7337.42,7494.86474609375
12/11/19,7220.76,7400.4580078125
12/12/19,7202.31,7394.3203125
12/13/19,7189.16,7256.69580078125
12/14/19,7251.87,7169.0224609375
12/15/19,7067.74,7161.998046875
12/16/19,7111.14,7122.5595703125
12/17/19,6879.54,7090.32666015625
12/18/19,6612.12,7046.642578125
12/19/19,7284.29,6951.01123046875
12/20/19,7150.86,6748.244140625
12/21/19,7190.17,6637.74755859375
12/22/19,7143.2,7129.46533203125
12/23/19,7514.41,7086.76318359375
12/24/19,7322.08,7081.3427734375
12/25/19,7250.69,7116.52880859375
12/26/19,7192.72,7508.56298828125
12/27/19,7194.4,7248.359375
12/28/19,7243.93,7243.0185546875
12/29/19,7301.07,7203.748046875
12/30/19,7385.36,7204.65185546875
12/31/19,7219.6,7228.43115234375
1/1/20,7168.31,7274.62109375
1/2/20,7175.68,7273.130859375
1/3/20,6944.33,7212.8896484375
1/4/20,7326.35,7074.205078125
1/5/20,7347.89,7051.392578125
1/6/20,7351.57,7054.81689453125
1/7/20,7759.24,7489.81640625
1/8/20,8165.47,7447.0322265625
1/9/20,8042.65,7463.56494140625
1/10/20,7817.92,7913.66259765625
1/11/20,8184.66,8045.3349609375
1/12/20,8021.49,7935.33544921875
1/13/20,8173.97,7821.98583984375
1/14/20,8105.24,8029.35107421875
1/15/20,8842.42,8046.79638671875
1/16/20,8813.89,8118.765625
1/17/20,8722.03,8359.05078125
1/18/20,8900.34,8762.330078125
1/19/20,8910.85,8770.6875
1/20/20,8703.36,8709.0517578125
1/21/20,8626.47,8895.21875
1/22/20,8722.26,8825.1279296875
1/23/20,8658.94,8587.8740234375
1/24/20,8388.11,8564.0419921875
1/25/20,8428.17,8625.1591796875
1/26/20,8327.36,8608.375
1/27/20,8588.42,8356.802734375
1/28/20,8895.78,8443.5966796875
1/29/20,9385.69,8505.60546875
1/30/20,9279.81,8937.4443359375
1/31/20,9502.37,9119.8857421875
2/1/20,9333.77,9338.2314453125
2/2/20,9378.09,9298.666015625
2/3/20,9314.56,9475.8916015625
2/4/20,9162.14,9245.640625
2/5/20,9162.14,9427.75390625
2/6/20,9614.9,9217.361328125
2/7/20,9755.66,9223.2890625
2/8/20,9807.54,9443.8271484375
2/9/20,9907.12,9871.1181640625
2/10/20,10162.41,9731.3056640625
2/11/20,9854.79,9580.341796875
2/12/20,10275.38,9883.4501953125
2/13/20,10354.3,9983.3349609375
2/14/20,10242.43,9969.2861328125
2/15/20,10368.53,10251.3134765625
2/16/20,9904.17,10246.87890625
2/17/20,9937.67,10093.1689453125
2/18/20,9703.93,10333.12109375
2/19/20,10180.65,10085.443359375
2/20/20,9604.72,9929.05859375
2/21/20,9606.86,9809.3564453125
2/22/20,9696.58,10205.927734375
2/23/20,9669.63,9616.181640625
2/24/20,9989.39,9544.8212890625
2/25/20,9663.75,9596.62109375
2/26/20,9309.15,9485.80078125
2/27/20,8785.52,9703.501953125
2/28/20,8804.72,9234.859375
2/29/20,8712.35,8929.8701171875
3/1/20,8534.17,8733.828125
3/2/20,8912.82,8769.412109375
3/3/20,8912.82,8594.1171875
3/4/20,8754.34,8495.69140625
3/5/20,8758.9,8739.181640625
3/6/20,9067.39,8831.0458984375
3/7/20,9155.89,8715.330078125
3/8/20,8898.63,8601.56640625
3/9/20,8039.38,8708.291015625
3/10/20,7931.94,8762.3720703125
3/11/20,7885.46,8405.296875
3/12/20,7936.65,6946.68310546875
3/13/20,4830.21,7130.5791015625
3/14/20,5609.03,7191.853515625
3/15/20,5166.26,6934.2412109375
3/16/20,5348.44,5081.31689453125
3/17/20,5026.35,5372.2763671875
3/18/20,5357.61,5139.794921875
3/19/20,5410.23,5163.14404296875
3/20/20,6195.2,5122.638671875
3/21/20,6226.44,5637.15576171875
3/22/20,6189.85,5589.1533203125
3/23/20,5822.62,6002.77001953125
3/24/20,6502.16,6108.14453125
3/25/20,6768.49,6023.50732421875
3/26/20,6698.46,6102.34765625
3/27/20,6763.75,6569.7216796875
3/28/20,6369.09,6691.140625
3/29/20,6260.95,6415.72021484375
3/30/20,5885.41,6646.873046875
3/31/20,6405.29,6299.26171875
4/1/20,6428.28,6067.60009765625
4/2/20,6652.87,6098.61328125
4/3/20,6809.11,6560.6005859375
4/4/20,6741.67,6572.0654296875
4/5/20,6871.69,6733.10546875
4/6/20,6777.44,6682.44384765625
4/7/20,7343.2,6734.63134765625
4/8/20,7205.55,6846.78955078125
4/9/20,7365.03,6925.5068359375
4/10/20,7293.69,7335.96533203125
4/11/20,6873.24,7115.02880859375
4/12/20,6891.6,7284.63330078125
4/13/20,6915.37,7095.49072265625
4/14/20,6857.66,6867.35107421875
4/15/20,6871.95,6801.01513671875
4/16/20,6623.8,6945.90087890625
4/17/20,7112.27,6762.6689453125
4/18/20,7034.89,6734.9619140625
4/19/20,7259.36,6730.126953125
4/20/20,7130.04,7039.68896484375
4/21/20,6840.24,6999.85205078125
4/22/20,6852.52,7283.111328125
4/23/20,7130.99,7258.55322265625
4/24/20,7477.6,6864.02587890625
4/25/20,7507.08,7071.58056640625
4/26/20,7549.52,7385.76416015625
4/27/20,7699.27,7621.9541015625
4/28/20,7790.66,7576.55078125
4/29/20,7765.33,7592.53857421875
4/30/20,8777.63,7731.8115234375
5/1/20,8628.77,7940.3564453125
5/2/20,8824.66,8085.296875
5/3/20,8973.82,8716.611328125
5/4/20,8903.95,8627.4443359375
5/5/20,8885.93,8884.7265625
5/6/20,9030.96,8884.69921875
5/7/20,9170.79,8965.3681640625
5/8/20,10002.48,9011.3076171875
5/9/20,9821.8,9062.0791015625
5/10/20,9527.39,9198.2373046875
5/11/20,8754.46,9776.044921875
5/12/20,8617.25,9431.37890625
5/13/20,8814.53,9351.1826171875
5/14/20,9305.93,8718.330078125
5/15/20,9790.31,8596.84765625
5/16/20,9303.59,8995.6025390625
5/17/20,9385.7,9364.0966796875
5/18/20,9669.4,9622.6884765625
5/19/20,9719.37,9331.412109375
5/20/20,9785.74,9470.1796875
5/21/20,9510.67,9575.8564453125
5/22/20,9057.57,9528.8203125
5/23/20,9167.26,9611.361328125
5/24/20,9178.32,9193.208984375
5/25/20,8730.73,8954.1279296875
5/26/20,8899.66,9119.05078125
5/27/20,8842.85,9215.35546875
5/28/20,9197.54,8761.2861328125
5/29/20,9569.21,8925.7119140625
5/30/20,9425.98,9096.2333984375
5/31/20,9698.1,9346.388671875
6/1/20,9450.84,9324.93359375
6/2/20,10204.23,9461.8994140625
6/3/20,9525.57,9483.2509765625
6/4/20,9658.04,9389.3408203125
6/5/20,9794.56,10127.560546875
6/6/20,9623.75,9575.6025390625
6/7/20,9670.43,9653.392578125
6/8/20,9753.85,9786.6494140625
6/9/20,9782.59,9629.4462890625
6/10/20,9775.15,9726.857421875
6/11/20,9892.13,9660.9677734375
6/12/20,9286.42,9664.3271484375
6/13/20,9459.97,9692.99609375
6/14/20,9473.5,9738.54296875
6/15/20,9330.07,9342.6533203125
6/16/20,9426.7,9422.416015625
6/17/20,9526.0,9482.5
6/18/20,9454.81,9339.734375
6/19/20,9380.03,9420.7021484375
6/20/20,9300.15,9505.1953125
6/21/20,9357.43,9378.9521484375
6/22/20,9284.78,9360.7216796875
6/23/20,9691.9,9243.4755859375
6/24/20,9621.49,9287.38671875
6/25/20,9276.58,9269.505859375
6/26/20,9240.85,9644.0107421875
6/27/20,9154.45,9390.6025390625
6/28/20,9004.23,9167.0712890625
6/29/20,9127.47,9202.0146484375
6/30/20,9185.35,9131.7158203125
7/1/20,9133.97,9033.025390625
7/2/20,9236.38,9120.3759765625
7/3/20,9087.98,9180.79296875
7/4/20,9072.42,9126.869140625
7/5/20,9131.31,9233.0
7/6/20,9089.09,9082.291015625
7/7/20,9348.91,9041.7587890625
7/8/20,9256.23,9130.94921875
7/9/20,9440.07,9126.130859375
7/10/20,9238.04,9287.20703125
7/11/20,9287.4,9312.6787109375
7/12/20,9235.96,9435.904296875
7/13/20,9295.9,9261.482421875
7/14/20,9238.13,9276.1865234375
7/15/20,9254.52,9234.6025390625
7/16/20,9193.51,9267.9833984375
7/17/20,9131.0,9194.466796875
7/18/20,9154.19,9231.0986328125
7/19/20,9174.71,9181.91796875
7/20/20,9214.66,9130.90234375
7/21/20,9163.87,9128.8134765625
7/22/20,9392.66,9185.62890625
7/23/20,9537.4,9202.00390625
7/24/20,9613.11,9274.0
7/25/20,9551.28,9528.185546875
7/26/20,9707.5,9639.599609375
7/27/20,9938.83,9712.7060546875
7/28/20,11042.4,9733.3671875
7/29/20,10934.94,10092.4853515625
7/30/20,11102.67,10498.072265625
7/31/20,11114.93,11029.4716796875
8/1/20,11343.88,11040.767578125
8/2/20,11823.69,11074.79296875
8/3/20,11077.77,11058.765625
8/4/20,11242.57,11308.2041015625
8/5/20,11194.25,11924.7978515625
8/6/20,11750.28,11042.96875
8/7/20,11772.94,11233.9248046875
8/8/20,11605.6,11274.9970703125
8/9/20,11767.6,11658.984375
8/10/20,11684.06,11676.291015625
8/11/20,11893.03,11565.4384765625
8/12/20,11392.43,11688.966796875
8/13/20,11573.11,11690.7578125
8/14/20,11777.43,11998.341796875
8/15/20,11774.38,11417.9228515625
8/16/20,11873.98,11741.509765625
8/17/20,11914.01,11903.419921875
8/18/20,12293.72,11743.970703125
8/19/20,11969.53,11803.435546875
8/20/20,11734.0,11908.6875
8/21/20,11865.82,12189.494140625
8/22/20,11522.8,11852.6474609375
8/23/20,11683.44,11705.5205078125
8/24/20,11653.02,11906.794921875
8/25/20,11763.93,11501.9560546875
8/26/20,11337.4,11611.3525390625
8/27/20,11467.37,11566.9052734375
8/28/20,11302.01,11735.9189453125
8/29/20,11534.75,11354.916015625
8/30/20,11481.64,11354.7607421875
8/31/20,11707.78,11364.62109375
9/1/20,11659.57,11605.23828125
9/2/20,11923.25,11521.8974609375
9/3/20,11397.44,11368.6669921875
9/4/20,10187.51,11179.4775390625
9/5/20,10467.89,11429.0146484375
9/6/20,10159.62,10792.71875
9/7/20,10254.93,10272.30859375
9/8/20,10367.74,10495.77734375
9/9/20,10121.52,10190.42578125
9/10/20,10227.83,10233.271484375
9/11/20,10352.66,10400.955078125
9/12/20,10395.44,10158.0126953125
9/13/20,10446.44,10297.435546875
9/14/20,10330.77,10277.8642578125
9/15/20,10674.64,10365.783203125
9/16/20,10785.62,10424.8564453125
9/17/20,10948.43,10516.5400390625
9/18/20,10943.89,10849.3232421875
9/19/20,10931.79,10889.9306640625
9/20/20,11081.43,10904.7001953125
9/21/20,10919.65,10814.3740234375
9/22/20,10430.46,10817.005859375
9/23/20,10532.22,10880.677734375
9/24/20,10234.48,10837.4951171875
9/25/20,10732.43,10351.474609375
9/26/20,10692.84,10387.5810546875
9/27/20,10732.4,10345.1474609375
9/28/20,10774.24,10707.91015625
9/29/20,10692.33,10660.6865234375
9/30/20,10840.8,10698.462890625
10/1/20,10777.92,10732.119140625
10/2/20,10619.24,10667.611328125
10/3/20,10575.06,10795.607421875
10/4/20,10551.77,10721.365234375
10/5/20,10673.46,10630.4326171875
10/6/20,10788.56,10541.0107421875
10/7/20,10603.74,10543.0146484375
10/8/20,10670.8,10599.5390625
10/9/20,10923.3,10661.3818359375
10/10/20,11063.19,10648.1298828125
10/11/20,11302.67,10863.177734375
10/12/20,11376.61,11206.279296875
10/13/20,11540.04,11227.4990234375
10/14/20,11428.24,11379.2685546875
10/15/20,11431.32,11409.5830078125
10/16/20,11503.73,11555.490234375
10/17/20,11327.57,11395.9150390625
10/18/20,11366.51,11429.8125
10/19/20,11508.2,11418.9619140625
10/20/20,11758.16,11336.4404296875
10/21/20,11925.46,11586.1806640625
10/22/20,12831.56,11812.0205078125
10/23/20,12990.25,12122.427734375
10/24/20,12944.52,12438.2548828125
10/25/20,13128.46,12929.1572265625
10/26/20,13036.77,12960.615234375
10/27/20,13076.37,12985.5087890625
10/28/20,13651.47,12980.630859375
10/29/20,13289.0,12895.375
10/30/20,13458.66,13143.052734375
10/31/20,13564.72,13263.611328125
11/1/20,13810.32,13331.0341796875
11/2/20,13758.88,13501.50390625
11/3/20,13575.17,13534.9296875
11/4/20,14023.31,13678.2900390625
11/5/20,14155.59,13749.837890625
11/6/20,15591.39,13809.419921875
11/7/20,15595.77,14178.8720703125
11/8/20,14839.84,14582.703125
11/9/20,15490.6,15217.7001953125
11/10/20,15328.53,15576.625
11/11/20,15317.04,14981.134765625
11/12/20,15708.65,15411.373046875
11/13/20,16295.57,15415.05859375
11/14/20,16339.33,15514.490234375
11/15/20,16091.07,15940.44140625
11/16/20,15968.16,16054.208984375
11/17/20,16725.15,16205.2021484375
11/18/20,17679.72,16151.9951171875
11/19/20,17798.45,16498.615234375
11/20/20,17820.57,17438.998046875
11/21/20,18687.45,18025.6875
11/22/20,18699.75,17807.392578125
11/23/20,18422.28,17993.064453125
11/24/20,18398.91,18355.8671875
11/25/20,19172.52,18716.12890625
11/26/20,18739.8,18069.904296875
11/27/20,17151.44,18039.89453125
11/28/20,17138.87,18996.29296875
11/29/20,17732.42,18436.576171875
11/30/20,18191.6,17132.75
12/1/20,19709.73,17210.18359375
12/2/20,18792.52,18041.748046875
12/3/20,19226.97,18606.703125
12/4/20,19454.54,19369.314453125
12/5/20,18670.49,18901.0859375
12/6/20,19155.06,19178.916015625
12/7/20,19377.66,19474.796875
12/8/20,19181.41,18650.064453125
12/9/20,18318.87,19072.841796875
12/10/20,18554.15,19094.23828125
12/11/20,18247.76,18675.73828125
12/12/20,18029.36,18328.861328125
12/13/20,18803.44,18395.21484375
12/14/20,19164.48,18173.056640625
12/15/20,19276.59,18449.84765625
12/16/20,19439.75,19218.1171875
12/17/20,21379.48,19601.951171875
12/18/20,22847.46,19991.296875
12/19/20,23150.79,20854.49609375
12/20/20,23869.92,22698.404296875
12/21/20,23490.58,22988.599609375
12/22/20,22745.48,23134.6875
12/23/20,23824.99,23846.73046875
12/24/20,23253.37,23319.775390625
12/25/20,23715.53,22924.109375
12/26/20,24693.58,23650.5234375
12/27/20,26443.21,23558.771484375
12/28/20,26246.58,24731.30859375
12/29/20,27036.69,25905.228515625
12/30/20,27376.37,27285.69140625
12/31/20,28856.59,26879.97265625
1/1/21,28982.56,27973.37890625
1/2/21,29393.75,28049.7265625
1/3/21,32195.46,29953.673828125
1/4/21,33000.78,29251.150390625
1/5/21,32035.03,30817.021484375
1/6/21,34046.67,32873.92578125
1/7/21,36860.41,32958.45703125
1/8/21,39486.04,33636.1640625
1/9/21,40670.25,36815.9609375
1/10/21,40240.72,38230.4765625
1/11/21,38240.09,39034.97265625
1/12/21,35544.94,38510.0078125
1/13/21,34011.82,39400.67578125
1/14/21,37393.13,37725.375
1/15/21,39158.47,34530.73828125
1/16/21,36828.52,33731.85546875
1/17/21,36065.2,37446.36328125
1/18/21,35793.01,39025.609375
1/19/21,36632.35,36160.91015625
1/20/21,36020.13,35918.5234375
1/21/21,35538.98,34404.8125
1/22/21,30797.88,35749.0859375
1/23/21,33002.38,34515.375
1/24/21,32099.74,34418.078125
1/25/21,32276.84,31235.775390625
1/26/21,32243.26,32335.6953125
1/27/21,32541.8,31540.654296875
1/28/21,30419.17,31756.080078125
1/29/21,33403.17,31804.9453125
1/30/21,34314.26,31469.447265625
1/31/21,34318.1,30932.91015625
2/1/21,33136.46,33595.1015625
2/2/21,33522.9,34593.7578125
2/3/21,35529.66,33677.80078125
2/4/21,37676.25,33541.8359375
2/5/21,37002.09,35100.328125
2/6/21,38278.61,37007.390625
2/7/21,39323.26,37606.34765625
2/8/21,38928.1,37405.49609375
2/9/21,46364.3,38798.6171875
2/10/21,46589.58,38871.83203125
2/11/21,44878.17,42095.5234375
2/12/21,48013.38,45611.2265625
2/13/21,47471.4,45606.0234375
2/14/21,47185.19,45533.77734375
2/15/21,48720.37,47216.2109375
2/16/21,47951.85,47256.71484375
2/17/21,49160.1,47492.15234375
2/18/21,52118.23,48741.7578125
2/19/21,51608.15,49057.7578125
2/20/21,55916.5,51187.78515625
2/21/21,56001.2,53523.86328125
2/22/21,57487.86,52466.27734375
2/23/21,54123.4,54865.0078125
2/24/21,48880.43,53802.23046875
2/25/21,50624.84,54781.9453125
2/26/21,46800.42,50695.9609375
2/27/21,46340.31,47777.91015625
2/28/21,46155.87,49158.1171875
3/1/21,45113.92,46862.21875
3/2/21,49618.43,45344.36328125
3/3/21,48356.04,45812.015625
3/4/21,50477.7,46159.65234375
3/5/21,48448.91,48857.3515625
3/6/21,48861.38,48725.14453125
3/7/21,48881.59,49278.640625
3/8/21,51169.7,48359.73046875
3/9/21,52299.33,50215.78515625
3/10/21,54881.52,50591.09765625
3/11/21,55997.23,53573.9296875
3/12/21,57764.0,54135.76953125
3/13/21,57253.28,56557.88671875
3/14/21,61258.73,56480.2734375
3/15/21,59133.47,57002.4140625
3/16/21,55754.72,57172.7734375
3/17/21,56872.38,61441.11328125
3/18/21,58913.0,58015.54296875
3/19/21,57665.9,55623.9609375
3/20/21,58075.1,57445.6640625
3/21/21,58085.8,58642.6328125
3/22/21,57411.17,56353.265625
3/23/21,54204.96,56672.75
3/24/21,54477.46,56471.02734375
3/25/21,52508.23,55252.16796875
3/26/21,51415.92,53837.41796875
3/27/21,55074.47,55584.765625
3/28/21,55863.93,52156.07421875
3/29/21,55783.71,52895.5390625
3/30/21,57627.67,56945.1796875
3/31/21,58730.13,56571.27734375
4/1/21,58735.25,56839.34375
4/2/21,58736.92,58462.02734375
4/3/21,59031.32,58566.1875
4/4/21,57076.49,58396.296875
4/5/21,58206.55,58831.87109375
4/6/21,59054.1,59021.11328125
4/7/21,58020.46,56898.19140625
4/8/21,55947.27,58126.4921875
4/9/21,58048.59,58880.95703125
4/10/21,58102.58,57363.83203125
4/11/21,59774.0,56712.84765625
4/12/21,59964.87,59051.29296875
4/13/21,59834.74,58827.21484375
4/14/21,63554.44,60038.59375
4/15/21,62969.12,59910.265625
4/16/21,63252.63,60478.75
4/17/21,61455.98,63533.484375
4/18/21,60087.09,60616.75390625
4/19/21,56251.48,60638.3203125
4/20/21,55703.14,59375.1875
4/21/21,56507.91,57347.140625
4/22/21,53808.8,54068.17578125
4/23/21,51731.71,53946.86328125
4/24/21,51153.13,54374.0703125
4/25/21,50110.53,51636.5859375
4/26/21,49075.58,52090.921875
4/27/21,54056.64,50009.74609375
4/28/21,55071.46,50027.0625
4/29/21,54884.1,50239.26953125
4/30/21,53584.15,53202.55078125
5/1/21,57796.62,53949.890625
5/2/21,57857.5,54358.5703125
5/3/21,56610.46,54236.37109375
5/4/21,57213.33,57494.5078125
5/5/21,53241.72,57266.17578125
5/6/21,57473.23,56617.41796875
5/7/21,56428.16,56730.98046875
5/8/21,57380.27,54363.05078125
5/9/21,58928.81,56935.828125
5/10/21,58280.73,56472.01953125
5/11/21,55883.5,57414.125
5/12/21,56750.0,56121.41015625
5/13/21,49007.09,55437.36328125
5/14/21,49702.27,53917.03125
5/15/21,49922.52,53430.7109375
5/16/21,46736.58,47555.8984375
5/17/21,46441.64,47973.03515625
5/18/21,43596.24,47669.1015625
5/19/21,42912.19,43208.7578125
5/20/21,36964.27,44781.6171875
5/21/21,40784.32,41612.48046875
5/22/21,37280.35,41370.3984375
5/23/21,37528.3,36949.1484375
5/24/21,34754.54,40336.71484375
5/25/21,38728.59,36495.65625
5/26/21,38410.5,36176.72265625
5/27/21,39266.04,35159.13671875
5/28/21,38445.29,38571.5078125
5/29/21,35689.62,37076.69140625
5/30/21,34647.67,38252.47265625
5/31/21,35684.59,37636.94921875
6/1/21,37310.54,35537.1875
6/2/21,36662.64,35196.92578125
6/3/21,37585.24,36607.328125
6/4/21,39188.59,36511.96484375
6/5/21,36885.51,36357.2890625
6/6/21,35530.38,37237.49609375
6/7/21,35816.17,38025.8046875
6/8/21,33514.87,35029.04296875
6/9/21,33450.19,35892.546875
6/10/21,37338.36,35710.69921875
6/11/21,36704.57,32845.3125
6/12/21,37313.18,34316.75
6/13/21,35494.9,35320.44921875
6/14/21,39066.82,36099.06640625
6/15/21,40525.8,36635.19140625
6/16/21,40188.56,36099.4765625
6/17/21,38324.87,39221.21484375
6/18/21,38068.04,39403.51953125
6/19/21,35729.82,38537.7265625
6/20/21,35524.17,36934.34765625
6/21/21,35592.35,35532.5390625
6/22/21,31686.55,34288.484375
6/23/21,32447.59,34827.4296875
6/24/21,33674.66,34819.51953125
6/25/21,34639.38,32181.302734375
6/26/21,31640.58,32263.60546875
6/27/21,32160.91,33526.4296875
6/28/21,34644.45,34649.19140625
6/29/21,34456.67,31705.69140625
6/30/21,35847.7,33263.6015625
7/1/21,35047.36,34391.453125
7/2/21,33536.88,34330.91015625
7/3/21,33856.86,35910.40234375
7/4/21,34688.98,34908.96484375
7/5/21,35309.3,33737.62890625
7/6/21,33747.97,33934.328125
7/7/21,34211.01,34611.13671875
7/8/21,33839.04,34854.0390625
7/9/21,32877.41,33582.16015625
7/10/21,33818.52,34102.83203125
7/11/21,33515.57,33710.44140625
7/12/21,34227.64,33182.640625
7/13/21,33158.25,33644.63671875
7/14/21,32686.56,33365.91015625
7/15/21,32814.61,33611.390625
7/16/21,31738.59,32326.82421875
7/17/21,31421.25,32202.16796875
7/18/21,31520.66,32410.3828125
7/19/21,31783.49,31238.279296875
7/20/21,30815.94,30792.017578125
7/21/21,29790.24,31445.91796875
7/22/21,32118.06,31941.091796875
7/23/21,32297.89,30290.82421875
7/24/21,33581.63,30767.998046875
7/25/21,34279.34,33598.2421875
7/26/21,35365.2,33246.15625
7/27/21,37318.14,35518.078125
7/28/21,39405.95,36115.7578125
7/29/21,40002.53,37145.71484375
7/30/21,40005.93,39079.53515625
7/31/21,42214.15,40176.6953125
8/1/21,41659.06,39857.25390625
8/2/21,40000.46,39967.8359375
8/3/21,39193.94,41492.6640625
8/4/21,38138.0,40985.765625
8/5/21,39750.14,39814.359375
8/6/21,40882.0,38741.2109375
8/7/21,42825.95,39207.83984375
8/8/21,44634.13,41393.859375
8/9/21,43816.14,42342.4453125
8/10/21,46333.46,43877.578125
8/11/21,45608.37,44126.2265625
8/12/21,45611.46,43736.57421875
8/13/21,44417.78,44677.29296875
8/14/21,47833.98,44974.76953125
8/15/21,47112.19,45049.0234375
8/16/21,47056.41,44542.5
8/17/21,45982.55,47796.94140625
8/18/21,44648.57,45959.5546875
8/19/21,44777.86,46781.8359375
8/20/21,46734.65,46259.73828125
8/21/21,49327.75,44739.375
8/22/21,48932.02,46297.9921875
8/23/21,49335.68,48382.875
8/24/21,49523.5,49076.25390625
8/25/21,47744.58,48737.77734375
8/26/21,48972.09,49201.80078125
8/27/21,46962.8,49542.09375
8/28/21,49056.86,47828.8125
8/29/21,48897.65,48152.859375
8/30/21,48806.78,47365.12890625
8/31/21,47074.77,48995.12890625
9/1/21,47155.87,48782.95703125
9/2/21,48862.76,49177.875
9/3/21,49329.01,46709.296875
9/4/21,50035.33,48178.98046875
9/5/21,49947.38,49835.29296875
9/6/21,51769.06,50155.9375
9/7/21,52677.4,49010.1875
9/8/21,46809.17,48642.9453125
9/9/21,46078.38,0.0
9/10/21,46368.69,0.0
