,Date,USD,pred,Increase
0,9/11/16,621.65,627.8665,
1,9/12/16,609.67,603.5732999999999,-0.019271294136572
2,9/13/16,610.92,613.9745999999999,0.002050289500878
3,9/14/16,608.82,608.82,-0.003437438617167
4,9/15/16,610.38,616.4838,0.002562333694688
5,9/16/16,609.11,603.0189,-0.002080671057374
6,9/17/16,607.04,616.1456,-0.003398400945642
7,9/18/16,611.58,611.58,0.007478914074855
8,9/19/16,610.19,610.19,-0.002272801595866
9,9/20/16,608.66,605.6166999999999,-0.002507415722972
10,9/21/16,598.88,592.8912,-0.016068083987776
11,9/22/16,597.42,606.3812999999999,-0.002437884050227
12,9/23/16,594.08,594.08,-0.0055907067055
13,9/24/16,603.88,603.88,0.016496094802047
14,9/25/16,601.74,610.7660999999999,-0.00354375041399
15,9/26/16,598.98,601.9748999999999,-0.004586698574135
16,9/27/16,605.96,605.96,0.011653143677585
17,9/28/16,605.67,614.7550499999999,-0.000478579444188
18,9/29/16,603.85,603.85,-0.003004936681691
19,9/30/16,609.39,603.2961,0.009174463856918
20,10/1/16,614.82,605.5977,0.008910549894157
21,10/2/16,612.98,612.98,-0.002992745844312
22,10/3/16,611.85,617.9685000000001,-0.001843453293745
23,10/4/16,609.62,603.5238,-0.003644684154613
24,10/5/16,607.18,607.18,-0.004002493356517
25,10/6/16,612.08,605.9592,0.008070094535393
26,10/7/16,617.21,611.0379,0.00838125735198
27,10/8/16,614.74,608.5926,-0.004001879425155
28,10/9/16,615.65,615.65,0.001480300614894
29,10/10/16,617.54,611.3646,0.003069926094372
30,10/11/16,614.77,611.69615,-0.004485539398258
31,10/12/16,635.01,644.5351499999999,0.032922881728126
32,10/13/16,635.96,626.4206,0.00149603943245
33,10/14/16,634.02,627.6798,-0.003050506321152
34,10/15/16,637.94,631.5606,0.006182770259613
35,10/16/16,641.42,638.2129,0.005455058469448
36,10/17/16,638.97,635.77515,-0.003819650151227
37,10/18/16,636.29,633.1085499999999,-0.004194250121289
38,10/19/16,629.25,632.3962499999999,-0.011064137421616
39,10/20/16,627.72,627.72,-0.002431466030989
40,10/21/16,631.92,631.92,0.006690881284649
41,10/22/16,655.48,652.2026,0.037283200405115
42,10/23/16,653.25,649.98375,-0.003402087020199
43,10/24/16,651.39,648.13305,-0.00284730195178
44,10/25/16,655.31,665.1396499999998,0.006017900182686
45,10/26/16,651.45,654.7072499999999,-0.005890341975553
46,10/27/16,682.22,692.4533,0.047233095402564
47,10/28/16,687.68,691.1183999999998,0.008003283398317
48,10/29/16,685.91,685.91,-0.002573871568171
49,10/30/16,698.0,701.4899999999999,0.017626219183275
50,10/31/16,702.0,702.0,0.005730659025788
51,11/1/16,697.01,700.4950499999999,-0.007108262108262
52,11/2/16,733.33,744.3299499999999,0.052108291129252
53,11/3/16,686.17,686.17,-0.064309383224469
54,11/4/16,683.69,680.27155,-0.003614264686594
55,11/5/16,704.79,708.3139499999999,0.030861940353084
56,11/6/16,712.0,719.12,0.010229997587934
57,11/7/16,709.96,702.8604,-0.002865168539326
58,11/8/16,708.97,719.6045499999999,-0.001394444757451
59,11/9/16,720.93,720.93,0.016869543140048
60,11/10/16,721.5,725.1075,0.000790645416337
61,11/11/16,715.45,708.2955000000001,-0.008385308385308
62,11/12/16,703.71,703.71,-0.016409252917744
63,11/13/16,702.28,702.28,-0.002032087081326
64,11/14/16,706.46,695.8631,0.005952041920602
65,11/15/16,710.91,721.5736499999999,0.0062990119752
66,11/16/16,711.73,711.73,0.001153451210421
67,11/17/16,736.96,725.9056,0.035448835934975
68,11/18/16,747.52,754.9952,0.014329135909683
69,11/19/16,748.98,748.98,0.001953125
70,11/20/16,729.06,732.7052999999999,-0.026596170792278
71,11/21/16,738.53,734.83735,0.012989328724659
72,11/22/16,736.97,736.97,-0.002112304171801
73,11/23/16,741.63,749.0463,0.006323188189479
74,11/24/16,737.45,733.7627500000001,-0.005636233701441
75,11/25/16,735.64,731.9618,-0.002454403688386
76,11/26/16,733.67,726.3333,-0.002677940296884
77,11/27/16,727.96,717.0406,-0.007782790627939
78,11/28/16,727.31,716.4003499999999,-0.000892906203638
79,11/29/16,732.71,725.3829000000001,0.007424619488251
80,11/30/16,742.69,742.69,0.013620668477297
81,12/1/16,742.05,745.7602499999999,-0.000861732351318
82,12/2/16,772.43,784.0164499999998,0.040940637423354
83,12/3/16,764.33,775.79495,-0.010486387115985
84,12/4/16,762.97,762.97,-0.001779336150616
85,12/5/16,754.63,754.63,-0.010930967141565
86,12/6/16,756.62,756.62,0.002637053920464
87,12/7/16,758.99,751.4001,0.003132351774999
88,12/8/16,769.72,758.1742,0.014137208658876
89,12/9/16,770.02,777.7202,0.000389752117653
90,12/10/16,769.08,761.3892000000001,-0.001220747513052
91,12/11/16,777.0,773.115,0.010298018411609
92,12/12/16,777.0,773.115,0.0
93,12/13/16,777.99,777.99,0.001274131274131
94,12/14/16,774.89,782.6389,-0.003984627051762
95,12/15/16,776.75,765.09875,0.002400340693518
96,12/16/16,775.88,764.2418,-0.001120051496621
97,12/17/16,788.7,784.7565000000001,0.016523173686653
98,12/18/16,788.4,792.3419999999999,-0.00038037276531
99,12/19/16,788.67,788.67,0.000342465753425
100,12/20/16,793.09,781.19365,0.005604371917279
101,12/21/16,824.21,820.0889500000001,0.039238926225271
102,12/22/16,834.97,843.3197,0.01305492532243
103,12/23/16,901.31,910.3231,0.079451956357713
104,12/24/16,891.61,882.6939,-0.010762112924521
105,12/25/16,892.6,892.6,0.00111035093819
106,12/26/16,897.33,892.84335,0.005299126148331
107,12/27/16,930.37,930.37,0.036820344800687
108,12/28/16,930.34,925.6883,-3.22452357663862e-05
109,12/29/16,963.38,968.1968999999999,0.035513898144764
110,12/30/16,952.15,952.15,-0.011656874753472
111,12/31/16,958.12,958.12,0.006270020479966
112,1/1/17,997.72,997.72,0.041330939757024
113,1/2/17,1015.97,1010.8901500000001,0.0182917050876
114,1/3/17,1013.42,998.2186999999999,-0.002509916631397
115,1/4/17,1126.76,1143.6614,0.111839119022715
116,1/5/17,994.67,984.7233,-0.117229933614967
117,1/6/17,999.65,999.65,0.005006685634432
118,1/7/17,896.83,896.83,-0.10285599959986
119,1/8/17,908.14,917.2214,0.012611085713011
120,1/9/17,910.49,919.5949,0.002587706741251
121,1/10/17,906.05,901.5197499999999,-0.004876495074081
122,1/11/17,785.22,789.1460999999999,-0.133359086143149
123,1/12/17,780.92,784.8245999999999,-0.005476172282927
124,1/13/17,826.29,830.4214499999998,0.058098140654613
125,1/14/17,817.91,809.7308999999999,-0.010141717798836
126,1/15/17,819.55,815.4522499999999,0.002005110586739
127,1/16/17,830.5,830.5,0.013360990787628
128,1/17/17,903.84,890.2824,0.088308248043347
129,1/18/17,906.6,893.001,0.003053637812002
130,1/19/17,895.798875,886.8408862499999,-0.011913881535407
131,1/20/17,893.6210875,902.5572983750001,-0.002431112117661
132,1/21/17,895.64,909.0745999999999,0.002259248945935
133,1/22/17,918.603625,904.824570625,0.02563934728239
134,1/23/17,922.0736125,935.9047166874999,0.003777458966592
135,1/24/17,919.97,929.1697,-0.002281393233124
136,1/25/17,893.045625,888.580396875,-0.029266579344979
137,1/26/17,915.95625,925.1158125,0.025654484338356
138,1/27/17,915.05,915.05,-0.000989403151078
139,1/28/17,920.31225,924.9138112499999,0.005750778645976
140,1/29/17,915.933,902.194005,-0.004758439323175
141,1/30/17,912.19,912.19,-0.004086543448047
142,1/31/17,964.706075,969.529605375,0.057571421524025
143,2/1/17,979.703875,989.50091375,0.01554649689544
144,2/2/17,983.42,998.1712999999999,0.003793110443704
145,2/3/17,1013.027,1028.222405,0.030106160135039
146,2/4/17,1030.999413,1041.30940713,0.017741297122387
147,2/5/17,1034.07,1034.07,0.00297826260741
148,2/6/17,1024.01375,1029.13381875,-0.009724921910509
149,2/7/17,1050.11,1065.8616499999998,0.025484276944523
150,2/8/17,1052.84,1063.3683999999998,0.00259972764758
151,2/9/17,976.103,976.103,-0.072885718627712
152,2/10/17,999.1035,994.1079825,0.023563599333267
153,2/11/17,997.59,992.6020500000001,-0.00151485807026
154,2/12/17,1000.604625,990.59857875,0.003021907797793
155,2/13/17,999.877375,989.87860125,-0.00072681055217
156,2/14/17,1001.2,1006.2059999999999,0.001322787206781
157,2/15/17,1012.325988,1012.325988,0.01111265281662
158,2/16/17,1035.208125,1050.736246875,0.022603526207212
159,2/17/17,1035.2,1035.2,-7.84866328214306e-06
160,2/18/17,1056.637138,1056.637138,0.020708209041731
161,2/19/17,1052.779286,1052.779286,-0.003651066067299
162,2/20/17,1050.87,1066.6330499999997,-0.001813567217165
163,2/21/17,1123.788429,1140.6452554349999,0.069388629421337
164,2/22/17,1123.223188,1111.99095612,-0.000502978127745
165,2/23/17,1130.01,1135.66005,0.006042264861077
166,2/24/17,1174.86625,1186.6149125,0.039695445173052
167,2/25/17,1150.605714,1162.11177114,-0.020649615222158
168,2/26/17,1150.37,1161.8736999999999,-0.000204860793869
169,2/27/17,1190.75195,1172.89067075,0.035103444978572
170,2/28/17,1187.565286,1187.565286,-0.002676177855514
171,3/1/17,1190.89,1202.7989,0.002799605242082
172,3/2/17,1259.410817,1246.81670883,0.05753748624978
173,3/3/17,1285.14,1285.14,0.020429539474092
174,3/4/17,1287.0,1287.0,0.001447313133199
175,3/5/17,1270.9333,1283.642633,-0.012483838383839
176,3/6/17,1275.197375,1268.8213881249999,0.003355073787114
177,3/7/17,1279.5,1279.5,0.003374085521467
178,3/8/17,1157.3933,1151.6063335,-0.09543313794451
179,3/9/17,1192.469143,1192.469143,0.030305897744527
180,3/10/17,1192.09,1209.9713499999998,-0.000317947849826
181,3/11/17,1179.159875,1167.36827625,-0.010846601347214
182,3/12/17,1227.494625,1227.494625,0.040990836802346
183,3/13/17,1227.68,1246.0952,0.000151018991224
184,3/14/17,1245.370786,1251.5976399299998,0.014409932555715
185,3/15/17,1257.399625,1257.399625,0.009658841475345
186,3/16/17,1257.0,1257.0,-0.000317818609179
187,3/17/17,1091.171888,1107.53946632,-0.131923716785998
188,3/18/17,952.2323625,961.754686125,-0.127330558116431
189,3/19/17,967.69,967.69,0.016233052045635
190,3/20/17,1049.084488,1038.59364312,0.084112151618804
191,3/21/17,1118.630043,1135.4094936449999,0.066291662678745
192,3/22/17,1113.0,1101.87,-0.005032980327348
193,3/23/17,1038.789,1033.595055,-0.066676549865229
194,3/24/17,941.9197143,941.9197143,-0.09325212887314
195,3/25/17,927.93,923.29035,-0.014852342601616
196,3/26/17,956.7863125,956.7863125,0.03109751004925
197,3/27/17,1037.22925,1052.78768875,0.084076179235685
198,3/28/17,1041.04,1051.4504,0.003673970821783
199,3/29/17,1040.5755,1040.5755,-0.000446188426958
200,3/30/17,1037.90455,1037.90455,-0.002566800775148
201,3/31/17,1034.74,1034.74,-0.003048979792988
202,4/1/17,1086.929571,1070.6256274349998,0.050437376539034
203,4/2/17,1099.169125,1093.673279375,0.011260668884682
204,4/3/17,1079.99,1085.38995,-0.017448747934946
205,4/4/17,1141.600363,1124.476357555,0.057047160621858
206,4/5/17,1133.079314,1133.079314,-0.007464126042854
207,4/6/17,1133.53,1127.8623499999999,0.000397753267959
208,4/7/17,1190.45425,1202.3587925,0.050218565013718
209,4/8/17,1181.149838,1175.24408881,-0.007815850126118
210,4/9/17,1184.03,1184.03,0.002438439144077
211,4/10/17,1207.744875,1189.6287018750002,0.020028947746257
212,4/11/17,1226.617038,1220.4839528100001,0.015625951631548
213,4/12/17,1219.09,1200.8036499999998,-0.006136420550845
214,4/13/17,1180.023713,1180.023713,-0.032045449474608
215,4/14/17,1185.260057,1197.11265757,0.004437490486261
216,4/15/17,1170.36,1158.6563999999998,-0.012571128936643
217,4/16/17,1186.927413,1186.927413,0.014155826412386
218,4/17/17,1205.634875,1205.634875,0.015761251947764
219,4/18/17,1176.97,1171.08515,-0.023775751344287
220,4/19/17,1217.930088,1217.930088,0.034801301647451
221,4/20/17,1241.686325,1223.061030125,0.019505419263441
222,4/21/17,1236.63,1236.63,-0.004072143582639
223,4/22/17,1261.311225,1261.311225,0.019958455641542
224,4/23/17,1257.988113,1245.40823187,-0.002634648716458
225,4/24/17,1240.84,1247.0441999999998,-0.013631379202071
226,4/25/17,1279.414688,1279.414688,0.031087560039973
227,4/26/17,1309.109875,1289.4732268750001,0.023209978186525
228,4/27/17,1288.02,1307.3402999999998,-0.016110087780065
229,4/28/17,1331.294429,1317.9814847100001,0.033597637459045
230,4/29/17,1334.979038,1334.979038,0.002767689039883
231,4/30/17,1333.0,1333.0,-0.001482448745387
232,5/1/17,1417.172813,1417.172813,0.063145396099025
233,5/2/17,1452.076288,1430.29514368,0.024628947634208
234,5/3/17,1447.55,1425.83675,-0.003117114463892
235,5/4/17,1508.292125,1493.20920375,0.041962022037235
236,5/5/17,1533.335071,1548.66842171,0.016603511736826
237,5/6/17,1518.75,1495.96875,-0.009511992046519
238,5/7/17,1535.868429,1558.906455435,0.011271393580247
239,5/8/17,1640.619225,1657.02541725,0.068202974956783
240,5/9/17,1651.1,1675.8664999999999,0.006388304391593
241,5/10/17,1762.88625,1745.2573875,0.06770410635334
242,5/11/17,1820.990563,1848.3054214449999,0.032959763002293
243,5/12/17,1829.0,1810.71,0.004398395665931
244,5/13/17,1771.920013,1789.63921313,-0.031208303444505
245,5/14/17,1776.3165,1767.4349175,0.002481199471615
246,5/15/17,1780.0,1780.0,0.002073673244605
247,5/16/17,1739.031975,1730.3368151250002,-0.023015744382023
248,5/17/17,1807.485063,1834.5973389449998,0.039362754097722
249,5/18/17,1783.98,1757.2203,-0.013004291698537
250,5/19/17,1961.520488,1971.3280904399996,0.099519326449848
251,5/20/17,2052.909788,2052.909788,0.046591050442294
252,5/21/17,2008.84,1988.7515999999998,-0.021466987130951
253,5/22/17,2090.662313,2090.662313,0.040731124927819
254,5/23/17,2287.710288,2322.02594232,0.094251459824349
255,5/24/17,2256.32,2256.32,-0.013721268888222
256,5/25/17,2387.206286,2423.0143802899997,0.058008742554248
257,5/26/17,2211.976857,2189.85708843,-0.073403555456288
258,5/27/17,2279.82,2314.0173,0.030670819536518
259,5/28/17,2192.9808,2192.9808,-0.038090375555965
260,5/29/17,2275.9307,2264.5510464999998,0.037825182965578
261,5/30/17,2290.02,2290.02,0.006190566347209
262,5/31/17,2285.933914,2308.79325314,-0.001784301447149
263,6/1/17,2399.242671,2399.242671,0.049567818345951
264,6/2/17,2409.93,2397.88035,0.004454459371359
265,6/3/17,2525.765158,2563.65163537,0.04806577701427
266,6/4/17,2516.173143,2516.173143,-0.003797667003846
267,6/5/17,2529.53,2529.53,0.005308401386112
268,6/6/17,2883.313697,2840.063991545,0.139861435523595
269,6/7/17,2664.920863,2664.920863,-0.075743695258421
270,6/8/17,2683.03,2683.03,0.006795375146568
271,6/9/17,2827.4913,2785.0789305000003,0.053842595871086
272,6/10/17,2845.372857,2845.372857,0.006324177549193
273,6/11/17,2898.63,2942.10945,0.018717105165666
274,6/12/17,2657.675063,2670.963438315,-0.083127179736634
275,6/13/17,2748.185086,2748.185086,0.034056090701258
276,6/14/17,2706.0,2678.94,-0.01535016189954
277,6/15/17,2442.48025,2466.9050525000002,-0.097383499630451
278,6/16/17,2464.959814,2501.9342112099994,0.009203580663549
279,6/17/17,2477.94,2477.94,0.005265881385277
280,6/18/17,2507.389252,2482.31535948,0.011884570247867
281,6/19/17,2617.210263,2643.38236563,0.043798947814904
282,6/20/17,2600.0,2561.0,-0.006575804490493
283,6/21/17,2671.04325,2671.04325,0.027324326923077
284,6/22/17,2727.288013,2713.651572935,0.021057226609865
285,6/23/17,2713.48,2699.9126,-0.005062909723572
286,6/24/17,2589.164888,2563.2732391199997,-0.045813903916742
287,6/25/17,2512.366286,2499.80445457,-0.029661533862111
288,6/26/17,2502.03,2477.0097,-0.004114163630358
289,6/27/17,2517.903114,2480.13456729,0.006344094195513
290,6/28/17,2585.349186,2624.1294237899997,0.026786603354588
291,6/29/17,2558.3,2571.0915,-0.010462488450873
292,6/30/17,2477.641375,2490.029581875,-0.031528212093969
293,7/1/17,2501.191343,2513.6972997149996,0.009504994644352
294,7/2/17,2421.26,2445.4726,-0.031957308353758
295,7/3/17,2561.225429,2586.8376832900003,0.057806856347522
296,7/4/17,2599.729838,2586.7311888100003,0.015033588439357
297,7/5/17,2598.89,2572.9011,-0.000323048182824
298,7/6/17,2609.96775,2649.1172662499994,0.004262492833479
299,7/7/17,2491.201214,2528.56923221,-0.045504982197577
300,7/8/17,2502.86,2465.3171,0.004679985676982
301,7/9/17,2536.238938,2536.238938,0.013336318451691
302,7/10/17,2366.170143,2330.677590855,-0.067055509814904
303,7/11/17,2327.09,2315.45455,-0.016516201557024
304,7/12/17,2385.748571,2421.534799565,0.025206833856877
305,7/13/17,2354.783417,2390.105168255,-0.012979219342892
306,7/14/17,2338.49,2361.8749,-0.006919284755605
307,7/15/17,2058.9956,2079.585556,-0.119519176904755
308,7/16/17,1931.2143,1940.8703715,-0.062060016058315
309,7/17/17,1910.96,1939.6244,-0.010487857303045
310,7/18/17,2320.12225,2296.9210275,0.214113456063968
311,7/19/17,2264.7657,2230.7942144999997,-0.023859324654121
312,7/20/17,2265.21,2299.18815,0.000196179233905
313,7/21/17,2682.195363,2668.7843861849997,0.184082430768008
314,7/22/17,2807.609857,2849.7240048549997,0.046758150330901
315,7/23/17,2825.51,2853.7651,0.006375580622561
316,7/24/17,2751.821029,2765.580134145,-0.026079883277709
317,7/25/17,2560.997917,2522.582948245,-0.069344303277363
318,7/26/17,2564.3,2525.8355,0.001289373559455
319,7/27/17,2647.625,2647.625,0.032494247942908
320,7/28/17,2781.636583,2823.3611317449995,0.050615771871017
321,7/29/17,2784.8,2784.8,0.001137250286157
322,7/30/17,2745.955417,2759.6851940849997,-0.01394878734559
323,7/31/17,2866.431667,2880.7638253349996,0.043874073575318
324,8/1/17,2862.9,2862.9,-0.001232077862054
325,8/2/17,2693.633983,2666.69764317,-0.059123971148137
326,8/3/17,2794.117717,2752.205951245,0.037304152915419
327,8/4/17,2790.0,2748.15,-0.001473709205216
328,8/5/17,3218.115017,3250.29616717,0.15344624265233
329,8/6/17,3252.562533,3252.562533,0.010704252588247
330,8/7/17,3210.2,3162.0469999999996,-0.013024356202286
331,8/8/17,3457.374333,3422.80058967,0.076996552551243
332,8/9/17,3357.326317,3357.326317,-0.028937571221334
333,8/10/17,3340.28,3340.28,-0.005077348875409
334,8/11/17,3632.506667,3632.506667,0.087485679942999
335,8/12/17,3852.802914,3852.802914,0.060645792890433
336,8/13/17,3868.52,3810.4922,0.004079390083227
337,8/14/17,4282.992,4325.82192,0.107139681325158
338,8/15/17,4217.028329,4280.283753934999,-0.015401306142996
339,8/16/17,4179.97,4117.27045,-0.00878778279604
340,8/17/17,4328.725717,4307.082088415,0.035587747519719
341,8/18/17,4130.440067,4151.092267335,-0.045806933255503
342,8/19/17,4104.71,4043.13935,-0.006229376672372
343,8/20/17,4157.958033,4220.327403494999,0.012972422655925
344,8/21/17,4043.722,4063.9406099999997,-0.027474070708111
345,8/22/17,3986.28,3966.3486000000003,-0.014205229736367
346,8/23/17,4174.95,4174.95,0.047329841355851
347,8/24/17,4340.316717,4296.913549829999,0.03960926885352
348,8/25/17,4331.77,4353.42885,-0.001969145930417
349,8/26/17,4360.513317,4425.921016754999,0.006635467026181
350,8/27/17,4354.308333,4376.079874665,-0.00142299393418
351,8/28/17,4339.05,4295.6595,-0.003504192131816
352,8/29/17,4607.98545,4607.98545,0.061980260656134
353,8/30/17,4594.98785,4572.012910750001,-0.00282066862863
354,8/31/17,4582.52,4536.6948,-0.002713358643593
355,9/1/17,4911.740017,4936.298717084999,0.071842570681634
356,9/2/17,4580.38748,4557.4855426,-0.067461334649871
357,9/3/17,4585.57,4539.7143,0.001131458860769
358,9/4/17,4344.098317,4344.098317,-0.052659033228148
359,9/5/17,4488.72014,4556.0509421,0.033291563046362
360,9/6/17,4385.02,4385.02,-0.02310238481475
361,9/7/17,4654.6585,4608.1119149999995,0.061490825583464
362,9/8/17,4310.750183,4246.088930255,-0.073884758033269
363,9/9/17,4312.26,4312.26,0.000350244606137
364,9/10/17,4329.955,4373.25455,0.004103416769861
365,9/11/17,4248.090017,4311.811367255,-0.018906659076134
366,9/12/17,4198.59,4219.58295,-0.011652299457382
367,9/13/17,3961.271267,3961.271267,-0.056523435963026
368,9/14/17,3319.63,3269.8355500000002,-0.161978623464971
369,9/15/17,3216.43,3184.2657,-0.031087801953832
370,9/16/17,3763.62604,3725.9897796,0.170125275538408
371,9/17/17,3746.060783,3746.060783,-0.004667110072392
372,9/18/17,3678.53,3696.92265,-0.018027145556864
373,9/19/17,3943.413333,3943.413333,0.072007930613588
374,9/20/17,3977.561667,3917.898241995,0.008659587802839
375,9/21/17,3894.48,3875.0076,-0.020887587410471
376,9/22/17,3637.50255,3692.06508825,-0.065985048068035
377,9/23/17,3776.3869,3833.0327034999996,0.038181237838582
378,9/24/17,3777.62,3834.2842999999993,0.00032652904288
379,9/25/17,3942.555,3981.9805499999998,0.04366108819839
380,9/26/17,3910.307383,3949.41045683,-0.008179370230726
381,9/27/17,3881.0,3861.595,-0.007494905164595
382,9/28/17,4201.98905,4265.01888575,0.082707820149446
383,9/29/17,4193.574667,4193.574667,-0.002002476184463
384,9/30/17,4164.27,4185.09135,-0.00698799218495
385,10/1/17,4360.722967,4317.115737329999,0.047175847627556
386,10/2/17,4386.88375,4452.687006249999,0.005999184813613
387,10/3/17,4394.07,4372.09965,0.001638121821669
388,10/4/17,4225.175,4225.175,-0.038437029906214
389,10/5/17,4338.852,4382.24052,0.026904684421355
390,10/6/17,4318.58,4296.9871,-0.00467220361515
391,10/7/17,4376.191667,4441.834542005,0.013340419072936
392,10/8/17,4602.280883,4602.280883,0.051663462938539
393,10/9/17,4605.66,4536.5751,0.000734226590229
394,10/10/17,4782.28,4782.28,0.038348466886396
395,10/11/17,4819.485767,4771.29090933,0.007779922338299
396,10/12/17,4822.17,4846.280849999999,0.000556954233246
397,10/13/17,5563.806567,5563.806567,0.153797266998053
398,10/14/17,5739.438733,5739.438733,0.031566907275624
399,10/15/17,5825.99,5767.7301,0.015080092501442
400,10/16/17,5711.205867,5711.205867,-0.019702082049574
401,10/17/17,5603.71294,5659.7500694,-0.01882140646008
402,10/18/17,5594.66,5678.5799,-0.001615525294913
403,10/19/17,5727.6335,5670.357164999999,0.02376793227828
404,10/20/17,5979.45984,6069.1517376,0.043966908846385
405,10/21/17,5986.44,5926.575599999999,0.001167356280797
406,10/22/17,5983.18455,5983.18455,-0.000543803997033
407,10/23/17,5876.079867,5876.079867,-0.017900949252852
408,10/24/17,5900.59,5930.092949999999,0.004171170840895
409,10/25/17,5669.622533,5641.274420334999,-0.039143113993686
410,10/26/17,5893.138417,5893.138417,0.039423415350674
411,10/27/17,5889.82,5978.167299999999,-0.000563098431632
412,10/28/17,5776.69695,5776.69695,-0.019206537721017
413,10/29/17,6155.43402,6247.765530299999,0.065562911345038
414,10/30/17,6136.49,6228.53735,-0.0030776091399
415,10/31/17,6388.645167,6484.474844504999,0.041091106968316
416,11/1/17,6665.306683,6665.306683,0.043305193631518
417,11/2/17,6751.98,6853.259699999999,0.013003650262795
418,11/3/17,7197.72006,7269.6972606,0.066016199692535
419,11/4/17,7437.543317,7474.731033584999,0.033319336540021
420,11/5/17,7365.99,7476.479849999999,-0.009620558018997
421,11/6/17,6989.071667,7058.96238367,-0.051170084808695
422,11/7/17,7092.127233,7198.509141494999,0.014745243847848
423,11/8/17,7128.64,7092.9968,0.005148351940177
424,11/9/17,7158.03706,7050.6665041,0.004123796404363
425,11/10/17,6719.39785,6618.60688225,-0.061279259428702
426,11/11/17,6569.22,6569.22,-0.022349897022395
427,11/12/17,5716.301583,5716.301583,-0.129835569062994
428,11/13/17,6550.227533,6550.227533,0.145885576170448
429,11/14/17,6493.63,6428.6937,-0.008640544578774
430,11/15/17,7301.42992,7374.4442192,0.124398821614413
431,11/16/17,7815.0307,7775.9555465,0.070342492583973
432,11/17/17,7868.77,7750.738450000001,0.00687640292955
433,11/18/17,7817.140383,7817.140383,-0.006561332584381
434,11/19/17,8007.654067,7927.57752633,0.024371275769118
435,11/20/17,8049.72,7928.974200000001,0.005253215567011
436,11/21/17,8059.8,7979.202,0.001252217468434
437,11/22/17,8268.035,8268.035,0.025836249038438
438,11/23/17,8236.72,8113.169199999999,-0.003787477919482
439,11/24/17,8250.978333,8250.978333,0.001731069284861
440,11/25/17,8707.407267,8620.33319433,0.055318159323544
441,11/26/17,8768.8,8724.956,0.007050632997571
442,11/27/17,9718.29505,9718.29505,0.108281070385914
443,11/28/17,9952.50882,9952.50882,0.02410029421776
444,11/29/17,9919.0,9968.595,-0.003366871670856
445,11/30/17,10147.372,10299.582579999998,0.023023691904426
446,12/1/17,10883.912,11047.17068,0.07258431049931
447,12/2/17,10879.88,10879.88,-0.000370455034918
448,12/3/17,11332.622,11502.611329999998,0.041612775140902
449,12/4/17,11584.83,11700.6783,0.022255043890108
450,12/5/17,11591.22,11475.307799999999,0.000551583406921
451,12/6/17,13540.98,13473.275099999999,0.168210076247367
452,12/7/17,16501.97167,16749.501245049996,0.218668934597053
453,12/8/17,16860.88,16692.2712,0.021749421049637
454,12/9/17,15142.83415,15142.83415,-0.101895384463919
455,12/10/17,14869.805,14944.154024999998,-0.018030254263863
456,12/11/17,15068.95,15219.639500000001,0.013392576432576
457,12/12/17,17276.39333,17276.39333,0.146489525149397
458,12/13/17,16808.36667,17060.492170049998,-0.027090530474743
459,12/14/17,16252.31,16252.31,-0.033082135874181
460,12/15/17,17771.9,17594.181,0.093499939393231
461,12/16/17,19498.68333,19498.68333,0.097163687056533
462,12/17/17,19279.9,19183.500500000002,-0.011220415568439
463,12/18/17,18961.85667,19151.4752367,-0.01649610890098
464,12/19/17,17737.11167,18003.168345049995,-0.064589930264461
465,12/20/17,17382.94,17643.6841,-0.019967832225978
466,12/21/17,16047.51,16207.9851,-0.076824173586286
467,12/22/17,15190.945,15342.85445,-0.053376816714867
468,12/23/17,13776.61,13638.8439,-0.093103819413473
469,12/24/17,13949.175,14158.412624999997,0.012525940706749
470,12/25/17,14119.02833,13907.24290505,0.012176586070502
471,12/26/17,13740.94,13603.5306,-0.026778636685404
472,12/27/17,15589.32167,15355.48184495,0.134516391891675
473,12/28/17,14380.58167,14452.484578349999,-0.077536407650507
474,12/29/17,14214.01,14214.01,-0.011583096833106
475,12/30/17,13215.574,13215.574,-0.070243091147396
476,12/31/17,14165.575,14165.575,0.07188495936688
477,1/1/18,13796.0,13796.0,-0.026089657497137
478,1/2/18,15005.85667,14855.7981033,0.087696192374601
479,1/3/18,15053.26167,15053.26167,0.003159099879634
480,1/4/18,15039.24,15114.436199999998,-0.000931470554846
481,1/5/18,17174.12,17174.12,0.141953981717161
482,1/6/18,17319.198,17405.79399,0.00844747794938
483,1/7/18,17155.95,17241.72975,-0.009425840619179
484,1/8/18,15265.90667,15494.89527005,-0.110168386478161
485,1/9/18,14714.25333,14934.967129949999,-0.036136297170222
486,1/10/18,14437.42,14220.8587,-0.018813957038213
487,1/11/18,13296.794,13296.794,-0.079004836044113
488,1/12/18,13912.882,13982.446409999999,0.046333574845185
489,1/13/18,13791.19,13722.234050000001,-0.008746714016549
490,1/14/18,13852.92,14060.7138,0.004476045939473
491,1/15/18,14012.196,13802.01306,0.011497648149271
492,1/16/18,13554.14,13418.5986,-0.032689808221353
493,1/17/18,11116.94667,11116.94667,-0.179811727634509
494,1/18/18,11345.42333,11288.69621335,0.020552105428064
495,1/19/18,11174.82,11230.694099999999,-0.015037193856741
496,1/20/18,12950.79333,12821.285396700001,0.158926347806945
497,1/21/18,11505.228,11447.70186,-0.111619828466524
498,1/22/18,11513.42,11513.42,0.000712024133724
499,1/23/18,11223.064,11223.064,-0.025218918444737
500,1/24/18,11282.25833,11395.0809133,0.005274346649008
501,1/25/18,11392.03,11392.03,0.009729583102003
502,1/26/18,10969.815,10969.815,-0.037062314618202
503,1/27/18,11524.77667,11409.528903299999,0.05058988415028
504,1/28/18,11431.37,11488.52685,-0.008104857271824
505,1/29/18,11212.655,11212.655,-0.019132877336662
506,1/30/18,10184.06167,10133.14136165,-0.091735037776513
507,1/31/18,10082.52,10082.52,-0.00997064563141
508,2/1/18,9083.258333,9219.507207994999,-0.09910832480372
509,2/2/18,8901.901667,8990.92068367,-0.019966036344152
510,2/3/18,8852.73,8808.466349999999,-0.005523726147446
511,2/4/18,8400.648333,8358.645091335,-0.051066921390351
512,2/5/18,6838.816667,6736.234416995,-0.185917991575091
513,2/6/18,6925.46,6890.8327,0.012669345768266
514,2/7/18,8099.958333,8018.95874967,0.169591382088699
515,2/8/18,8240.536667,8240.536667,0.017355439154208
516,2/9/18,8245.08,8368.7562,0.00055133945562
517,2/10/18,8319.876566,8319.876566,0.009071660432646
518,2/11/18,8343.455,8218.303175,0.002833988438766
519,2/12/18,8068.02,8068.02,-0.03301210349909
520,2/13/18,8597.7675,8683.745175,0.065660161972826
521,2/14/18,9334.633333,9334.633333,0.085704321848666
522,2/15/18,9471.64,9613.7146,0.014677241420469
523,2/16/18,10127.16167,10127.16167,0.069208887795567
524,2/17/18,10841.99167,10841.99167,0.070585423961144
525,2/18/18,11085.83,11030.40085,0.022490178688728
526,2/19/18,11110.965,11055.410175,0.00226730880773
527,2/20/18,11390.39167,11390.39167,0.025148731005813
528,2/21/18,11245.98,11414.669699999999,-0.012678376142267
529,2/22/18,9931.071667,10080.037742004999,-0.116922521025291
530,2/23/18,10162.11667,10060.495503299999,0.023264861109375
531,2/24/18,10171.3,10018.7305,0.000903682795447
532,2/25/18,9696.593333,9599.62739967,-0.046671189228515
533,2/26/18,10348.60333,10503.83237995,0.067241140739711
534,2/27/18,10319.46,10267.8627,-0.002816160700209
535,2/28/18,10370.165,10214.612525,0.004913532297233
536,3/1/18,11009.38167,11064.42857835,0.061639971012997
537,3/2/18,10931.12,10876.4644,-0.007108634467025
538,3/3/18,11326.94833,11270.31358835,0.036211141218832
539,3/4/18,11430.18167,11544.4834867,0.009113958763861
540,3/5/18,11516.83,11516.83,0.00758066078927
541,3/6/18,10763.19833,10655.5663467,-0.065437422450449
542,3/7/18,10118.058,10219.238580000001,-0.059939463179993
543,3/8/18,9920.46,9920.46,-0.019529241678591
544,3/9/18,9089.278333,9180.17111633,-0.083784589323479
545,3/10/18,8746.002,8789.73201,-0.037767171432487
546,3/11/18,8777.37,8689.596300000001,0.003586553033032
547,3/12/18,9182.843333,9274.67176633,0.046195310554301
548,3/13/18,9154.7,9063.153,-0.003064773292915
549,3/14/18,9153.54,9107.7723,-0.000126710869826
550,3/15/18,8358.121667,8399.912275334998,-0.086897346054095
551,3/16/18,8530.402,8487.74999,0.020612326532672
552,3/17/18,8297.89,8339.379449999999,-0.027256863158384
553,3/18/18,8171.415,8171.415,-0.015241826536626
554,3/19/18,8412.033333,8538.213832995,0.029446348398656
555,3/20/18,8605.64,8691.696399999999,0.023015442204739
556,3/21/18,8947.753333,8813.537033005001,0.03975454852864
557,3/22/18,8690.408333,8603.504249669999,-0.028760850955836
558,3/23/18,8725.37,8725.37,0.004023017752485
559,3/24/18,8662.378333,8619.066441335,-0.007219369149962
560,3/25/18,8617.296667,8746.556117005,-0.005204305823062
561,3/26/18,8457.96,8331.0906,-0.018490330918997
562,3/27/18,7876.195,7954.95695,-0.068783134467413
563,3/28/18,7960.38,7960.38,0.010688536787116
564,3/29/18,7950.61,7910.856949999999,-0.001227328343622
565,3/30/18,6882.531667,6848.119008665,-0.134339168063834
566,3/31/18,6935.48,7004.8348,0.007693147748796
567,4/1/18,6937.56,6972.2478,0.000299907144134
568,4/2/18,7035.848333,6965.48984967,0.014167565109347
569,4/3/18,7410.435,7336.33065,0.053239730203263
570,4/4/18,7426.48,7352.2152,0.002165190032704
571,4/5/18,6826.51,6928.907649999999,-0.080787937219248
572,4/6/18,6603.876667,6504.818516995,-0.032613053082761
573,4/7/18,6634.68,6601.506600000001,0.004664431901632
574,4/8/18,7017.656667,6947.48010033,0.057723457197634
575,4/9/18,6699.273333,6665.776966335,-0.045368895787845
576,4/10/18,6784.41,6784.41,0.01270834354237
577,4/11/18,6926.266667,6891.635333665,0.020909212002223
578,4/12/18,7847.845,7926.323450000001,0.133055566195687
579,4/13/18,7941.46,8020.8746,0.011928752415472
580,4/14/18,8036.511051,8157.058716764999,0.011968964271054
581,4/15/18,8340.748333,8299.044591335,0.037856885913464
582,4/16/18,8368.1,8368.1,0.003279282134888
583,4/17/18,7895.416926,7895.416926,-0.056486308003011
584,4/18/18,8164.937426,8124.112738870001,0.034136322695317
585,4/19/18,8175.96,8175.96,0.001349988790471
586,4/20/18,8852.718333,8719.927558005,0.082774173675018
587,4/21/18,8807.205,8807.205,-0.005141170348812
588,4/22/18,8930.6,8885.947,0.01401068784024
589,4/23/18,8933.861667,8889.192358665,0.00036522372517
590,4/24/18,9555.542,9555.542,0.069586966551807
591,4/25/18,9658.11,9706.40055,0.010733875692242
592,4/26/18,9258.398333,9119.522358004999,-0.041386116641869
593,4/27/18,9010.32,9055.371599999999,-0.026794951359542
594,4/28/18,8928.55,9017.8355,-0.009075149384262
595,4/29/18,9334.281667,9427.624483669999,0.045442055764934
596,4/30/18,9259.57,9398.463549999999,-0.008004008199595
597,5/1/18,9239.55,9193.35225,-0.002162087440346
598,5/2/18,9221.426,9359.747389999999,-0.001961567392351
599,5/3/18,9639.268333,9783.857357994999,0.045312116911202
600,5/4/18,9753.35,9655.8165,0.011835096094321
601,5/5/18,9803.306667,9901.33973367,0.00512200085099
602,5/6/18,9630.136277,9533.83491423,-0.017664487696068
603,5/7/18,9631.44,9727.7544,0.000135379496458
604,5/8/18,9228.608333,9136.32224967,-0.041824656230013
605,5/9/18,9322.041667,9228.82125033,0.010124314590955
606,5/10/18,9310.37,9403.4737,-0.001252050507489
607,5/11/18,8468.788,8468.788,-0.090391896347836
608,5/12/18,8484.346667,8441.924933665,0.001837177527646
609,5/13/18,8463.52,8548.155200000001,-0.002454716646717
610,5/14/18,8652.038333,8781.818907994999,0.022274223136473
611,5/15/18,8511.458,8554.01529,-0.016248232796636
612,5/16/18,8471.06,8555.7706,-0.004746307859359
613,5/17/18,8106.118333,8146.648924665,-0.043080991871147
614,5/18/18,8240.055,8281.255275,0.016522910411355
615,5/19/18,8239.08,8280.275399999999,-0.000118324452931
616,5/20/18,8507.406667,8507.406667,0.032567552081058
617,5/21/18,8385.556187,8259.772844195,-0.014322870031905
618,5/22/18,8396.63,8438.613149999997,0.001320581813901
619,5/23/18,7555.74,7669.076099999999,-0.100146130054558
620,5/24/18,7566.193333,7452.700433005,0.001383495594078
621,5/25/18,7576.78,7538.8961,0.001399206514302
622,5/26/18,7342.908333,7306.193791335,-0.030866894247953
623,5/27/18,7361.831667,7361.831667,0.002577089777215
624,5/28/18,7344.56,7344.56,-0.002346110014634
625,5/29/18,7459.876667,7571.774817005,0.015700963298006
626,5/30/18,7385.395,7385.395,-0.009984302733781
627,5/31/18,7386.72,7497.520799999999,0.000179408142692
628,6/1/18,7535.146667,7459.79520033,0.020093717780016
629,6/2/18,7645.146667,7606.920933665,0.014598255994371
630,6/3/18,7637.14,7713.5114,-0.001047287560167
631,6/4/18,7500.273333,7425.27059967,-0.017921193928617
632,6/5/18,7615.722142,7501.48630987,0.015392613558768
633,6/6/18,7619.43,7619.43,0.0004868688656
634,6/7/18,7676.271667,7714.653025334999,0.007460094390263
635,6/8/18,7620.153333,7505.851033005,-0.007310623755182
636,6/9/18,7615.54,7653.617699999999,-0.000605412095846
637,6/10/18,6776.888333,6709.11944967,-0.110123729505721
638,6/11/18,6875.678333,6772.543158005,0.014577486767628
639,6/12/18,6879.31,6879.31,0.000528190357971
640,6/13/18,6315.7,6347.278499999999,-0.081928274783372
641,6/14/18,6647.013333,6680.248399664999,0.052458687556407
642,6/15/18,6637.41,6637.41,-0.001444759099899
643,6/16/18,6509.426667,6444.3324003299995,-0.019282119531564
644,6/17/18,6464.411667,6432.089608665,-0.006915355576276
645,6/18/18,6445.79,6413.56105,-0.002880643739795
646,6/19/18,6737.0,6737.0,0.045178325697859
647,6/20/18,6714.718333,6748.291924664999,-0.003307357429123
648,6/21/18,6760.83,6693.2217,0.006867252610341
649,6/22/18,6332.573333,6237.584733005,-0.063343800539283
650,6/23/18,6141.605833,6110.897803835,-0.030156381925313
651,6/24/18,6170.46,6139.6077,0.004698146996826
652,6/25/18,6211.4475,6211.4475,0.006642535564609
653,6/26/18,6218.595,6280.78095,0.001150697965329
654,6/27/18,6097.46,6158.4346000000005,-0.019479480493584
655,6/28/18,6107.896154,6138.4356347699995,0.001711557599394
656,6/29/18,5908.7025,5997.3330375,-0.032612482101476
657,6/30/18,6223.28,6192.1636,0.053239691793587
658,7/1/18,6374.754167,6406.627937834999,0.024339924766361
659,7/2/18,6466.069167,6530.72985867,0.014324473949554
660,7/3/18,6626.44,6527.0434,0.024801904968549
661,7/4/18,6593.289167,6692.188504504999,-0.005002811917108
662,7/5/18,6603.376667,6669.41043367,0.00152996474817
663,7/6/18,6555.51,6555.51,-0.007248816690893
664,7/7/18,6594.281667,6594.281667,0.005914363184558
665,7/8/18,6753.559167,6787.326962835,0.024153881809004
666,7/9/18,6724.04,6724.04,-0.004370905217539
667,7/10/18,6510.791667,6543.345625335,-0.031714316541841
668,7/11/18,6377.363333,6377.363333,-0.020493411680838
669,7/12/18,6403.18,6371.1641,0.00404817252083
670,7/13/18,6244.3575,6306.801075,-0.02480369129089
671,7/14/18,6241.0,6272.204999999999,-0.000537685422399
672,7/15/18,6248.84,6311.3284,0.001256208940875
673,7/16/18,6514.390833,6546.962787165,0.042496020541413
674,7/17/18,6869.910833,6766.862170505,0.054574557946238
675,7/18/18,7321.62,7321.62,0.065751823856314
676,7/19/18,7396.401667,7470.36568367,0.010213814292465
677,7/20/18,7428.045,7390.904775,0.004278206406932
678,7/21/18,7334.99,7445.014849999999,-0.012527522383077
679,7/22/18,7451.289167,7488.545612834999,0.015855395440212
680,7/23/18,7689.884167,7612.98532533,0.032020633564549
681,7/24/18,7715.1,7792.251,0.003279091394928
682,7/25/18,8251.165,8292.420825,0.069482573135799
683,7/26/18,8187.324167,8146.387546165,-0.007737190202838
684,7/27/18,7939.81,7860.4119,-0.030231387197008
685,7/28/18,8182.251667,8141.340408665001,0.030534945672504
686,7/29/18,8206.341667,8124.27825033,0.002944177346336
687,7/30/18,8220.91,8220.91,0.001775253041021
688,7/31/18,7916.800833,7916.800833,-0.036992153788328
689,8/1/18,7570.869167,7533.014821164999,-0.043695890966214
690,8/2/18,7607.7,7645.738499999999,0.004864809071135
691,8/3/18,7394.499167,7357.526671165,-0.028024348094694
692,8/4/18,7247.769167,7247.769167,-0.019843128883539
693,8/5/18,7011.28,6976.223599999999,-0.032629235500044
694,8/6/18,6988.079167,6988.079167,-0.003309072380507
695,8/7/18,6993.513333,6958.545766335,0.000777633720245
696,8/8/18,6718.23,6651.047699999999,-0.039362666501404
697,8/9/18,6396.7725,6492.7240875,-0.047848540463783
698,8/10/18,6396.494667,6300.547246995,-4.34333095322838e-05
699,8/11/18,6138.96,6138.96,-0.040261843463834
700,8/12/18,6311.131667,6279.576008665,0.028045738529002
701,8/13/18,6347.07,6347.07,0.005694435625217
702,8/14/18,6252.13,6345.91195,-0.014958083020985
703,8/15/18,6362.676923,6362.676923,0.017681481830992
704,8/16/18,6342.629231,6437.768669464999,-0.003150826647748
705,8/17/18,6312.75,6312.75,-0.004710858842885
706,8/18/18,6436.720833,6436.720833,0.019638166092432
707,8/19/18,6404.063333,6404.063333,-0.005073623798094
708,8/20/18,6486.58,6486.58,0.012885048555781
709,8/21/18,6401.246154,6369.23992323,-0.013155444934002
710,8/22/18,6575.229167,6640.98145867,0.027179553607899
711,8/23/18,6354.57,6291.0243,-0.033559159900837
712,8/24/18,6543.645714,6543.645714,0.029754289275278
713,8/25/18,6719.429231,6753.026377154999,0.026863238733099
714,8/26/18,6738.27,6805.652700000001,0.002803924016802
715,8/27/18,6719.266154,6618.47716169,-0.002820285622274
716,8/28/18,7000.04,6895.0394,0.041786385531529
717,8/29/18,7078.19,7148.9719,0.011164221918732
718,8/30/18,6932.6625,7036.6524375,-0.02055998779349
719,8/31/18,6981.946154,6981.946154,0.007108907147867
720,9/1/18,7018.78,7053.873899999999,0.005275584369681
721,9/2/18,7247.935385,7284.175061924999,0.032648891260305
722,9/3/18,7260.949231,7369.863469464999,0.001795524560957
723,9/4/18,7265.08,7265.08,0.000568902063433
724,9/5/18,7113.069231,7184.1999233100005,-0.02092348177859
725,9/6/18,6433.271667,6433.271667,-0.095570216164539
726,9/7/18,6501.19,6436.178099999999,0.010557355031095
727,9/8/18,6366.1075,6429.768575,-0.020778119082814
728,9/9/18,6286.425833,6317.857962165,-0.012516544371895
729,9/10/18,6240.98,6209.7751,-0.00722920053577
730,9/11/18,6296.320833,6201.876020504999,0.008867330611539
731,9/12/18,6273.1375,6241.7718125,-0.003682044421639
732,9/13/18,6326.04,6357.6702,0.008433180366284
733,9/14/18,6499.0625,6499.0625,0.027350838755367
734,9/15/18,6518.655,6453.468449999999,0.003014665576766
735,9/16/18,6522.39,6587.6139,0.000572970957966
736,9/17/18,6400.600833,6464.606841330001,-0.018672475426952
737,9/18/18,6296.631667,6202.182191995,-0.016243657230421
738,9/19/18,6342.39,6374.101949999999,0.007267112866044
739,9/20/18,6418.562667,6322.284226995,0.012010088783566
740,9/21/18,6669.990833,6669.990833,0.039172035710219
741,9/22/18,6756.12,6688.5588,0.012912936337764
742,9/23/18,6710.445,6609.7883249999995,-0.006760537113018
743,9/24/18,6639.304167,6539.7146044950005,-0.01060150750062
744,9/25/18,6583.45,6517.6155,-0.008412653735254
745,9/26/18,6468.631667,6533.31798367,-0.017440450371765
746,9/27/18,6535.476667,6470.12190033,0.010333715604957
747,9/28/18,6686.08,6719.510399999999,0.023043970726795
748,9/29/18,6550.474167,6648.731279504999,-0.020281814306739
749,9/30/18,6593.135,6494.237975,0.006512632812891
750,10/1/18,6611.02,6544.9098,0.002712670072735
751,10/2/18,6562.641667,6661.081292004999,-0.007317831892809
752,10/3/18,6470.4025,6535.106525,-0.014055188699975
753,10/4/18,6483.73,6548.5673,0.002059763670034
754,10/5/18,6568.549167,6667.077404504999,0.013081847485938
755,10/6/18,6581.486667,6581.486667,0.001969613025811
756,10/7/18,6573.62,6606.4881,-0.001195272040806
757,10/8/18,6618.567692,6618.567692,0.00683758598763
758,10/9/18,6621.711667,6522.385991994999,0.000475023471287
759,10/10/18,6626.85,6626.85,0.000775982594592
760,10/11/18,6248.635833,6342.365370494999,-0.057072993503701
761,10/12/18,6260.530833,6166.622870505,0.00190361549591
762,10/13/18,6247.0,6340.704999999999,-0.002161291647775
763,10/14/18,6299.399167,6236.405175329999,0.008387892908596
764,10/15/18,6452.571667,6452.571667,0.024315414206867
765,10/16/18,6599.17,6632.165849999999,0.022719365326811
766,10/17/18,6596.276154,6596.276154,-0.000438516661944
767,10/18/18,6568.040769,6633.72117669,-0.004280503778314
768,10/19/18,6509.61,6574.706099999999,-0.008896225077619
769,10/20/18,6488.825833,6521.269962164999,-0.0031928436573
770,10/21/18,6531.601667,6531.601667,0.006592230258741
771,10/22/18,6504.78,6472.2561,-0.004106445611268
772,10/23/18,6481.426,6513.83313,-0.003590282838159
773,10/24/18,6508.31,6605.93465,0.004147852648476
774,10/25/18,6489.77,6424.8723,-0.002848665782669
775,10/26/18,6473.753333,6570.859632994999,-0.002467986846992
776,10/27/18,6465.9175,6401.258325,-0.001210400303647
777,10/28/18,6457.21,6521.7821,-0.001346676631739
778,10/29/18,6382.668333,6414.581674664999,-0.011543943436871
779,10/30/18,6309.452857,6309.452857,-0.011470982382315
780,10/31/18,6301.61,6270.101949999999,-0.001243032823567
781,11/1/18,6342.280833,6278.858024669999,0.006454038412406
782,11/2/18,6387.674167,6323.79742533,0.007157257017666
783,11/3/18,6390.42,6486.2762999999995,0.000429864286783
784,11/4/18,6391.873333,6295.995233004999,0.00022742370611
785,11/5/18,6436.965,6533.519474999999,0.007054530753481
786,11/6/18,6437.76,6469.948799999999,0.00012350540977
787,11/7/18,6538.79,6538.79,0.015693346754151
788,11/8/18,6486.251667,6486.251667,-0.008034870824724
789,11/9/18,6444.97,6348.2954500000005,-0.00636448739879
790,11/10/18,6399.033333,6399.033333,-0.007127522238273
791,11/11/18,6378.268333,6473.942357994999,-0.003245021383607
792,11/12/18,6408.53,6344.4447,0.00474449575027
793,11/13/18,6372.063333,6467.644282994999,-0.005690332572368
794,11/14/18,6176.155,6083.512675,-0.030744881643819
795,11/15/18,5756.77,5699.202300000001,-0.067903898137271
796,11/16/18,5596.1925,5540.2305750000005,-0.027893679962896
797,11/17/18,5558.243333,5474.869683005,-0.00678124760719
798,11/18/18,5572.44,5572.44,0.002554164355438
799,11/19/18,5303.9425,5224.3833625,-0.048183111886355
800,11/20/18,4671.97,4671.97,-0.119151461389334
801,11/21/18,4491.98,4447.0602,-0.03852550423055
802,11/22/18,4548.7975,4548.7975,0.012648653823036
803,11/23/18,4309.3375,4309.3375,-0.05264248408508
804,11/24/18,4352.98,4418.274699999999,0.010127426779638
805,11/25/18,3823.511667,3880.864342005,-0.121633532200929
806,11/26/18,3920.536667,3861.728616995,0.025375886998699
807,11/27/18,3793.35,3793.35,-0.032441136967436
808,11/28/18,4103.453846,4103.453846,0.081749336602212
809,11/29/18,4263.783333,4199.826583005,0.039071838752685
810,11/30/18,4278.77,4321.5577,0.003514875365268
811,12/1/18,4116.7775,4116.7775,-0.037859595164031
812,12/2/18,4167.546667,4146.708933665,0.012332259151728
813,12/3/18,4140.6,4119.897,-0.006465834495238
814,12/4/18,3961.493333,4020.9157329949994,-0.043256210935613
815,12/5/18,3858.349167,3877.6409128349997,-0.026036688018831
816,12/6/18,3744.98,3782.4298,-0.029382816871431
817,12/7/18,3405.643333,3371.58689967,-0.090611075893596
818,12/8/18,3435.34,3383.8099,0.008719840598763
819,12/9/18,3453.66,3436.3916999999997,0.005332805486502
820,12/10/18,3523.96,3471.1006,0.020355217363609
821,12/11/18,3426.19,3477.58285,-0.027744355781564
822,12/12/18,3407.28,3407.28,-0.0055192502459
823,12/13/18,3406.7625,3389.7286875,-0.000151880679017
824,12/14/18,3278.374167,3261.9822961649998,-0.037686317434808
825,12/15/18,3242.42,3242.42,-0.010967072447652
826,12/16/18,3271.238333,3271.238333,0.008887908722497
827,12/17/18,3392.405,3358.48095,0.037039999738839
828,12/18/18,3556.54,3503.1919,0.048383079260878
829,12/19/18,3808.0425,3808.0425,0.070715498771278
830,12/20/18,3982.850833,3943.0223246699998,0.045905037299347
831,12/21/18,4135.19,4093.8380999999995,0.03824877540926
832,12/22/18,3910.973333,3871.86359967,-0.054221611824366
833,12/23/18,4027.478333,3987.20354967,0.029789259624185
834,12/24/18,3995.17,3975.1941500000003,-0.008021975620645
835,12/25/18,3813.88,3775.7412,-0.045377293081396
836,12/26/18,3825.379167,3863.63295867,0.003015083589415
837,12/27/18,3848.21,3848.21,0.00596825360397
838,12/28/18,3743.905,3743.905,-0.027104809768698
839,12/29/18,3912.285833,3951.40869133,0.044974654271409
840,12/30/18,3770.36,3808.0636,-0.03627695906134
841,12/31/18,3791.545833,3734.672645505,0.005619047783236
842,1/1/19,3752.271667,3752.271667,-0.010358351904433
843,1/2/19,3855.88,3855.88,0.027612161963432
844,1/3/19,3865.7975,3885.1264874999997,0.002572045810554
845,1/4/19,3822.626667,3860.85293367,-0.011167380857378
846,1/5/19,3856.62,3856.62,0.008892663595286
847,1/6/19,3920.456667,3959.66123367,0.016552490782084
848,1/7/19,4036.093333,4036.093333,0.02949571333701
849,1/8/19,4032.25,3991.9275,-0.000952240863356
850,1/9/19,4034.138333,3973.6262580049997,0.000468307520615
851,1/10/19,3812.585833,3755.397045505,-0.054919410717193
852,1/11/19,3646.25,3646.25,-0.043628088726626
853,1/12/19,3646.345833,3646.345833,2.62826191292031e-05
854,1/13/19,3599.841667,3581.8424586650003,-0.012753635592963
855,1/14/19,3531.96,3531.96,-0.018856847961475
856,1/15/19,3656.785,3620.21715,0.03534156672216
857,1/16/19,3621.270833,3603.164478835,-0.009711855359284
858,1/17/19,3621.43,3621.43,4.395335431676e-05
859,1/18/19,3632.395,3632.395,0.003027809456485
860,1/19/19,3690.523333,3745.8811829949996,0.016002756583466
861,1/20/19,3703.98,3741.0198,0.003646276093061
862,1/21/19,3548.4275,3495.2010874999996,-0.04199604209526
863,1/22/19,3540.02,3575.4202,-0.002369359385249
864,1/23/19,3587.35,3587.35,0.01336998096056
865,1/24/19,3566.4,3584.2319999999995,-0.005839965434095
866,1/25/19,3586.25,3586.25,0.005565836698071
867,1/26/19,3577.79,3613.5679,-0.002359010108052
868,1/27/19,3576.3,3522.6555000000003,-0.000416458204646
869,1/28/19,3554.5,3536.7275,-0.006095685484999
870,1/29/19,3448.58,3465.8228999999997,-0.029798846532564
871,1/30/19,3421.6,3404.4919999999997,-0.007823509966421
872,1/31/19,3470.0,3487.3499999999995,0.014145429039046
873,2/1/19,3444.81,3444.81,-0.007259365994236
874,2/2/19,3475.33,3527.4599499999995,0.008859704889384
875,2/3/19,3506.22,3453.6267,0.008888364558186
876,2/4/19,3456.02,3473.3000999999995,-0.014317413054515
877,2/5/19,3452.35,3435.08825,-0.001061915150954
878,2/6/19,3467.34,3467.34,0.004341969962489
879,2/7/19,3405.7,3388.6715,-0.017777316328944
880,2/8/19,3394.76,3411.7338,-0.0032122617964
881,2/9/19,3661.08,3697.6908,0.078450317548221
882,2/10/19,3664.38,3664.38,0.000901373365237
883,2/11/19,3686.29,3704.7214499999995,0.005979183381636
884,2/12/19,3629.47,3665.7646999999997,-0.015413871399158
885,2/13/19,3632.42,3650.5820999999996,0.000812790848251
886,2/14/19,3614.5,3578.355,-0.004933350218312
887,2/15/19,3600.31,3636.3131,-0.003925854198368
888,2/16/19,3608.2,3608.2,0.002191477956065
889,2/17/19,3619.55,3601.4522500000003,0.003145612770911
890,2/18/19,3670.74,3725.801099999999,0.014142642041138
891,2/19/19,3910.8,3969.462,0.065398257572043
892,2/20/19,3926.53,3887.2647,0.004022194947325
893,2/21/19,3987.18,4046.987699999999,0.015446208229658
894,2/22/19,3944.88,3964.6043999999997,-0.010609001850932
895,2/23/19,3983.48,4023.3148,0.009784835026667
896,2/24/19,4139.6,4077.5060000000003,0.039191862391678
897,2/25/19,3766.89,3766.89,-0.090035269108127
898,2/26/19,3848.33,3906.0549499999997,0.021619957046795
899,2/27/19,3831.45,3793.1355,-0.004386318221151
900,2/28/19,3833.23,3852.3961499999996,0.000464576074332
901,3/1/19,3850.08,3907.8311999999996,0.004395770668601
902,3/2/19,3834.62,3892.1392999999994,-0.004015500976603
903,3/3/19,3831.44,3831.44,-0.000829286865452
904,3/4/19,3814.58,3814.58,-0.004400434301464
905,3/5/19,3730.98,3730.98,-0.021915912105658
906,3/6/19,3872.25,3910.9725,0.037864046443562
907,3/7/19,3876.85,3857.46575,0.001187939828265
908,3/8/19,3886.82,3925.6882,0.002571675458168
909,3/9/19,3875.96,3895.3397999999997,-0.002794057867357
910,3/10/19,3950.56,3970.3127999999997,0.01924684465268
911,3/11/19,3928.17,3908.52915,-0.005667550929488
912,3/12/19,3881.09,3939.30635,-0.011985224672048
913,3/13/19,3892.51,3931.4351,0.002942472346686
914,3/14/19,3877.77,3916.5477,-0.003786759700039
915,3/15/19,3885.21,3924.0621,0.001918628490086
916,3/16/19,3936.5,3956.1824999999994,0.01320134561581
917,3/17/19,4015.95,4036.0297499999992,0.020182903594564
918,3/18/19,3994.92,3994.92,-0.00523661898181
919,3/19/19,3998.77,4018.7638499999994,0.00096372392939
920,3/20/19,4029.11,4008.96445,0.00758733310493
921,3/21/19,4056.4,4056.4,0.006773207978933
922,3/22/19,3992.34,3952.4166,-0.015792328172764
923,3/23/19,3999.06,3939.0741,0.001683223372759
924,3/24/19,4011.92,3991.8604,0.00321575570259
925,3/25/19,3994.11,3934.19835,-0.004439270972502
926,3/26/19,3935.89,3876.8516499999996,-0.014576463843009
927,3/27/19,3947.74,3967.478699999999,0.003010754873739
928,3/28/19,4048.51,4068.7525499999997,0.025525997152802
929,3/29/19,4037.37,4077.7437,-0.002751629611882
930,3/30/19,4115.55,4074.3945000000003,0.019364090980019
931,3/31/19,4114.44,4135.012199999999,-0.000269708787404
932,4/1/19,4114.16,4175.872399999999,-6.80530035678599e-05
933,4/2/19,4152.53,4152.53,0.009326326637758
934,4/3/19,4882.88,4809.6368,0.175880728134415
935,4/4/19,4959.81,4959.81,0.015755046202241
936,4/5/19,4911.24,4984.9086,-0.009792713833796
937,4/6/19,5028.77,5003.62615,0.023930819915134
938,4/7/19,5053.52,5104.055200000001,0.004921680649543
939,4/8/19,5189.39,5163.44305,0.026886210008074
940,4/9/19,5268.71,5189.67935,0.015285033501047
941,4/10/19,5175.81,5227.5681,-0.017632399581681
942,4/11/19,5310.18,5257.0782,0.025961153906345
943,4/12/19,5035.02,4984.669800000001,-0.051817452515734
944,4/13/19,5072.85,5148.94275,0.007513376312309
945,4/14/19,5064.62,5039.2969,-0.001622362182994
946,4/15/19,5152.51,5178.27255,0.017353720516051
947,4/16/19,5036.18,5036.18,-0.022577345798456
948,4/17/19,5196.65,5118.70025,0.031863436175832
949,4/18/19,5220.37,5142.06445,0.004564479039381
950,4/19/19,5276.31,5302.69155,0.010715715552729
951,4/20/19,5277.04,5303.4252,0.000138354266523
952,4/21/19,5309.28,5309.28,0.006109485620727
953,4/22/19,5281.83,5334.6483,-0.005170192568484
954,4/23/19,5377.19,5350.30405,0.018054348587516
955,4/24/19,5518.16,5435.3876,0.026216295128125
956,4/25/19,5434.19,5434.19,-0.015217028864694
957,4/26/19,5195.61,5221.588049999999,-0.043903507238429
958,4/27/19,5292.83,5345.7583,0.018711951050984
959,4/28/19,5280.19,5306.590949999999,-0.002388136403399
960,4/29/19,5301.29,5380.8093499999995,0.003996068323299
961,4/30/19,5260.65,5286.953249999999,-0.007666058638558
962,5/1/19,5269.79,5217.0921,0.001737427884387
963,5/2/19,5326.67,5273.4033,0.010793598985918
964,5/3/19,5390.16,5444.0616,0.011919266633751
965,5/4/19,5657.14,5713.7114,0.049530997224572
966,5/5/19,5771.08,5684.5138,0.020140919263091
967,5/6/19,5717.66,5717.66,-0.009256499649979
968,5/7/19,5684.47,5712.89235,-0.00580482225246
969,5/8/19,5755.72,5698.1628,0.012534150061483
970,5/9/19,5936.72,5936.72,0.031446977962792
971,5/10/19,6146.91,6085.4409,0.035405072161059
972,5/11/19,6348.02,6379.7600999999995,0.032717251432021
973,5/12/19,7248.31,7212.068450000001,0.1418221744733
974,5/13/19,6978.63,7013.523149999999,-0.037205914206208
975,5/14/19,7823.11,7823.11,0.121009424485895
976,5/15/19,7992.69,8112.580349999998,0.021676801169867
977,5/16/19,8206.9,8330.003499999999,0.026800739175422
978,5/17/19,7885.96,7964.8196,-0.03910611802264
979,5/18/19,7362.22,7362.22,-0.066414234918767
980,5/19/19,7265.05,7228.72475,-0.01319846459356
981,5/20/19,8193.7,8070.794500000001,0.127824309536755
982,5/21/19,8007.03,7926.959699999999,-0.022782137495881
983,5/22/19,7952.5,7992.262499999999,-0.00681026547921
984,5/23/19,7625.93,7664.059649999999,-0.04106507387614
985,5/24/19,7880.29,7919.691449999999,0.033354620354501
986,5/25/19,8003.26,7883.2111,0.015604755662546
987,5/26/19,8071.45,8031.09275,0.00852027798672
988,5/27/19,8744.42,8744.42,0.083376592805506
989,5/28/19,8770.06,8638.5091,0.002932155591794
990,5/29/19,8719.88,8850.678199999998,-0.005721739646023
991,5/30/19,8662.98,8662.98,-0.006525319155768
992,5/31/19,8272.46,8396.546899999998,-0.04507917598794
993,6/1/19,8553.81,8682.117149999998,0.034010439458154
994,6/2/19,8554.8,8554.8,0.000115737899252
995,6/3/19,8739.03,8695.334850000001,0.021535278440174
996,6/4/19,8134.92,8094.2454,-0.069127809379302
997,6/5/19,7675.8,7675.8,-0.056438170258589
998,6/6/19,7786.04,7708.1795999999995,0.014362020896845
999,6/7/19,7803.23,7764.213849999999,0.00220779754535
1000,6/8/19,7998.29,7998.29,0.024997340844753
1001,6/9/19,7931.34,7931.34,-0.008370539202755
1002,6/10/19,7640.61,7602.40695,-0.036655848822519
1003,6/11/19,8020.38,7900.0743,0.049704146658448
1004,6/12/19,7917.58,7838.4042,-0.012817347806463
1005,6/13/19,8173.06,8254.7906,0.032267435251681
1006,6/14/19,8237.88,8361.448199999999,0.007930934068757
1007,6/15/19,8693.6,8606.664,0.055320058073194
1008,6/16/19,8859.47,8903.767349999998,0.019079552774455
1009,6/17/19,8978.99,8889.2001,0.013490648989161
1010,6/18/19,9327.48,9467.392199999998,0.038811714903347
1011,6/19/19,9076.18,8985.4182,-0.026941896417896
1012,6/20/19,9281.7,9281.7,0.022643887626733
1013,6/21/19,9531.35,9388.37975,0.026897012400746
1014,6/22/19,10209.38,10311.4738,0.071136827416893
1015,6/23/19,10668.63,10668.63,0.044983142952853
1016,6/24/19,10814.48,10814.48,0.013670921196067
1017,6/25/19,11017.5,10962.4125,0.018772978451114
1018,6/26/19,11766.4,11766.4,0.067973678239165
1019,6/27/19,12932.55,12867.88725,0.099108478379113
1020,6/28/19,11132.85,11021.5215,-0.139160490390526
1021,6/29/19,12374.35,12436.221749999999,0.111516817346861
1022,6/30/19,11890.38,11830.9281,-0.039110741170243
1023,7/1/19,10737.73,10684.04135,-0.096939710925976
1024,7/2/19,10578.72,10472.932799999999,-0.014808530294578
1025,7/3/19,10805.4,10805.4,0.021427923227007
1026,7/4/19,11984.76,12044.683799999999,0.109145427286357
1027,7/5/19,11160.49,11327.89735,-0.068776512837971
1028,7/6/19,10955.16,10790.8326,-0.018397937724957
1029,7/7/19,11232.04,11344.360400000001,0.025273934839838
1030,7/8/19,11477.01,11362.2399,0.021809929451818
1031,7/9/19,12313.08,12374.6454,0.072847370525947
1032,7/10/19,12586.78,12775.581699999999,0.022228394520299
1033,7/11/19,12099.9,11978.901,-0.038681855089229
1034,7/12/19,11352.87,11182.57695,-0.061738526764684
1035,7/13/19,11803.97,11803.97,0.039734446003522
1036,7/14/19,11389.1,11502.991,-0.03514664981358
1037,7/15/19,10186.96,10186.96,-0.105551799527619
1038,7/16/19,10873.5,11036.602499999999,0.067394001743405
1039,7/17/19,9397.72,9350.731399999999,-0.135722628408516
1040,7/18/19,9674.28,9529.1658,0.029428414551615
1041,7/19/19,10638.56,10585.367199999999,0.099674601107266
1042,7/20/19,10535.75,10430.3925,-0.009663901881458
1043,7/21/19,10764.9,10764.9,0.021749756780486
1044,7/22/19,10587.41,10746.22115,-0.016487844754712
1045,7/23/19,10323.62,10272.001900000001,-0.024915442020286
1046,7/24/19,9844.3,9844.3,-0.04642945013474
1047,7/25/19,9772.17,9869.8917,-0.007327082677285
1048,7/26/19,9875.17,9973.9217,0.010540135916588
1049,7/27/19,9848.65,9947.1365,-0.002685523388458
1050,7/28/19,9473.99,9521.359949999998,-0.038041762068913
1051,7/29/19,9530.0,9482.35,0.005911975841224
1052,7/30/19,9501.33,9548.83665,-0.003008394543547
1053,7/31/19,9589.13,9541.18435,0.009240811549541
1054,8/1/19,10084.7,9983.853000000001,0.051680392277506
1055,8/2/19,10407.17,10563.277549999999,0.031976161908634
1056,8/3/19,10529.55,10687.493249999998,0.011759200628029
1057,8/4/19,10814.57,10760.49715,0.027068583177819
1058,8/5/19,10980.23,10925.32885,0.015318223470744
1059,8/6/19,11787.99,11787.99,0.073564943539434
1060,8/7/19,11465.67,11293.68495,-0.027343083935429
1061,8/8/19,11960.82,12140.232299999998,0.043185439664669
1062,8/9/19,11996.41,11996.41,0.002975548499183
1063,8/10/19,11856.64,11975.2064,-0.011650985586521
1064,8/11/19,11282.22,11451.453299999997,-0.048447114865594
1065,8/12/19,11566.84,11509.0058,0.025227304555309
1066,8/13/19,11386.26,11443.191299999999,-0.015611869793306
1067,8/14/19,10858.12,10912.4106,-0.046383975071709
1068,8/15/19,10016.96,9916.7904,-0.077468291011704
1069,8/16/19,10302.17,10199.1483,0.02847271028336
1070,8/17/19,10359.44,10411.2372,0.00555902300195
1071,8/18/19,10214.52,10214.52,-0.013989173159939
1072,8/19/19,10317.6,10162.836,0.010091516781993
1073,8/20/19,10917.26,11081.0189,0.05812010545088
1074,8/21/19,10760.56,10760.56,-0.01435341834856
1075,8/22/19,10129.4,10230.694,-0.058654939891604
1076,8/23/19,10111.98,10061.4201,-0.001719746480542
1077,8/24/19,10405.81,10301.7519,0.029057612851291
1078,8/25/19,10143.8,10042.362,-0.025179202772298
1079,8/26/19,10135.06,10236.4106,-0.000861610047517
1080,8/27/19,10360.28,10463.882800000001,0.022221871404807
1081,8/28/19,10171.95,10324.52925,-0.018178080129109
1082,8/29/19,9717.82,9620.6418,-0.044645323659672
1083,8/30/19,9484.55,9484.55,-0.024004354886178
1084,8/31/19,9577.99,9577.99,0.009851811630494
1085,9/1/19,9600.9,9600.9,0.002391942359514
1086,9/2/19,9769.79,9916.33685,0.017591059171536
1087,9/3/19,10386.64,10386.64,0.063138511677324
1088,9/4/19,10621.29,10621.29,0.022591521415973
1089,9/5/19,10584.16,10742.9224,-0.003495808889504
1090,9/6/19,10577.8,10683.578,-0.000600897945609
1091,9/7/19,10317.47,10420.644699999999,-0.02461097770803
1092,9/8/19,10487.21,10382.337899999999,0.016451707637628
1093,9/9/19,10406.31,10250.215349999999,-0.007714158484478
1094,9/10/19,10313.66,10313.66,-0.008903251969238
1095,9/11/19,10101.03,10101.03,-0.020616347639926
1096,9/12/19,10159.32,10108.5234,0.005770698631724
1097,9/13/19,10420.16,10315.9584,0.025674946748405
1098,9/14/19,10363.9,10312.0805,-0.005399149341277
1099,9/15/19,10361.33,10516.74995,-0.000247976147975
1100,9/16/19,10310.43,10465.086449999999,-0.00491249675476
1101,9/17/19,10265.63,10214.30185,-0.004345114607247
1102,9/18/19,10190.36,10343.2154,-0.007332233871667
1103,9/19/19,10157.59,10208.377949999998,-0.003215784329504
1104,9/20/19,10275.88,10430.018199999999,0.011645478898046
1105,9/21/19,10173.11,10020.513350000001,-0.010001089930984
1106,9/22/19,9979.49,9929.59255,-0.019032527909361
1107,9/23/19,10033.05,10133.3805,0.00536700773286
1108,9/24/19,9683.38,9780.2138,-0.034851814752244
1109,9/25/19,8553.61,8510.84195,-0.116671038418403
1110,9/26/19,8432.23,8432.23,-0.014190499683759
1111,9/27/19,8055.64,7975.0836,-0.044660783683557
1112,9/28/19,8193.9,8234.869499999999,0.017163130427874
1113,9/29/19,8225.0,8348.375,0.003795506413308
1114,9/30/19,8056.74,8016.4563,-0.020457142857143
1115,10/1/19,8307.74,8349.278699999999,0.031154039971502
1116,10/2/19,8322.92,8322.92,0.001827211732673
1117,10/3/19,8382.03,8256.29955,0.007102074752611
1118,10/4/19,8236.17,8318.5317,-0.01740151252143
1119,10/5/19,8155.48,8155.48,-0.009797029444511
1120,10/6/19,8147.69,8025.474649999999,-0.000955185960851
1121,10/7/19,7869.74,7948.4374,-0.03411396358968
1122,10/8/19,8212.02,8088.8397,0.043493177665336
1123,10/9/19,8190.0,8312.849999999999,-0.00268143526197
1124,10/10/19,8587.92,8544.9804,0.048586080586081
1125,10/11/19,8586.9,8458.0965,-0.000118771483665
1126,10/12/19,8269.73,8228.38135,-0.036936496290862
1127,10/13/19,8308.01,8349.55005,0.004628929844143
1128,10/14/19,8283.76,8283.76,-0.002918869861736
1129,10/15/19,8353.54,8311.7723,0.008423710971829
1130,10/16/19,8162.16,8162.16,-0.022910047716298
1131,10/17/19,8002.51,7882.47235,-0.019559773393318
1132,10/18/19,8076.78,8117.163899999999,0.009280838137034
1133,10/19/19,7954.15,7874.608499999999,-0.015183030861309
1134,10/20/19,7960.04,7840.6394,0.000740493955985
1135,10/21/19,8231.06,8354.525899999999,0.034047567600163
1136,10/22/19,8222.52,8304.745200000001,-0.001037533440407
1137,10/23/19,8026.76,8026.76,-0.023807786420708
1138,10/24/19,7469.56,7432.2122,-0.069417797467471
1139,10/25/19,7431.88,7320.4018,-0.005044473837816
1140,10/26/19,8666.79,8796.79185,0.166163877780589
1141,10/27/19,9259.8,9259.8,0.06842325705365
1142,10/28/19,9551.54,9551.54,0.031506080044926
1143,10/29/19,9218.76,9310.9476,-0.03484045504704
1144,10/30/19,9433.35,9527.683500000001,0.023277534071828
1145,10/31/19,9164.62,9210.4431,-0.028487228821151
1146,11/1/19,9147.98,9147.98,-0.001815678118678
1147,11/2/19,9252.99,9391.784849999998,0.011479036902136
1148,11/3/19,9301.18,9254.6741,0.005208046263964
1149,11/4/19,9206.16,9206.16,-0.010215908089081
1150,11/5/19,9418.05,9276.77925,0.023016110951798
1151,11/6/19,9310.19,9310.19,-0.011452476892775
1152,11/7/19,9343.34,9296.6233,0.00356061476726
1153,11/8/19,9204.24,9342.3036,-0.014887609784082
1154,11/9/19,8766.04,8897.5306,-0.047608493476919
1155,11/10/19,8809.41,8941.55115,0.00494750195071
1156,11/11/19,9037.12,9037.12,0.025848496096788
1157,11/12/19,8717.81,8761.399049999998,-0.035333159236571
1158,11/13/19,8801.52,8933.5428,0.009602182199429
1159,11/14/19,8762.42,8850.0442,-0.004442414492042
1160,11/15/19,8632.32,8718.6432,-0.014847496467871
1161,11/16/19,8457.69,8415.40155,-0.020229787588968
1162,11/17/19,8482.7,8482.7,0.00295707220293
1163,11/18/19,8503.93,8503.93,0.002502740872599
1164,11/19/19,8175.99,8257.7499,-0.038563346593869
1165,11/20/19,8120.8,8161.4039999999995,-0.006750252874575
1166,11/21/19,8081.81,8041.40095,-0.004801251108265
1167,11/22/19,7617.07,7502.81395,-0.057504445167605
1168,11/23/19,7286.35,7395.64525,-0.043418269754643
1169,11/24/19,7324.03,7287.40985,0.005171313483431
1170,11/25/19,6907.4,6803.789,-0.056885348640025
1171,11/26/19,7130.25,7165.901249999999,0.032262501085792
1172,11/27/19,7163.63,7163.63,0.00468146278181
1173,11/28/19,7523.83,7448.5917,0.050281770554872
1174,11/29/19,7431.0,7393.845,-0.012338130978504
1175,11/30/19,7757.47,7641.1079500000005,0.04393352173328
1176,12/1/19,7557.72,7671.0858,-0.025749374473894
1177,12/2/19,7402.69,7402.69,-0.020512800156661
1178,12/3/19,7309.59,7236.4941,-0.01257650934998
1179,12/4/19,7296.77,7296.77,-0.001753860339636
1180,12/5/19,7192.85,7156.88575,-0.014241917999334
1181,12/6/19,7395.97,7358.9901500000005,0.028239154160034
1182,12/7/19,7547.19,7547.19,0.020446270063291
1183,12/8/19,7504.83,7579.8783,-0.005612684986068
1184,12/9/19,7522.39,7447.1661,0.002339826485077
1185,12/10/19,7337.42,7410.7942,-0.024589259530548
1186,12/11/19,7220.76,7148.5524000000005,-0.015899321559894
1187,12/12/19,7202.31,7274.333100000001,-0.002555132700713
1188,12/13/19,7189.16,7189.16,-0.001825803110391
1189,12/14/19,7251.87,7251.87,0.008722854964975
1190,12/15/19,7067.74,7173.756099999999,-0.025390692331771
1191,12/16/19,7111.14,7075.5843,0.006140576761454
1192,12/17/19,6879.54,6879.54,-0.032568617689991
1193,12/18/19,6612.12,6711.301799999999,-0.038871785032139
1194,12/19/19,7284.29,7320.711449999999,0.101657259698856
1195,12/20/19,7150.86,7043.5971,-0.018317502460775
1196,12/21/19,7190.17,7226.120849999999,0.005497240891305
1197,12/22/19,7143.2,7071.768,-0.006532529828919
1198,12/23/19,7514.41,7551.982049999999,0.051966905588532
1199,12/24/19,7322.08,7431.9112,-0.02559482381185
1200,12/25/19,7250.69,7141.929649999999,-0.0097499617595
1201,12/26/19,7192.72,7228.683599999999,-0.00799510115589
1202,12/27/19,7194.4,7266.344,0.000233569498048
1203,12/28/19,7243.93,7207.71035,0.00688452129434
1204,12/29/19,7301.07,7301.07,0.007887983456494
1205,12/30/19,7385.36,7459.2136,0.011544883147265
1206,12/31/19,7219.6,7111.3060000000005,-0.022444403522645
1207,1/1/20,7168.31,7204.15155,-0.007104271704804
1208,1/2/20,7175.68,7175.68,0.00102813633897
1209,1/3/20,6944.33,7013.7733,-0.032240846860507
1210,1/4/20,7326.35,7289.71825,0.055011786594243
1211,1/5/20,7347.89,7458.1083499999995,0.00294007247811
1212,1/6/20,7351.57,7425.0857,0.000500824046087
1213,1/7/20,7759.24,7720.4438,0.0554534609614
1214,1/8/20,8165.47,8206.297349999999,0.052354354292431
1215,1/9/20,8042.65,8042.65,-0.015041387697218
1216,1/10/20,7817.92,7817.92,-0.027942282705327
1217,1/11/20,8184.66,8184.66,0.046910175596578
1218,1/12/20,8021.49,8101.7049,-0.01993607553643
1219,1/13/20,8173.97,8051.36045,0.019008937242333
1220,1/14/20,8105.24,8105.24,-0.00840839885637
1221,1/15/20,8842.42,8975.056299999998,0.090951039080891
1222,1/16/20,8813.89,8681.681649999999,-0.003226492295096
1223,1/17/20,8722.03,8765.64015,-0.010422185890679
1224,1/18/20,8900.34,8766.8349,0.020443635254637
1225,1/19/20,8910.85,8955.40425,0.001180853765137
1226,1/20/20,8703.36,8790.393600000001,-0.023285096259055
1227,1/21/20,8626.47,8626.47,-0.008834519082286
1228,1/22/20,8722.26,8722.26,0.011104194415561
1229,1/23/20,8658.94,8788.8241,-0.0072595863916
1230,1/24/20,8388.11,8471.991100000001,-0.031277500479274
1231,1/25/20,8428.17,8301.74745,0.004775807661082
1232,1/26/20,8327.36,8452.2704,-0.011961078146264
1233,1/27/20,8588.42,8588.42,0.031349671444491
1234,1/28/20,8895.78,8895.78,0.035787723469509
1235,1/29/20,9385.69,9385.69,0.055072180292229
1236,1/30/20,9279.81,9419.00715,-0.011281003314621
1237,1/31/20,9502.37,9549.88185,0.023983249657051
1238,2/1/20,9333.77,9333.77,-0.017742942023937
1239,2/2/20,9378.09,9331.19955,0.004748349273659
1240,2/3/20,9314.56,9314.56,-0.006774300523881
1241,2/4/20,9162.14,9207.950699999998,-0.016363628555724
1242,2/5/20,9162.14,9253.7614,0.0
1243,2/6/20,9614.9,9614.9,0.049416402718142
1244,2/7/20,9755.66,9901.9949,0.014639777844803
1245,2/8/20,9807.54,9660.4269,0.005317938509542
1246,2/9/20,9907.12,9907.12,0.010153412578486
1247,2/10/20,10162.41,10264.0341,0.025768336307625
1248,2/11/20,9854.79,9854.79,-0.030270378778262
1249,2/12/20,10275.38,10121.2493,0.042678737953827
1250,2/13/20,10354.3,10406.071499999998,0.007680494541321
1251,2/14/20,10242.43,10242.43,-0.010804206947838
1252,2/15/20,10368.53,10420.37265,0.012311531540855
1253,2/16/20,9904.17,9904.17,-0.044785519258757
1254,2/17/20,9937.67,9838.2933,0.003382413670202
1255,2/18/20,9703.93,9655.41035,-0.02352060392426
1256,2/19/20,10180.65,10333.359749999998,0.049126487928087
1257,2/20/20,9604.72,9460.6492,-0.056571044088541
1258,2/21/20,9606.86,9702.928600000001,0.000222807119833
1259,2/22/20,9696.58,9551.1313,0.009339159725446
1260,2/23/20,9669.63,9524.58555,-0.002779330444342
1261,2/24/20,9989.39,9989.39,0.033068483489027
1262,2/25/20,9663.75,9567.1125,-0.032598587100914
1263,2/26/20,9309.15,9262.60425,-0.036693830034924
1264,2/27/20,8785.52,8785.52,-0.056248959357192
1265,2/28/20,8804.72,8892.7672,0.002185414181517
1266,2/29/20,8712.35,8668.78825,-0.010490963937524
1267,3/1/20,8534.17,8662.18255,-0.020451428145104
1268,3/2/20,8912.82,9001.948199999999,0.044368696662944
1269,3/3/20,8912.82,8779.1277,0.0
1270,3/4/20,8754.34,8710.5683,-0.017781128756106
1271,3/5/20,8758.9,8802.6945,0.000520884498432
1272,3/6/20,9067.39,9067.39,0.035220176049504
1273,3/7/20,9155.89,9247.4489,0.009760250744702
1274,3/8/20,8898.63,8943.123149999998,-0.028097760021145
1275,3/9/20,8039.38,8119.7738,-0.096559807520933
1276,3/10/20,7931.94,8011.2594,-0.013364214653369
1277,3/11/20,7885.46,7846.0327,-0.005859852696818
1278,3/12/20,7936.65,7817.6002499999995,0.006491694840884
1279,3/13/20,4830.21,4757.75685,-0.391404433860634
1280,3/14/20,5609.03,5637.075149999999,0.161239366404359
1281,3/15/20,5166.26,5192.0913,-0.078938782641562
1282,3/16/20,5348.44,5401.9244,0.035263420733761
1283,3/17/20,5026.35,4976.0865,-0.060221298172925
1284,3/18/20,5357.61,5330.82195,0.065904682324152
1285,3/19/20,5410.23,5356.127699999999,0.009821543561401
1286,3/20/20,6195.2,6164.224,0.145089949965159
1287,3/21/20,6226.44,6164.1756,0.005042613636364
1288,3/22/20,6189.85,6282.697749999999,-0.005876552251367
1289,3/23/20,5822.62,5822.62,-0.059327770462935
1290,3/24/20,6502.16,6437.1384,0.116706912008683
1291,3/25/20,6768.49,6734.64755,0.040960234752759
1292,3/26/20,6698.46,6597.9831,-0.010346473142459
1293,3/27/20,6763.75,6729.93125,0.009747016478414
1294,3/28/20,6369.09,6305.3991,-0.058349288486417
1295,3/29/20,6260.95,6260.95,-0.016978877673263
1296,3/30/20,5885.41,5826.555899999999,-0.059981312740079
1297,3/31/20,6405.29,6405.29,0.088333692979759
1298,4/1/20,6428.28,6428.28,0.003589220784695
1299,4/2/20,6652.87,6719.3987,0.034937806069431
1300,4/3/20,6809.11,6877.201099999999,0.023484601382561
1301,4/4/20,6741.67,6640.54495,-0.009904378105215
1302,4/5/20,6871.69,6768.6146499999995,0.019286022602708
1303,4/6/20,6777.44,6811.327199999999,-0.0137156943925
1304,4/7/20,7343.2,7453.347999999999,0.083476947047853
1305,4/8/20,7205.55,7205.55,-0.018745233685587
1306,4/9/20,7365.03,7475.505449999999,0.022132939192706
1307,4/10/20,7293.69,7403.095349999999,-0.009686314923361
1308,4/11/20,6873.24,6804.5076,-0.057645718422362
1309,4/12/20,6891.6,6788.226000000001,0.002671229289244
1310,4/13/20,6915.37,6880.7931499999995,0.003449126472807
1311,4/14/20,6857.66,6857.66,-0.008345178927519
1312,4/15/20,6871.95,6837.59025,0.002083801179994
1313,4/16/20,6623.8,6623.8,-0.036110565414475
1314,4/17/20,7112.27,7218.954049999999,0.073744678281349
1315,4/18/20,7034.89,7034.89,-0.010879789434316
1316,4/19/20,7259.36,7186.7663999999995,0.031908103751445
1317,4/20/20,7130.04,7023.0894,-0.017814242577858
1318,4/21/20,6840.24,6874.441199999999,-0.040644933268257
1319,4/22/20,6852.52,6921.0452000000005,0.001795258645896
1320,4/23/20,7130.99,7130.99,0.040637604851938
1321,4/24/20,7477.6,7365.436000000001,0.048606154264696
1322,4/25/20,7507.08,7619.686199999999,0.003942441425056
1323,4/26/20,7549.52,7474.0248,0.005653329923219
1324,4/27/20,7699.27,7814.75905,0.019835698163592
1325,4/28/20,7790.66,7790.66,0.01186995650237
1326,4/29/20,7765.33,7842.9833,-0.003251329155681
1327,4/30/20,8777.63,8821.518149999998,0.130361491398305
1328,5/1/20,8628.77,8671.913849999999,-0.016959019689825
1329,5/2/20,8824.66,8692.2901,0.022701960997917
1330,5/3/20,8973.82,8839.2127,0.016902634209137
1331,5/4/20,8903.95,8814.9105,-0.007785981889541
1332,5/5/20,8885.93,8752.64105,-0.002023820888482
1333,5/6/20,9030.96,8985.805199999999,0.016321307955386
1334,5/7/20,9170.79,9033.22815,0.01548340375774
1335,5/8/20,10002.48,9952.4676,0.090689024609657
1336,5/9/20,9821.8,9821.8,-0.018063520246979
1337,5/10/20,9527.39,9527.39,-0.029975157303142
1338,5/11/20,8754.46,8754.46,-0.081127150247864
1339,5/12/20,8617.25,8746.508749999999,-0.015673154026633
1340,5/13/20,8814.53,8814.53,0.022893614552206
1341,5/14/20,9305.93,9398.989300000001,0.055748860120733
1342,5/15/20,9790.31,9790.31,0.052050681662123
1343,5/16/20,9303.59,9303.59,-0.049714462565537
1344,5/17/20,9385.7,9385.7,0.008825625376871
1345,5/18/20,9669.4,9669.4,0.030226834439626
1346,5/19/20,9719.37,9670.77315,0.005167849090947
1347,5/20/20,9785.74,9785.74,0.006828631896923
1348,5/21/20,9510.67,9605.7767,-0.02810926920192
1349,5/22/20,9057.57,9057.57,-0.047641228220515
1350,5/23/20,9167.26,9167.26,0.01211031214774
1351,5/24/20,9178.32,9178.32,0.001206467363203
1352,5/25/20,8730.73,8818.0373,-0.048766005107689
1353,5/26/20,8899.66,9033.1549,0.01934889751487
1354,5/27/20,8842.85,8842.85,-0.006383389927256
1355,5/28/20,9197.54,9289.5154,0.040110371656197
1356,5/29/20,9569.21,9664.9021,0.04040971825075
1357,5/30/20,9425.98,9473.109899999998,-0.01496779775969
1358,5/31/20,9698.1,9843.5715,0.028869146762459
1359,6/1/20,9450.84,9450.84,-0.025495715655644
1360,6/2/20,10204.23,10051.16655,0.079716723592824
1361,6/3/20,9525.57,9525.57,-0.066507712977853
1362,6/4/20,9658.04,9513.1694,0.013906779331841
1363,6/5/20,9794.56,9696.614399999999,0.014135373222724
1364,6/6/20,9623.75,9671.86875,-0.017439272412441
1365,6/7/20,9670.43,9622.07785,0.004850500064944
1366,6/8/20,9753.85,9753.85,0.008626296865806
1367,6/9/20,9782.59,9782.59,0.002946528806574
1368,6/10/20,9775.15,9824.025749999999,-0.0007605347868
1369,6/11/20,9892.13,9743.748049999998,0.011967079789057
1370,6/12/20,9286.42,9425.7163,-0.061231504236196
1371,6/13/20,9459.97,9459.97,0.018688579667945
1372,6/14/20,9473.5,9378.765,0.001430237093775
1373,6/15/20,9330.07,9283.41965,-0.015140127724706
1374,6/16/20,9426.7,9568.1005,0.010356835479262
1375,6/17/20,9526.0,9526.0,0.010533909003151
1376,6/18/20,9454.81,9549.3581,-0.007473231156834
1377,6/19/20,9380.03,9380.03,-0.007909201771373
1378,6/20/20,9300.15,9253.64925,-0.008515964234656
1379,6/21/20,9357.43,9263.8557,0.006159040445584
1380,6/22/20,9284.78,9377.6278,-0.007763883886922
1381,6/23/20,9691.9,9643.440499999999,0.043848104101551
1382,6/24/20,9621.49,9573.38255,-0.007264829393617
1383,6/25/20,9276.58,9276.58,-0.035847878031365
1384,6/26/20,9240.85,9240.85,-0.003851634977546
1385,6/27/20,9154.45,9062.9055,-0.009349789250989
1386,6/28/20,9004.23,9004.23,-0.016409505759494
1387,6/29/20,9127.47,9127.47,0.013686900490103
1388,6/30/20,9185.35,9185.35,0.006341297205031
1389,7/1/20,9133.97,9225.3097,-0.005593689951934
1390,7/2/20,9236.38,9236.38,0.011211992156751
1391,7/3/20,9087.98,8951.6603,-0.016066900668877
1392,7/4/20,9072.42,8936.3337,-0.001712151655263
1393,7/5/20,9131.31,9131.31,0.006491101602439
1394,7/6/20,9089.09,9089.09,-0.004623652028022
1395,7/7/20,9348.91,9348.91,0.028585920042601
1396,7/8/20,9256.23,9256.23,-0.009913455151456
1397,7/9/20,9440.07,9534.4707,0.019861217796014
1398,7/10/20,9238.04,9284.2302,-0.021401324354586
1399,7/11/20,9287.4,9426.711,0.005343124732086
1400,7/12/20,9235.96,9328.319599999999,-0.005538686823008
1401,7/13/20,9295.9,9295.9,0.006489850540713
1402,7/14/20,9238.13,9376.701949999999,-0.006214567712648
1403,7/15/20,9254.52,9254.52,0.001774168581737
1404,7/16/20,9193.51,9193.51,-0.0065924542818
1405,7/17/20,9131.0,9267.964999999998,-0.006799361723651
1406,7/18/20,9154.19,9291.502849999999,0.002539699923338
1407,7/19/20,9174.71,9128.836449999999,0.002241596471124
1408,7/20/20,9214.66,9168.5867,0.004354361064274
1409,7/21/20,9163.87,9301.32805,-0.005511869130277
1410,7/22/20,9392.66,9345.6967,0.024966526151069
1411,7/23/20,9537.4,9394.339,0.01540990518128
1412,7/24/20,9613.11,9709.241100000001,0.007938222156982
1413,7/25/20,9551.28,9646.792800000001,-0.006431841516429
1414,7/26/20,9707.5,9707.5,0.016355922975769
1415,7/27/20,9938.83,9839.4417,0.023830028328612
1416,7/28/20,11042.4,11042.4,0.111036208487317
1417,7/29/20,10934.94,10770.9159,-0.009731580091284
1418,7/30/20,11102.67,11269.21005,0.015338904465868
1419,7/31/20,11114.93,11114.93,0.001104238890285
1420,8/1/20,11343.88,11457.3188,0.020598420322935
1421,8/2/20,11823.69,11764.57155,0.042296815551646
1422,8/3/20,11077.77,11077.77,-0.063086904342046
1423,8/4/20,11242.57,11242.57,0.014876640334652
1424,8/5/20,11194.25,11250.221249999999,-0.004297949668092
1425,8/6/20,11750.28,11750.28,0.049671036469616
1426,8/7/20,11772.94,11714.0753,0.001928464683395
1427,8/8/20,11605.6,11547.572,-0.014213951655237
1428,8/9/20,11767.6,11826.437999999998,0.013958778520714
1429,8/10/20,11684.06,11567.2194,-0.007099153608212
1430,8/11/20,11893.03,11952.495149999999,0.017885050230827
1431,8/12/20,11392.43,11392.43,-0.042091880706599
1432,8/13/20,11573.11,11746.70665,0.015859654173868
1433,8/14/20,11777.43,11895.204300000001,0.017654718567438
1434,8/15/20,11774.38,11892.1238,-0.000258969911093
1435,8/16/20,11873.98,11695.870299999999,0.008459044128014
1436,8/17/20,11914.01,11914.01,0.003371236939931
1437,8/18/20,12293.72,12478.125799999998,0.031870881424474
1438,8/19/20,11969.53,11969.53,-0.026370374467614
1439,8/20/20,11734.0,11792.669999999998,-0.019677464361592
1440,8/21/20,11865.82,11865.82,0.011234020794273
1441,8/22/20,11522.8,11349.957999999999,-0.028908242329649
1442,8/23/20,11683.44,11625.0228,0.013941055993335
1443,8/24/20,11653.02,11711.2851,-0.002603685215998
1444,8/25/20,11763.93,11705.11035,0.009517704423403
1445,8/26/20,11337.4,11167.339,-0.036257441178246
1446,8/27/20,11467.37,11352.696300000001,0.01146382768536
1447,8/28/20,11302.01,11302.01,-0.014420045747194
1448,8/29/20,11534.75,11477.07625,0.020592797210408
1449,8/30/20,11481.64,11309.4154,-0.004604347731854
1450,8/31/20,11707.78,11766.3189,0.019695792587122
1451,9/1/20,11659.57,11834.463549999999,-0.004117774676326
1452,9/2/20,11923.25,11982.86625,0.022614899177243
1453,9/3/20,11397.44,11454.4272,-0.04409955339358
1454,9/4/20,10187.51,10085.634900000001,-0.106158049526911
1455,9/5/20,10467.89,10363.211099999999,0.027521936174787
1456,9/6/20,10159.62,10108.8219,-0.029449105789228
1457,9/7/20,10254.93,10254.93,0.009381256385573
1458,9/8/20,10367.74,10419.578699999998,0.011000562656205
1459,9/9/20,10121.52,10222.735200000001,-0.023748666536777
1460,9/10/20,10227.83,10125.5517,0.010503363131229
1461,9/11/20,10352.66,10249.1334,0.012204934966655
1462,9/12/20,10395.44,10343.462800000001,0.004132271319642
1463,9/13/20,10446.44,10550.904400000001,0.004905997244946
1464,9/14/20,10330.77,10227.462300000001,-0.011072671646992
1465,9/15/20,10674.64,10621.2668,0.033285999010722
1466,9/16/20,10785.62,10839.5481,0.010396603538855
1467,9/17/20,10948.43,11057.9143,0.015095098844573
1468,9/18/20,10943.89,11108.04835,-0.000414671327305
1469,9/19/20,10931.79,10931.79,-0.001105639767943
1470,9/20/20,11081.43,11247.65145,0.013688517616969
1471,9/21/20,10919.65,10755.855249999999,-0.014599198839861
1472,9/22/20,10430.46,10586.916899999998,-0.044799054914764
1473,9/23/20,10532.22,10637.5422,0.009756041440167
1474,9/24/20,10234.48,10183.3076,-0.028269443669046
1475,9/25/20,10732.43,10732.43,0.04865415731918
1476,9/26/20,10692.84,10639.3758,-0.003688819773341
1477,9/27/20,10732.4,10571.413999999999,0.003699671930002
1478,9/28/20,10774.24,10612.6264,0.003898475643845
1479,9/29/20,10692.33,10638.86835,-0.007602392372919
1480,9/30/20,10840.8,10840.8,0.013885654483167
1481,10/1/20,10777.92,10777.92,-0.005800309940226
1482,10/2/20,10619.24,10619.24,-0.014722692319112
1483,10/3/20,10575.06,10469.3094,-0.004160373058712
1484,10/4/20,10551.77,10551.77,-0.002202351570582
1485,10/5/20,10673.46,10726.827299999997,0.011532662292677
1486,10/6/20,10788.56,10950.388399999998,0.0107837570947
1487,10/7/20,10603.74,10656.758699999998,-0.017131109249056
1488,10/8/20,10670.8,10830.861999999997,0.0063241837314
1489,10/9/20,10923.3,11032.533,0.023662705701541
1490,10/10/20,11063.19,10897.24215,0.0128065694433
1491,10/11/20,11302.67,11472.21005,0.021646559446236
1492,10/12/20,11376.61,11376.61,0.00654181711047
1493,10/13/20,11540.04,11540.04,0.0143654392653
1494,10/14/20,11428.24,11428.24,-0.009688008013837
1495,10/15/20,11431.32,11431.32,0.000269507815727
1496,10/16/20,11503.73,11561.248649999998,0.006334351588443
1497,10/17/20,11327.57,11440.8457,-0.015313294035935
1498,10/18/20,11366.51,11366.51,0.003437630489152
1499,10/19/20,11508.2,11450.659000000001,0.012465567707238
1500,10/20/20,11758.16,11758.16,0.02172016475209
1501,10/21/20,11925.46,12104.341899999998,0.014228416691047
1502,10/22/20,12831.56,12703.2444,0.075980297615354
1503,10/23/20,12990.25,12990.25,0.012367163462588
1504,10/24/20,12944.52,13009.2426,-0.00352033255711
1505,10/25/20,13128.46,13062.8177,0.01420987413979
1506,10/26/20,13036.77,13232.321549999999,-0.006984063629702
1507,10/27/20,13076.37,13010.988150000001,0.003037562218249
1508,10/28/20,13651.47,13719.727349999997,0.043980095393446
1509,10/29/20,13289.0,13488.335,-0.02655171933865
1510,10/30/20,13458.66,13660.539899999998,0.012766950109113
1511,10/31/20,13564.72,13768.190799999998,0.007880427917787
1512,11/1/20,13810.32,14017.474799999998,0.018105792084171
1513,11/2/20,13758.88,13758.88,-0.003724750766094
1514,11/3/20,13575.17,13710.9217,-0.013352104241043
1515,11/4/20,14023.31,14023.31,0.033011741289428
1516,11/5/20,14155.59,14367.92385,0.009432865707169
1517,11/6/20,15591.39,15591.39,0.101429894479849
1518,11/7/20,15595.77,15751.727700000001,0.000280924279362
1519,11/8/20,14839.84,15062.4376,-0.048470194161622
1520,11/9/20,15490.6,15645.506000000001,0.043852224821831
1521,11/10/20,15328.53,15558.45795,-0.0104624740165
1522,11/11/20,15317.04,15317.04,-0.000749582640997
1523,11/12/20,15708.65,15551.5635,0.025566950272376
1524,11/13/20,16295.57,16458.5257,0.037362854223628
1525,11/14/20,16339.33,16094.24005,0.00268539241033
1526,11/15/20,16091.07,15930.1593,-0.01519401346322
1527,11/16/20,15968.16,15728.6376,-0.007638398192289
1528,11/17/20,16725.15,16725.15,0.047406213364596
1529,11/18/20,17679.72,17679.72,0.057073927588093
1530,11/19/20,17798.45,17976.4345,0.006715604093277
1531,11/20/20,17820.57,17909.67285,0.001242804850984
1532,11/21/20,18687.45,18780.88725,0.048644908664538
1533,11/22/20,18699.75,18980.246249999997,0.000658195740992
1534,11/23/20,18422.28,18238.0572,-0.014838166285646
1535,11/24/20,18398.91,18490.90455,-0.001268572619676
1536,11/25/20,19172.52,19172.52,0.042046512537971
1537,11/26/20,18739.8,18458.702999999998,-0.022569803030588
1538,11/27/20,17151.44,17151.44,-0.0847586420346
1539,11/28/20,17138.87,17310.2587,-0.000732883069876
1540,11/29/20,17732.42,17732.42,0.034631804780595
1541,11/30/20,18191.6,18282.557999999997,0.025894942709455
1542,12/1/20,19709.73,20005.375949999998,0.083452252688054
1543,12/2/20,18792.52,18886.4826,-0.046535898766751
1544,12/3/20,19226.97,19130.835150000003,0.02311824066171
1545,12/4/20,19454.54,19454.54,0.011835978315876
1546,12/5/20,18670.49,18857.194900000002,-0.040301646813546
1547,12/6/20,19155.06,18963.509400000003,0.025953791250256
1548,12/7/20,19377.66,19571.4366,0.011620950286765
1549,12/8/20,19181.41,19085.50295,-0.010127641830851
1550,12/9/20,18318.87,18410.46435,-0.044967497175651
1551,12/10/20,18554.15,18646.92075,0.012843586967974
1552,12/11/20,18247.76,18156.5212,-0.016513286784897
1553,12/12/20,18029.36,17758.9196,-0.011968592309412
1554,12/13/20,18803.44,18803.44,0.042934413645299
1555,12/14/20,19164.48,19451.9472,0.019200741991891
1556,12/15/20,19276.59,19469.3559,0.005849884786856
1557,12/16/20,19439.75,19634.1475,0.008464152632805
1558,12/17/20,21379.48,21593.2748,0.099781632994252
1559,12/18/20,22847.46,22733.2227,0.068663035770748
1560,12/19/20,23150.79,23498.05185,0.013276311677535
1561,12/20/20,23869.92,23869.92,0.031062870856675
1562,12/21/20,23490.58,23842.9387,-0.015891967798803
1563,12/22/20,22745.48,23086.6622,-0.031719097612745
1564,12/23/20,23824.99,23705.86505,0.047460418509524
1565,12/24/20,23253.37,23369.636849999995,-0.023992454981094
1566,12/25/20,23715.53,23715.53,0.019874968660457
1567,12/26/20,24693.58,24323.176300000003,0.041240908383663
1568,12/27/20,26443.21,26839.858149999996,0.070853638881037
1569,12/28/20,26246.58,26640.2787,-0.007435935349755
1570,12/29/20,27036.69,27036.69,0.030103350607965
1571,12/30/20,27376.37,27513.251849999997,0.01256366811174
1572,12/31/20,28856.59,28712.30705,0.054069257538527
1573,1/1/21,28982.56,28692.7344,0.004365380663481
1574,1/2/21,29393.75,29246.78125,0.014187497584754
1575,1/3/21,32195.46,32195.46,0.095316521369339
1576,1/4/21,33000.78,32670.7722,0.025013464631349
1577,1/5/21,32035.03,31714.679699999997,-0.029264459809738
1578,1/6/21,34046.67,34216.90334999999,0.062795009088489
1579,1/7/21,36860.41,36307.50385,0.082643618303934
1580,1/8/21,39486.04,39486.04,0.071231709034164
1581,1/9/21,40670.25,40466.89875,0.02999059920924
1582,1/10/21,40240.72,39838.3128,-0.010561282509943
1583,1/11/21,38240.09,38048.88955,-0.049716555767392
1584,1/12/21,35544.94,35722.6647,-0.070479698138786
1585,1/13/21,34011.82,34181.8791,-0.043131877561195
1586,1/14/21,37393.13,37393.13,0.099415732530632
1587,1/15/21,39158.47,39158.47,0.04721027632616
1588,1/16/21,36828.52,37012.662599999996,-0.059500537176248
1589,1/17/21,36065.2,36065.2,-0.020726328399838
1590,1/18/21,35793.01,35614.04495,-0.007547164579706
1591,1/19/21,36632.35,36266.0265,0.023449830008708
1592,1/20/21,36020.13,35659.9287,-0.016712550518872
1593,1/21/21,35538.98,36072.0647,-0.013357808536504
1594,1/22/21,30797.88,30797.88,-0.13340562953692
1595,1/23/21,33002.38,32672.3562,0.071579602232361
1596,1/24/21,32099.74,32581.2361,-0.027350754703146
1597,1/25/21,32276.84,32276.84,0.005517178643815
1598,1/26/21,32243.26,32243.26,-0.001040374460449
1599,1/27/21,32541.8,32867.218,0.009258989320559
1600,1/28/21,30419.17,30723.361699999998,-0.065227799322717
1601,1/29/21,33403.17,33904.217549999994,0.098096036150888
1602,1/30/21,34314.26,33799.5461,0.027275554984752
1603,1/31/21,34318.1,34318.1,0.00011190682824
1604,2/1/21,33136.46,32639.413099999998,-0.034431976129215
1605,2/2/21,33522.9,33355.2855,0.011662078568441
1606,2/3/21,35529.66,35529.66,0.05986236274308
1607,2/4/21,37676.25,37864.63125,0.060416846094221
1608,2/5/21,37002.09,36817.079549999995,-0.017893500547427
1609,2/6/21,38278.61,38087.21695,0.034498591836299
1610,2/7/21,39323.26,39126.6437,0.027290698382204
1611,2/8/21,38928.1,38928.1,-0.010049014247547
1612,2/9/21,46364.3,46827.94300000001,0.191023964693885
1613,2/10/21,46589.58,46356.6321,0.004858910843041
1614,2/11/21,44878.17,45326.9517,-0.036733750336449
1615,2/12/21,48013.38,48733.58069999999,0.069860468909494
1616,2/13/21,47471.4,46996.686,-0.011288103441166
1617,2/14/21,47185.19,47185.19,-0.006029103839364
1618,2/15/21,48720.37,48476.76815,0.032535208611007
1619,2/16/21,47951.85,48191.609249999994,-0.015774100237745
1620,2/17/21,49160.1,49651.701,0.025197150891989
1621,2/18/21,52118.23,52378.821149999996,0.06017339264973
1622,2/19/21,51608.15,52382.272249999995,-0.009786978567768
1623,2/20/21,55916.5,55916.5,0.083481969417621
1624,2/21/21,56001.2,56841.21799999999,0.001514758613289
1625,2/22/21,57487.86,56625.5421,0.02654693113719
1626,2/23/21,54123.4,54664.634000000005,-0.058524704172324
1627,2/24/21,48880.43,48636.02785,-0.096870669617947
1628,2/25/21,50624.84,50624.84,0.035687288348323
1629,2/26/21,46800.42,46800.42,-0.075544337522845
1630,2/27/21,46340.31,46340.31,-0.009831322026597
1631,2/28/21,46155.87,46155.87,-0.003980120115726
1632,3/1/21,45113.92,44662.7808,-0.022574593437411
1633,3/2/21,49618.43,48874.15355,0.099847452848256
1634,3/3/21,48356.04,48356.04,-0.025441957756422
1635,3/4/21,50477.7,50477.7,0.043875801244271
1636,3/5/21,48448.91,48691.15455,-0.040191807471418
1637,3/6/21,48861.38,48372.7662,0.008513504225379
1638,3/7/21,48881.59,49125.99794999999,0.000413619099583
1639,3/8/21,51169.7,51681.397,0.046809238406525
1640,3/9/21,52299.33,51514.84005,0.022076150534398
1641,3/10/21,54881.52,55155.92759999999,0.049373290250563
1642,3/11/21,55997.23,55437.2577,0.020329429651366
1643,3/12/21,57764.0,57186.36,0.031551024934626
1644,3/13/21,57253.28,57825.8128,-0.008841492971401
1645,3/14/21,61258.73,61871.3173,0.069960183940553
1646,3/15/21,59133.47,60020.47205,-0.034693177609134
1647,3/16/21,55754.72,55754.72,-0.05713769207185
1648,3/17/21,56872.38,56872.38,0.020046015835072
1649,3/18/21,58913.0,58618.435,0.035880685844341
1650,3/19/21,57665.9,58530.888499999994,-0.021168502707382
1651,3/20/21,58075.1,58075.1,0.007096048097749
1652,3/21/21,58085.8,58085.8,0.000184244194156
1653,3/22/21,57411.17,57985.2817,-0.011614370465759
1654,3/23/21,54204.96,53391.8856,-0.055846449393036
1655,3/24/21,54477.46,54205.0727,0.005027215221633
1656,3/25/21,52508.23,52508.23,-0.036147610406212
1657,3/26/21,51415.92,51415.92,-0.020802643699854
1658,3/27/21,55074.47,55074.47,0.071155976592464
1659,3/28/21,55863.93,55584.61035,0.014334409391502
1660,3/29/21,55783.71,55504.79145,-0.001435989197323
1661,3/30/21,57627.67,56763.254949999995,0.033055528217826
1662,3/31/21,58730.13,58436.479349999994,0.019130740493239
1663,4/1/21,58735.25,58735.25,8.71784210251641e-05
1664,4/2/21,58736.92,59617.97379999999,2.8432670329968e-05
1665,4/3/21,59031.32,59326.476599999995,0.005012179732952
1666,4/4/21,57076.49,56220.34265,-0.033115132780361
1667,4/5/21,58206.55,57624.484500000006,0.019799045105962
1668,4/6/21,59054.1,58758.8295,0.014561076030103
1669,4/7/21,58020.46,58020.46,-0.017503272423083
1670,4/8/21,55947.27,55108.06095,-0.035732050383606
1671,4/9/21,58048.59,58629.075899999996,0.03755893719211
1672,4/10/21,58102.58,58102.58,0.000930082884012
1673,4/11/21,59774.0,59176.26,0.028766708810521
1674,4/12/21,59964.87,59065.39695,0.003193194365443
1675,4/13/21,59834.74,59834.74,-0.002170103929184
1676,4/14/21,63554.44,63872.212199999994,0.062166226509884
1677,4/15/21,62969.12,63913.6568,-0.009209742073095
1678,4/16/21,63252.63,63252.63,0.004502365603966
1679,4/17/21,61455.98,61763.2599,-0.02840435251467
1680,4/18/21,60087.09,60087.09,-0.022274317324368
1681,4/19/21,56251.48,56532.7374,-0.063834178023932
1682,4/20/21,55703.14,55703.14,-0.009748010185688
1683,4/21/21,56507.91,56507.91,0.014447479980482
1684,4/22/21,53808.8,54346.888000000006,-0.0477651712831
1685,4/23/21,51731.71,51731.71,-0.038601306849437
1686,4/24/21,51153.13,50897.364349999996,-0.01118424270143
1687,4/25/21,50110.53,50110.53,-0.020381939482491
1688,4/26/21,49075.58,48584.8242,-0.020653343718376
1689,4/27/21,54056.64,54056.64,0.101497730643224
1690,4/28/21,55071.46,55897.531899999994,0.018773271886673
1691,4/29/21,54884.1,54609.6795,-0.003402125166102
1692,4/30/21,53584.15,53584.15,-0.023685366071412
1693,5/1/21,57796.62,57796.62,0.078614105103841
1694,5/2/21,57857.5,56989.6375,0.001053348794445
1695,5/3/21,56610.46,56327.407699999996,-0.021553644730588
1696,5/4/21,57213.33,58071.52995,0.010649445349852
1697,5/5/21,53241.72,54040.345799999996,-0.069417564053692
1698,5/6/21,57473.23,56611.131550000006,0.079477334691667
1699,5/7/21,56428.16,56428.16,-0.018183596084647
1700,5/8/21,57380.27,57380.27,0.016872958466128
1701,5/9/21,58928.81,58928.81,0.026987325085783
1702,5/10/21,58280.73,58572.133649999996,-0.010997676688194
1703,5/11/21,55883.5,55604.0825,-0.041132463508951
1704,5/12/21,56750.0,57317.5,0.015505471203486
1705,5/13/21,49007.09,48517.0191,-0.136438942731278
1706,5/14/21,49702.27,49702.27,0.014185294413523
1707,5/15/21,49922.52,49173.682199999996,0.004431387137851
1708,5/16/21,46736.58,47203.9458,-0.063817691895361
1709,5/17/21,46441.64,46906.0564,-0.006310688544177
1710,5/18/21,43596.24,43596.24,-0.061268292850985
1711,5/19/21,42912.19,42483.068100000004,-0.015690573315497
1712,5/20/21,36964.27,36964.27,-0.138606768845869
1713,5/21/21,40784.32,40580.3984,0.103344391759935
1714,5/22/21,37280.35,37653.1535,-0.085914635820825
1715,5/23/21,37528.3,37715.9415,0.006650956871381
1716,5/24/21,34754.54,35102.0854,-0.073911155048324
1717,5/25/21,38728.59,38728.59,0.114346212034456
1718,5/26/21,38410.5,38794.605,-0.008213312181001
1719,5/27/21,39266.04,39266.04,0.022273597063303
1720,5/28/21,38445.29,37868.61065,-0.02090228604667
1721,5/29/21,35689.62,35154.275700000006,-0.071677700961548
1722,5/30/21,34647.67,34820.90835,-0.029194763071168
1723,5/31/21,35684.59,36219.85884999999,0.02992755356998
1724,6/1/21,37310.54,37497.092699999994,0.045564485958785
1725,6/2/21,36662.64,36662.64,-0.017365066278859
1726,6/3/21,37585.24,37585.24,0.025164581710428
1727,6/4/21,39188.59,39188.59,0.042659033173661
1728,6/5/21,36885.51,37438.792649999996,-0.058769146835852
1729,6/6/21,35530.38,35530.38,-0.036738816950071
1730,6/7/21,35816.17,35637.08915,0.008043539078389
1731,6/8/21,33514.87,33514.87,-0.064253101322671
1732,6/9/21,33450.19,33784.691900000005,-0.001929889628096
1733,6/10/21,37338.36,37711.7436,0.116237605825258
1734,6/11/21,36704.57,36888.09284999999,-0.016974232397995
1735,6/12/21,37313.18,37313.18,0.016581313988967
1736,6/13/21,35494.9,36027.3235,-0.048730234196067
1737,6/14/21,39066.82,38676.1518,0.100631921769043
1738,6/15/21,40525.8,39917.913,0.037345757857947
1739,6/16/21,40188.56,40188.56,-0.008321612404937
1740,6/17/21,38324.87,38516.49435,-0.046373644639171
1741,6/18/21,38068.04,37497.0194,-0.006701392594417
1742,6/19/21,35729.82,36265.7673,-0.061422127327806
1743,6/20/21,35524.17,35346.54915,-0.005755696502249
1744,6/21/21,35592.35,35948.273499999996,0.001919256663843
1745,6/22/21,31686.55,32161.848249999995,-0.109737064284881
1746,6/23/21,32447.59,32447.59,0.02401776147924
1747,6/24/21,33674.66,34011.4066,0.037816984250602
1748,6/25/21,34639.38,34119.7893,0.028648247673473
1749,6/26/21,31640.58,32115.1887,-0.086571988297712
1750,6/27/21,32160.91,32482.5191,0.016445020919338
1751,6/28/21,34644.45,34298.0055,0.077222317403332
1752,6/29/21,34456.67,34112.103299999995,-0.005420204390602
1753,6/30/21,35847.7,35668.4615,0.040370413043396
1754,7/1/21,35047.36,35047.36,-0.022326118551539
1755,7/2/21,33536.88,33872.2488,-0.043098253334916
1756,7/3/21,33856.86,33349.0071,0.009541137994948
1757,7/4/21,34688.98,34342.090200000006,0.024577589298004
1758,7/5/21,35309.3,35838.9395,0.017882336119425
1759,7/6/21,33747.97,33916.70985,-0.044218661938923
1760,7/7/21,34211.01,33697.84485,0.013720528968113
1761,7/8/21,33839.04,34008.235199999996,-0.010872815505886
1762,7/9/21,32877.41,32548.635900000005,-0.028417768352767
1763,7/10/21,33818.52,33987.61259999999,0.028624821724096
1764,7/11/21,33515.57,33180.4143,-0.008958109343638
1765,7/12/21,34227.64,34227.64,0.021245946287054
1766,7/13/21,33158.25,32826.6675,-0.031243462885551
1767,7/14/21,32686.56,32196.2616,-0.014225419013368
1768,7/15/21,32814.61,33306.82915,0.003917512274158
1769,7/16/21,31738.59,31897.282949999997,-0.03279088186634
1770,7/17/21,31421.25,31264.14375,-0.009998553810992
1771,7/18/21,31520.66,31205.4534,0.003163782472053
1772,7/19/21,31783.49,32101.324900000003,0.008338340631192
1773,7/20/21,30815.94,30970.019699999997,-0.030441905530198
1774,7/21/21,29790.24,29492.337600000003,-0.033284722127574
1775,7/22/21,32118.06,32439.2406,0.078140357378793
1776,7/23/21,32297.89,32620.8689,0.005599030576567
1777,7/24/21,33581.63,33581.63,0.039746868913109
1778,7/25/21,34279.34,34107.9433,0.020776537648709
1779,7/26/21,35365.2,35718.852,0.031676805912833
1780,7/27/21,37318.14,37318.14,0.055222082725391
1781,7/28/21,39405.95,39405.95,0.055946250268636
1782,7/29/21,40002.53,40002.53,0.015139338094882
1783,7/30/21,40005.93,40205.95965,8.49946240900627e-05
1784,7/31/21,42214.15,42636.2915,0.055197316997755
1785,8/1/21,41659.06,41242.469399999994,-0.013149382375341
1786,8/2/21,40000.46,40000.46,-0.0398136683833
1787,8/3/21,39193.94,39193.94,-0.020162768128167
1788,8/4/21,38138.0,37947.31,-0.026941409819988
1789,8/5/21,39750.14,39352.6386,0.042271225549321
1790,8/6/21,40882.0,40473.18,0.028474365121733
1791,8/7/21,42825.95,43040.07974999999,0.047550266621007
1792,8/8/21,44634.13,43964.61805,0.042221596952315
1793,8/9/21,43816.14,43597.0593,-0.018326558622292
1794,8/10/21,46333.46,46101.7927,0.057451888733239
1795,8/11/21,45608.37,44924.244450000006,-0.015649381677949
1796,8/12/21,45611.46,45155.3454,6.77507220713327e-05
1797,8/13/21,44417.78,44861.9578,-0.026170615893462
1798,8/14/21,47833.98,47116.4703,0.076910642539992
1799,8/15/21,47112.19,47112.19,-0.015089482413966
1800,8/16/21,47056.41,46821.12795,-0.00118398231965
1801,8/17/21,45982.55,46212.46275,-0.022820695416416
1802,8/18/21,44648.57,45095.0557,-0.029010570314174
1803,8/19/21,44777.86,44553.9707,0.002895725439807
1804,8/20/21,46734.65,46267.3035,0.043699944570821
1805,8/21/21,49327.75,49327.75,0.055485597944994
1806,8/22/21,48932.02,49666.00029999999,-0.008022462001612
1807,8/23/21,49335.68,49089.0016,0.008249403969017
1808,8/24/21,49523.5,49275.8825,0.003806981073333
1809,8/25/21,47744.58,47744.58,-0.035920724504528
1810,8/26/21,48972.09,48972.09,0.025709933986224
1811,8/27/21,46962.8,46727.986000000004,-0.041029288315038
1812,8/28/21,49056.86,49547.4286,0.044589760406109
1813,8/29/21,48897.65,49386.6265,-0.003245417664318
1814,8/30/21,48806.78,48318.7122,-0.001858371516832
1815,8/31/21,47074.77,46368.64844999999,-0.035487077819926
1816,9/1/21,47155.87,47627.428700000004,0.001722791210664
1817,9/2/21,48862.76,49351.3876,0.036196766171423
1818,9/3/21,49329.01,49329.01,0.009542031600344
1819,9/4/21,50035.33,50035.33,0.014318552105546
1820,9/5/21,49947.38,50696.59069999999,-0.00175775796822
1821,9/6/21,51769.06,50992.524099999995,0.03647198311503
1822,9/7/21,52677.4,53204.174,0.017546001414745
1823,9/8/21,46809.17,46107.03245,-0.111399385694814
1824,9/9/21,46078.38,46769.55569999999,-0.015612111900297
1825,9/10/21,46368.69,45905.0031,0.006300351705073
