Date,USD,pred,Increase
9/12/16,1324.6,0,
9/13/16,1323.65,,-0.000717197644572
9/14/16,1321.75,1317.85388183594,-0.00143542477241
9/15/16,1310.8,1316.46301269531,-0.008284471344808
9/16/16,1308.35,1319.35388183594,-0.001869087580104
9/19/16,1314.85,1318.09826660156,0.004968089578477
9/20/16,1313.8,1309.61279296875,-0.000798570179108
9/21/16,1326.1,1312.33642578125,0.009362155579236
9/22/16,1339.1,1319.568359375,0.009803182263781
9/23/16,1338.65,1321.29797363281,-0.000336046598462
9/26/16,1340.5,1330.24255371094,0.001381989317596
9/27/16,1327,1337.3759765625,-0.010070869078702
9/28/16,1322.5,1331.67297363281,-0.003391107761869
9/29/16,1318.1,1334.80578613281,-0.003327032136106
9/30/16,1322.5,1319.83325195313,0.003338138229269
10/3/16,1313.3,1307.65502929688,-0.00695652173913
10/4/16,1283.3,1299.0947265625,-0.02284321937105
10/5/16,1269.4,1297.71337890625,-0.010831450167537
10/6/16,1254.5,1286.72241210938,-0.011737828895541
10/7/16,1258.75,1264.39489746094,0.003387803905939
10/10/16,1259.5,1260.93408203125,0.000595829195631
10/11/16,1253.45,1255.18859863281,-0.004803493449782
10/12/16,1256.5,1258.86279296875,0.002433284135785
10/13/16,1261.05,1259.19921875,0.003621169916435
10/14/16,1251.75,1254.54516601563,-0.007374806708695
10/17/16,1254.8,1255.66442871094,0.002436588775714
10/18/16,1258.2,1255.87927246094,0.002709595154606
10/19/16,1269.05,1252.31066894531,0.00862343029725
10/20/16,1271.65,1257.42712402344,0.002048776643946
10/21/16,1266.05,1261.25769042969,-0.004403727440727
10/24/16,1265.55,1267.46643066406,-0.000394929110225
10/25/16,1269.4,1271.79174804688,0.003042155584529
10/26/16,1270.5,1266.29284667969,0.000866551126516
10/27/16,1266.25,1265.24353027344,-0.003345139708776
10/28/16,1273,1267.8076171875,0.00533070088845
10/31/16,1272,1267.40893554688,-0.000785545954438
11/1/16,1288.45,1269.71594238281,0.012932389937107
11/2/16,1303.75,1279.79028320313,0.011874733206566
11/3/16,1301,1279.52111816406,-0.002109300095877
11/4/16,1302.8,1291.82470703125,0.001383551114527
11/7/16,1283.05,1301.39135742188,-0.015159656125269
11/8/16,1282.35,1294.31787109375,-0.000545574997077
11/9/16,1281.4,1292.12890625,-0.000740827387219
11/10/16,1267.5,1262.51403808594,-0.010847510535352
11/11/16,1236.45,1254.87744140625,-0.024497041420118
11/14/16,1213.6,1262.84094238281,-0.018480326741882
11/15/16,1226.95,1246.88879394531,0.011000329597891
11/16/16,1229.2,1226.01257324219,0.001833815558906
11/17/16,1226.75,1216.26977539063,-0.001993166287016
11/18/16,1211,1225.72143554688,-0.01283880171184
11/21/16,1214.25,1224.06115722656,0.002683732452519
11/22/16,1212.25,1212.67883300781,-0.001647107267861
11/23/16,1185.35,1197.93298339844,-0.022190142297381
11/24/16,1186.1,1207.998046875,0.000632724511748
11/25/16,1187.7,1200.09167480469,0.001348958772448
11/28/16,1187,1185.91442871094,-0.00058937442115
11/29/16,1186.55,1184.12219238281,-0.000379106992418
11/30/16,1178.1,1180.69970703125,-0.007121486663015
12/1/16,1161.85,1182.20715332031,-0.013793396146337
12/2/16,1173.5,1179.396484375,0.010027111933554
12/5/16,1162.2,1175.13745117188,-0.009629314017895
12/6/16,1172.5,1159.65466308594,0.008862502151093
12/7/16,1177.65,1167.09362792969,0.004392324093817
12/8/16,1171.05,1164.38696289063,-0.005604381607439
12/9/16,1163.6,1170.33520507813,-0.006361812049016
12/12/16,1156.1,1173.52282714844,-0.00644551392231
12/13/16,1158.55,1165.69750976563,0.002119193841363
12/14/16,1162.25,1150.796875,0.003193647231453
12/15/16,1126.95,1145.04455566406,-0.030372123037212
12/16/16,1131.6,1153.81323242188,0.004126181285771
12/19/16,1136.25,1149.59619140625,0.004109225874868
12/20/16,1125.7,1128.52844238281,-0.009284928492849
12/21/16,1133.65,1129.88598632813,0.007062272363863
12/22/16,1131.35,1137.14184570313,-0.002028844881577
12/28/16,1134.6,1126.76904296875,0.002872674238741
12/29/16,1145.9,1136.93322753906,0.009959457077384
1/3/17,1151,1136.38317871094,0.004450650143992
1/4/17,1164.25,1147.19641113281,0.011511728931364
1/5/17,1176.7,1158.4189453125,0.010693579557655
1/6/17,1175.85,1161.35913085938,-0.000722359139968
1/9/17,1178.5,1173.82592773438,0.002253688820853
1/10/17,1189.5,1176.27185058594,0.009333899024183
1/11/17,1178.55,1172.97302246094,-0.009205548549811
1/12/17,1205.05,1172.42297363281,0.022485257307709
1/13/17,1190.35,1179.62414550781,-0.012198663955853
1/16/17,1203,1184.5556640625,0.010627126475407
1/17/17,1216.05,1194.77624511719,0.010847880299252
1/18/17,1214.75,1191.93310546875,-0.001069034990338
1/19/17,1196.05,1204.99694824219,-0.01539411401523
1/20/17,1200.55,1217.02014160156,0.003762384515698
1/23/17,1212.85,1216.57482910156,0.010245304235559
1/24/17,1216.8,1199.05773925781,0.003256791853898
1/25/17,1195,1199.37768554688,-0.017915844838922
1/26/17,1189.7,1208.01281738281,-0.004435146443515
1/27/17,1184.85,1209.4365234375,-0.004076657981004
1/30/17,1192.8,1195.0068359375,0.006709710089885
1/31/17,1212.8,1183.63330078125,0.016767270288397
2/1/17,1203.65,1190.63354492188,-0.007544525065963
2/2/17,1221.95,1200.50134277344,0.015203755244465
2/3/17,1215.2,1205.54284667969,-0.00552395760874
2/6/17,1226.75,1209.19836425781,0.009504608294931
2/7/17,1231,1223.65942382813,0.003464438557163
2/8/17,1242.1,1216.48107910156,0.009017059301381
2/9/17,1236.8,1228.7783203125,-0.004266967232912
2/10/17,1228.3,1230.84448242188,-0.006872574385511
2/13/17,1222.25,1242.03576660156,-0.004925506798013
2/14/17,1230.75,1231.0185546875,0.006954387400286
2/15/17,1224.4,1225.28405761719,-0.005159455616494
2/16/17,1240.55,1223.74768066406,0.013190133943156
2/17/17,1241.95,1228.46252441406,0.001128531699649
2/20/17,1237.3,1225.19641113281,-0.003744112081807
2/21/17,1233.2,1238.62829589844,-0.003313666855249
2/22/17,1236.65,1244.75598144531,0.002797599740513
2/23/17,1247.9,1236.05090332031,0.009097157643634
2/24/17,1253.65,1237.51428222656,0.004607741004888
2/27/17,1257.2,1243.74963378906,0.002831731344474
2/28/17,1255.6,1248.337890625,-0.001272669424117
3/1/17,1240.4,1248.92614746094,-0.012105766167569
3/2/17,1238.1,1248.30554199219,-0.001854240567559
3/3/17,1226.5,1248.14465332031,-0.009369194733866
3/6/17,1230.95,1230.11779785156,0.003628210354668
3/7/17,1216.65,1229.14685058594,-0.0116170437467
3/8/17,1209.2,1218.09826660156,-0.006123371553035
3/9/17,1206.55,1221.95886230469,-0.002191531591135
3/10/17,1202.65,1207.69616699219,-0.003232356719572
3/13/17,1204.2,1205.4853515625,0.001288820521349
3/14/17,1204.6,1203.24353027344,0.000332170735758
3/15/17,1198.8,1201.33190917969,-0.004814876307488
3/16/17,1229.35,1198.81262207031,0.025483817150484
3/17/17,1229.6,1203.76989746094,0.000203359498922
3/20/17,1232.4,1211.41491699219,0.00227716330514
3/21/17,1241.6,1237.10827636719,0.007465108730931
3/22/17,1249.05,1234.20947265625,0.006000322164948
3/23/17,1247.5,1238.78125,-0.001240943116769
3/24/17,1247.5,1245.76843261719,0
3/27/17,1257.55,1247.50036621094,0.008056112224449
3/28/17,1257.25,1246.81408691406,-0.000238559103018
3/29/17,1251.1,1247.81591796875,-0.004891628554385
3/30/17,1248.8,1256.6484375,-0.001838382223643
3/31/17,1244.85,1253.76416015625,-0.003163036515054
4/3/17,1247.25,1251.62255859375,0.001927943125678
4/4/17,1257.65,1250.58801269531,0.008338344357587
4/5/17,1245.8,1241.15087890625,-0.009422335307916
4/6/17,1252.5,1245.12976074219,0.005378070316263
4/7/17,1266.45,1255.9658203125,0.011137724550898
4/10/17,1250.05,1246.82067871094,-0.012949583481385
4/11/17,1252.9,1244.4140625,0.002279908803648
4/12/17,1274.3,1254.72888183594,0.017080373533402
4/13/17,1284.15,1247.38879394531,0.007729733971592
4/18/17,1278.95,1262.90869140625,-0.004049371179379
4/19/17,1279.05,1279.07373046875,7.81891395284484E-05
4/20/17,1282.1,1279.3134765625,0.002384582307181
4/21/17,1281.85,1274.99206542969,-0.000194992590282
4/24/17,1269.4,1275.63537597656,-0.009712524866404
4/25/17,1267.8,1276.787109375,-0.001260438002206
4/26/17,1261.85,1274.88342285156,-0.004693169269601
4/27/17,1262.8,1266.09411621094,0.000752862860086
4/28/17,1266.45,1262.90319824219,0.002890402280646
5/2/17,1255.45,1257.54602050781,-0.008685696237514
5/3/17,1250.3,1251.79565429688,-0.004102114779561
5/4/17,1228.45,1252.26062011719,-0.017475805806606
5/5/17,1228.05,1242.873046875,-0.000325613578086
5/8/17,1229.8,1237.46533203125,0.001425023411099
5/9/17,1220.4,1224.62866210938,-0.007643519271426
5/10/17,1222.95,1226.80236816406,0.00208947885939
5/11/17,1223.15,1232.22521972656,0.000163538983605
5/12/17,1231.25,1220.08984375,0.006622245840657
5/15/17,1233.3,1226.0205078125,0.001664974619289
5/16/17,1234.2,1228.04406738281,0.000729749452688
5/17/17,1257.4,1236.63439941406,0.018797601685302
5/18/17,1255.9,1234.36218261719,-0.001192937808176
5/19/17,1252,1243.46716308594,-0.003105342782069
5/22/17,1258.85,1253.62756347656,0.00547124600639
5/23/17,1260.2,1254.17370605469,0.00107240735592
5/24/17,1252.55,1251.9169921875,-0.006070465005555
5/25/17,1256.95,1258.03857421875,0.003512833819009
5/26/17,1265.05,1255.66394042969,0.006444170412506
5/30/17,1262.7,1253.86242675781,-0.001857634085609
5/31/17,1266.2,1260.71948242188,0.002771838124654
6/1/17,1264.85,1263.02526855469,-0.001066182277681
6/2/17,1274.95,1263.77270507812,0.00798513657746
6/5/17,1279.95,1269.76293945313,0.003921722420487
6/6/17,1293.5,1271.29919433594,0.010586351029337
6/7/17,1291,1275.35681152344,-0.001932740626208
6/8/17,1273.1,1277.81237792969,-0.013865220759102
6/9/17,1266.55,1288.68212890625,-0.005144921844317
6/12/17,1266.4,1278.81018066406,-0.000118431960838
6/13/17,1262,1269.16430664063,-0.003474415666456
6/14/17,1275.5,1263.37182617188,0.010697305863708
6/15/17,1254.55,1263.00903320313,-0.016424931399451
6/16/17,1255.4,1260.97192382813,0.000677533777052
6/19/17,1248.15,1268.9638671875,-0.005775051776326
6/20/17,1242.2,1246.37939453125,-0.004767055241758
6/21/17,1242.5,1254.36474609375,0.000241507003703
6/22/17,1250.8,1248.63305664063,0.006680080482897
6/23/17,1255.7,1241.66076660156,0.003917492804605
6/26/17,1245.25,1243.32849121094,-0.008322051445409
6/27/17,1249.55,1249.58947753906,0.00345312186308
6/28/17,1248,1254.61938476563,-0.001240446560762
6/29/17,1243.5,1244.45043945313,-0.003605769230769
6/30/17,1242.25,1243.55944824219,-0.001005227181343
7/3/17,1229.25,1240.16186523438,-0.010464882270075
7/4/17,1223.75,1233.90515136719,-0.004474272930649
7/5/17,1220.3,1235.14111328125,-0.002819203268642
7/6/17,1224.9,1222.44055175781,0.0037695648611
7/7/17,1215.65,1219.92016601563,-0.007551636868316
7/10/17,1211.9,1217.39294433594,-0.003084769464895
7/11/17,1211.05,1224.7333984375,-0.000701378001485
7/12/17,1218.8,1214.58825683594,0.006399405474588
7/13/17,1218.9,1211.47131347656,8.2047915983046E-05
7/14/17,1230.3,1215.95251464844,0.009352695052916
7/17/17,1234.1,1226.990234375,0.003088677558319
7/18/17,1240.75,1226.29846191406,0.005388542257516
7/19/17,1242.15,1235.34936523438,0.001128349788434
7/20/17,1238.7,1236.90124511719,-0.002777442337882
7/21/17,1248.55,1240.01245117188,0.007951885040768
7/24/17,1255.55,1240.91296386719,0.005606503544111
7/25/17,1254.4,1240.85083007813,-0.000915933256342
7/26/17,1248.1,1245.8740234375,-0.005022321428572
7/27/17,1261.1,1251.39343261719,0.010415832064738
7/28/17,1264.9,1251.54150390625,0.003013242407422
7/31/17,1267.55,1254.65539550781,0.002095027274883
8/1/17,1270.95,1265.90930175781,0.002682339947142
8/2/17,1269.6,1266.8896484375,-0.001062197568748
8/3/17,1268.1,1265.53625488281,-0.001181474480151
8/4/17,1257.7,1266.69714355469,-0.008201245958521
8/7/17,1258,1266.38134765625,0.000238530651189
8/8/17,1261.8,1270.31884765625,0.00302066772655
8/9/17,1271.05,1257.77026367188,0.007330797273736
8/10/17,1284.4,1264.435546875,0.010503127335668
8/11/17,1286.1,1268.728515625,0.001323575210215
8/14/17,1282.3,1273.72045898438,-0.002954669154809
8/15/17,1270.3,1283.52770996094,-0.009358184512205
8/16/17,1272.75,1285.7109375,0.001928678264977
8/17/17,1285.15,1286.49560546875,0.009742683166372
8/18/17,1295.8,1271.34313964844,0.008286970392561
8/21/17,1292.9,1277.39868164063,-0.00223799969131
8/22/17,1284.2,1288.02062988281,-0.006729058705236
8/23/17,1286.65,1296.0458984375,0.001907802522972
8/24/17,1289,1289.27648925781,0.001826448529126
8/25/17,1285.3,1284.95568847656,-0.002870442203258
8/29/17,1318.65,1280.86828613281,0.025947249669338
8/30/17,1308.5,1280.28039550781,-0.007697266143404
8/31/17,1311.75,1295.97375488281,0.002483760030569
9/1/17,1320.4,1309.80261230469,0.006594244330093
9/4/17,1333.1,1310.11499023438,0.00961829748561
9/5/17,1335.55,1320.46899414063,0.001837821618783
9/6/17,1337.85,1331.54760742188,0.001722136947325
9/7/17,1343.5,1339.16369628906,0.00422319393056
9/8/17,1346.25,1335.47875976563,0.002046892445106
9/11/17,1334.2,1335.1123046875,-0.008950789229341
9/12/17,1326.5,1339.44604492188,-0.005771248688353
9/13/17,1327.55,1338.65063476563,0.000791556728232
9/14/17,1324.55,1326.73620605469,-0.002259801890701
9/15/17,1322.85,1320.28491210938,-0.00128345475822
9/18/17,1312.1,1320.60412597656,-0.008126393771025
9/19/17,1309.6,1319.43115234375,-0.001905342580596
9/20/17,1311.3,1312.84924316406,0.001298106291998
9/21/17,1292.1,1304.40783691406,-0.014641958361931
9/22/17,1294.8,1303.76159667969,0.00208962154632
9/25/17,1293.3,1308.39953613281,-0.001158480074143
9/26/17,1300.05,1289.28649902344,0.005219206680585
9/27/17,1282.55,1290.37426757813,-0.013461020729972
9/28/17,1283.35,1291.39147949219,0.000623757358388
9/29/17,1283.1,1293.94189453125,-0.0001948026649
10/2/17,1273.7,1276.38427734375,-0.007326007326007
10/3/17,1271.25,1280.19006347656,-0.001923529873597
10/4/17,1274.25,1279.69213867188,0.0023598820059
10/5/17,1274.5,1267.62976074219,0.000196193839513
10/6/17,1261.8,1268.65466308594,-0.009964692036093
10/9/17,1278.75,1268.35009765625,0.013433190679981
10/10/17,1291.4,1268.12976074219,0.00989247311828
10/11/17,1289.25,1266.17724609375,-0.001664859842032
10/12/17,1290.25,1289.35510253906,0.000775644754702
10/13/17,1299.6,1292.61645507813,0.007246657624491
10/16/17,1303.3,1288.765625,0.00284702985534
10/17/17,1284.75,1288.02294921875,-0.014233100590808
10/18/17,1280.2,1297.57373046875,-0.003541545047675
10/19/17,1286.4,1296.15771484375,0.0048429932823
10/20/17,1281.2,1279.27746582031,-0.004042288557214
10/23/17,1274.9,1279.36975097656,-0.004917265064002
10/24/17,1276.45,1284.60229492188,0.001215781629932
10/25/17,1275,1277.13488769531,-0.001135963022445
10/26/17,1273.75,1271.26745605469,-0.000980392156863
10/27/17,1266.45,1275.36889648438,-0.005731108930324
10/30/17,1272,1272.99536132813,0.0043823285562
10/31/17,1270.15,1273.84692382813,-0.001454402515723
11/1/17,1277.05,1267.57153320313,0.005432429240641
11/2/17,1279.2,1269.37377929688,0.001683567597197
11/3/17,1267.2,1270.65380859375,-0.0093808630394
11/6/17,1270.9,1276.58410644531,0.002919823232323
11/7/17,1275.6,1284.37365722656,0.003698166653552
11/8/17,1284,1268.013671875,0.006585136406397
11/9/17,1284.8,1276.24755859375,0.000623052959502
11/10/17,1284.3,1278.38537597656,-0.000389165628892
11/13/17,1277.95,1283.55053710938,-0.004944327649303
11/14/17,1274.6,1283.89514160156,-0.002621385813217
11/15/17,1282.2,1282.46166992188,0.005962654950573
11/16/17,1280,1276.34802246094,-0.001715800967088
11/17/17,1284.35,1277.15490722656,0.0033984375
11/20/17,1286.2,1281.0439453125,0.001440417331724
11/21/17,1283.3,1281.560546875,-0.002254703778573
11/22/17,1286.95,1283.830078125,0.002844229720253
11/23/17,1290.35,1284.53356933594,0.002641905279925
11/24/17,1290.5,1285.10412597656,0.00011624752974
11/27/17,1294.9,1288.64416503906,0.003409531189462
11/28/17,1291.85,1288.40869140625,-0.002355394238938
11/29/17,1283.85,1287.88464355469,-0.006192669427565
11/30/17,1280.2,1289.78479003906,-0.002843011255209
12/1/17,1275.5,1284.38562011719,-0.003671301359163
12/4/17,1273.45,1276.61572265625,-0.001607212857703
12/5/17,1266.3,1273.81811523438,-0.005614668813067
12/6/17,1263.7,1267.4658203125,-0.002053225933823
12/7/17,1255,1265.48767089844,-0.006884545382607
12/8/17,1250.65,1258.40173339844,-0.003466135458167
12/11/17,1247.15,1255.32971191406,-0.002798544756727
12/12/17,1240.9,1248.49377441406,-0.005011426051397
12/13/17,1242.65,1248.81652832031,0.001410266741881
12/14/17,1251,1249.33984375,0.006719510723051
12/15/17,1254.6,1241.36462402344,0.002877697841727
12/18/17,1260.6,1248.869140625,0.004782400765184
12/19/17,1260.35,1257.97412109375,-0.000198318261145
12/20/17,1264.55,1259.11291503906,0.003332407664538
12/21/17,1264.55,1263.80529785156,0
12/27/17,1279.4,1265.43774414063,0.01174330789609
12/28/17,1291,1275.37365722656,0.009066750039081
1/2/18,1312.05,1276.97314453125,0.016305189775368
1/3/18,1314.9,1296.8173828125,0.002172173316566
1/4/18,1314.5,1304.12377929688,-0.000304205643015
1/5/18,1317.15,1315.05712890625,0.002015975656143
1/8/18,1319.95,1313.40869140625,0.002125801920814
1/9/18,1311,1312.2138671875,-0.006780559869692
1/10/18,1319.75,1317.53332519531,0.006674294431732
1/11/18,1323.05,1314.88830566406,0.002500473574541
1/12/18,1326.8,1314.19189453125,0.002834360001512
1/15/18,1339.25,1323.04699707031,0.009383479047332
1/16/18,1333.85,1325.55871582031,-0.004032107522867
1/17/18,1335.65,1328.16772460938,0.001349477077633
1/18/18,1332.2,1335.95141601563,-0.002583012016621
1/19/18,1334.95,1333.90393066406,0.002064254616424
1/22/18,1332.6,1335.81982421875,-0.001760365556763
1/23/18,1333.4,1332.85888671875,0.0006003301816
1/24/18,1353.7,1333.79553222656,0.015224238788061
1/25/18,1354.95,1332.9462890625,0.000923395139248
1/26/18,1353.15,1338.93786621094,-0.001328462304882
1/29/18,1343.85,1351.31433105469,-0.006872852233677
1/30/18,1344.9,1352.50183105469,0.000781337202813
1/31/18,1345.05,1347.74279785156,0.000111532455945
2/1/18,1341.35,1338.35363769531,-0.002750827106799
2/2/18,1331.15,1341.06982421875,-0.007604279270884
2/5/18,1333.6,1340.908203125,0.001840513841415
2/6/18,1331.4,1335.41906738281,-0.001649670065987
2/7/18,1324.65,1324.19250488281,-0.005069851284362
2/8/18,1315.45,1327.7451171875,-0.006945230815687
2/9/18,1314.1,1327.51037597656,-0.001026264776312
2/12/18,1322.3,1321.60974121094,0.006240012175634
2/13/18,1325.35,1314.57885742188,0.002306587007487
2/14/18,1336.25,1320.62646484375,0.008224242652884
2/15/18,1352.45,1333.42138671875,0.012123479887746
2/16/18,1352.1,1331.62414550781,-0.000258789604052
2/19/18,1346.6,1340.67333984375,-0.004067746468456
2/20/18,1339.85,1350.26501464844,-0.005012624387346
2/21/18,1330.5,1344.65234375,-0.006978393103706
2/22/18,1328.35,1337.24182128906,-0.001615933859451
2/23/18,1327.95,1334.89721679688,-0.000301125456393
2/26/18,1333.5,1329.02001953125,0.004179374223427
2/27/18,1325.75,1324.61022949219,-0.005811773528309
2/28/18,1317.85,1322.66870117188,-0.005958891193664
3/1/18,1307.75,1330.62182617188,-0.007663998178852
3/2/18,1322.3,1320.47912597656,0.011125979736188
3/5/18,1320.4,1312.28625488281,-0.001436890266959
3/6/18,1331.4,1311.32165527344,0.008330808845804
3/7/18,1329.4,1321.66931152344,-0.00150217815833
3/8/18,1321,1320.1201171875,-0.006318639987965
3/9/18,1320.6,1331.54248046875,-0.000302800908403
3/12/18,1319.15,1326.23364257813,-0.001097985764047
3/13/18,1322.75,1320.54907226563,0.002729030057234
3/14/18,1323.55,1319.97717285156,0.000604800604801
3/15/18,1318.75,1317.07897949219,-0.003626610252729
3/16/18,1310.1,1319.52355957031,-0.006559241706161
3/19/18,1312.4,1319.12451171875,0.001755591176246
3/20/18,1311,1318.02172851563,-0.0010667479427
3/21/18,1321.35,1309.56433105469,0.007894736842105
3/22/18,1329.15,1316.16223144531,0.005903053695085
3/23/18,1346.6,1319.14172363281,0.013128691268856
3/26/18,1352.4,1328.08520507813,0.004307143918016
3/27/18,1341.45,1332.58764648438,-0.008096716947649
3/28/18,1332.45,1344.3466796875,-0.006709158000671
3/29/18,1323.85,1348.58642578125,-0.006454275957822
4/3/18,1333.45,1336.04846191406,0.007251576840277
4/4/18,1337.3,1331.20263671875,0.002887247365855
4/5/18,1327.7,1323.79260253906,-0.007178643535482
4/6/18,1331.2,1332.07238769531,0.002636137681705
4/9/18,1331.95,1341.03186035156,0.000563401442308
4/10/18,1338.95,1327.86987304688,0.005255452532002
4/11/18,1350.75,1331.32006835938,0.008812875760857
4/12/18,1341.35,1332.7763671875,-0.006959096798075
4/13/18,1343.7,1342.0078125,0.001751966302606
4/16/18,1349.35,1347.98474121094,0.004204807620749
4/17/18,1342.1,1339.6142578125,-0.005372957349835
4/18/18,1351.45,1341.76135253906,0.006966693987035
4/19/18,1348.6,1347.06335449219,-0.002108846054238
4/20/18,1336.75,1336.70227050781,-0.00878689010826
4/23/18,1324.3,1346.60131835938,-0.009313633813353
4/24/18,1328.85,1339.12963867188,0.00343577739183
4/25/18,1321.65,1329.25634765625,-0.005418218760582
4/26/18,1320.7,1323.28076171875,-0.000718798471607
4/27/18,1321.5,1325.85083007813,0.000605739380631
4/30/18,1313.2,1315.3974609375,-0.006280741581536
5/1/18,1307.1,1314.32141113281,-0.004645141638745
5/2/18,1304.2,1320.37023925781,-0.00221865197766
5/3/18,1315.05,1309.99353027344,0.008319276184634
5/4/18,1309.4,1306.00524902344,-0.004296414584997
5/8/18,1306.6,1302.56628417969,-0.002138383992669
5/9/18,1313.85,1308.1552734375,0.005548752487372
5/10/18,1318.8,1308.23327636719,0.003767553373673
5/11/18,1324.35,1309.65209960938,0.004208371246588
5/14/18,1319.85,1309.81262207031,-0.00339789330615
5/15/18,1295,1310.20678710938,-0.01882789710952
5/16/18,1291.25,1315.14282226563,-0.002895752895753
5/17/18,1289.5,1304.04052734375,-0.00135527589545
5/18/18,1288.3,1289.4228515625,-0.000930593253199
5/21/18,1288.35,1290.4765625,3.88108359853718E-05
5/22/18,1293.05,1289.96057128906,0.00364807699771
5/23/18,1289,1284.6513671875,-0.003132129461351
5/24/18,1304.85,1288.80993652344,0.012296353762607
5/25/18,1303.5,1288.13195800781,-0.001034601678354
5/29/18,1295.5,1287.9296875,-0.006137322593019
5/30/18,1300.7,1299.03479003906,0.004013894249325
5/31/18,1305.35,1303.39172363281,0.003574998077958
6/1/18,1294.6,1297.1533203125,-0.008235339181063
6/4/18,1295.45,1299.49389648438,0.000656573458984
6/5/18,1292.05,1304.87866210938,-0.002624570612529
6/6/18,1300.1,1294.01110839844,0.006230409039898
6/7/18,1297.25,1293.88500976563,-0.002192139066226
6/8/18,1298.25,1292.61499023438,0.000770861437657
6/11/18,1299.6,1297.89050292969,0.00103986135182
6/12/18,1298.65,1297.08813476563,-0.000730994152047
6/13/18,1296.15,1297.24426269531,-0.001925076040504
6/14/18,1302.75,1296.2978515625,0.005092003240366
6/15/18,1285.25,1292.81896972656,-0.013433122241412
6/18/18,1281.55,1290.185546875,-0.00287881735071
6/19/18,1276.15,1293.14099121094,-0.004213647536187
6/20/18,1274.2,1274.54431152344,-0.001528033538377
6/21/18,1266.15,1276.70397949219,-0.006317689530686
6/22/18,1269.15,1272.51489257812,0.002369387513328
6/25/18,1268.7,1269.3916015625,-0.000354568017965
6/26/18,1260.3,1261.337890625,-0.006620950579333
6/27/18,1254.6,1264.19116210938,-0.004522732682695
6/28/18,1251.55,1262.02319335938,-0.002431053722302
6/29/18,1250.45,1253.15954589844,-0.000878910151412
7/2/18,1247.8,1252.46667480469,-0.002119237074653
7/3/18,1251.75,1252.34301757813,0.003165571405674
7/4/18,1255.65,1249.14477539063,0.003115638106651
7/5/18,1255.5,1249.47802734375,-0.000119460040616
7/6/18,1255.35,1254.53796386719,-0.000119474313023
7/9/18,1262.05,1254.28198242188,0.005337156968176
7/10/18,1254,1253.73815917969,-0.00637851115249
7/11/18,1251.4,1253.62487792969,-0.00207336523126
7/12/18,1245.9,1257.32836914063,-0.004395077513185
7/13/18,1241.7,1246.49108886719,-0.00337105706718
7/16/18,1241.1,1245.04870605469,-0.00048320850447
7/17/18,1232.8,1237.59729003906,-0.006687615824672
7/18/18,1224.5,1231.75146484375,-0.006732641142115
7/19/18,1217.55,1237.37805175781,-0.005675786035116
7/20/18,1228.75,1226.78918457031,0.009198800870601
7/23/18,1224.95,1222.79162597656,-0.003092573753815
7/24/18,1228.35,1220.59912109375,0.002775623494836
7/25/18,1231.5,1225.75256347656,0.00256441567957
7/26/18,1228.25,1225.2119140625,-0.002639058059277
7/27/18,1223.95,1227.80065917969,-0.003500915937309
7/30/18,1223.8,1228.87170410156,-0.0001225540259
7/31/18,1220.95,1223.61645507813,-0.002328811897369
8/1/18,1219,1220.42004394531,-0.001597116999058
8/2/18,1215.45,1221.02648925781,-0.002912223133716
8/3/18,1216.3,1216.94030761719,0.000699329466453
8/6/18,1209.65,1216.66003417969,-0.005467401134588
8/7/18,1212.35,1213.68103027344,0.002232050593147
8/8/18,1209.55,1215.75817871094,-0.002309564069782
8/9/18,1214.35,1209.45959472656,0.003968418006697
8/10/18,1214.4,1208.40881347656,4.11742907729912E-05
8/13/18,1200.35,1205.20300292969,-0.011569499341239
8/14/18,1197,1203.94494628906,-0.002790852667972
8/15/18,1182,1201.92443847656,-0.012531328320802
8/16/18,1180.4,1188.42114257813,-0.001353637901861
8/17/18,1178.4,1191.27758789063,-0.001694340901389
8/20/18,1184.35,1181.73571777344,0.00504921928038
8/21/18,1190.95,1180.28979492188,0.005572676995821
8/22/18,1196.65,1181.80651855469,0.004786095134137
8/23/18,1192.35,1190.45837402344,-0.003593364810095
8/24/18,1197.7,1195.44763183594,0.00448693756028
8/28/18,1212.25,1190.88452148438,0.012148284211405
8/29/18,1204.2,1190.421875,-0.006640544442153
8/30/18,1197.3,1199.33190917969,-0.005729945191829
8/31/18,1202.45,1212.60034179688,0.004301344692224
9/3/18,1200.05,1198.05651855469,-0.001995924986486
9/4/18,1190.85,1196.58422851563,-0.007666347235532
9/5/18,1196.7,1204.40051269531,0.004912457488349
9/6/18,1205.15,1200.14733886719,0.007061084649453
9/7/18,1198.9,1190.66333007813,-0.005186076422022
9/10/18,1196.6,1197.0224609375,-0.001918425223121
9/11/18,1189.85,1205.15270996094,-0.005640982784556
9/12/18,1195.6,1201.10595703125,0.004832541917048
9/13/18,1209.8,1191.53308105469,0.011876881900301
9/14/18,1201.95,1188.95251464844,-0.006488675814184
9/17/18,1201.9,1197.71423339844,-4.15990681808349E-05
9/18/18,1200.2,1206.14685058594,-0.001414427157001
9/19/18,1203.3,1202.0205078125,0.002582902849525
9/20/18,1208.35,1200.64233398438,0.004196792154907
9/21/18,1198.7,1200.13146972656,-0.007986096743493
9/24/18,1202.75,1202.30114746094,0.003378660215233
9/25/18,1201.9,1207.39245605469,-0.000706713780919
9/26/18,1194.25,1192.86767578125,-0.006364922206506
9/27/18,1185.4,1197.8623046875,-0.007410508687461
9/28/18,1187.25,1196.59045410156,0.001560654631348
10/1/18,1189.35,1196.15478515625,0.001768793430196
10/2/18,1204.7,1184.91906738281,0.012906209273973
10/3/18,1201.2,1190.24890136719,-0.002905287623475
10/4/18,1203.45,1194.01379394531,0.001873126873127
10/5/18,1203.8,1204.02001953125,0.000290830528896
10/8/18,1186.95,1194.13073730469,-0.013997341751121
10/9/18,1185.55,1199.85229492188,-0.001179493660222
10/10/18,1188.6,1203.58288574219,0.002572645607524
10/11/18,1205.55,1185.57238769531,0.014260474507824
10/12/18,1219.75,1195.1181640625,0.011778856123761
10/15/18,1229.95,1202.2119140625,0.008362369337979
10/16/18,1230.7,1219.56909179688,0.000609780885402
10/17/18,1229.05,1223.99438476563,-0.001340700414398
10/18/18,1223,1229.23486328125,-0.00492250111875
10/19/18,1227.85,1228.9189453125,0.003965658217498
10/22/18,1222.3,1226.93298339844,-0.004520096102944
10/23/18,1235.95,1221.65380859375,0.011167471160926
10/24/18,1230.55,1224.60522460938,-0.004369108782718
10/25/18,1230.8,1223.89526367188,0.000203161188087
10/26/18,1233.85,1232.67517089844,0.002478063048424
10/29/18,1230.8,1229.13623046875,-0.002471937431616
10/30/18,1225.4,1226.20483398438,-0.004387390315242
10/31/18,1214.95,1233.48571777344,-0.008527827648115
11/1/18,1231.15,1229.998046875,0.013333882052759
11/2/18,1232.1,1220.2783203125,0.000771636275027
11/5/18,1232.25,1218.79455566406,0.000121743364987
11/6/18,1231.6,1230.69262695313,-0.000527490363157
11/7/18,1229.95,1229.84545898438,-0.001339720688535
11/8/18,1224.15,1225.82702636719,-0.004715638847108
11/9/18,1211.4,1223.37780761719,-0.0104153902708
11/12/18,1205.55,1220.59362792969,-0.004829123328381
11/13/18,1202.1,1214.56726074219,-0.002861764339928
11/14/18,1203.25,1207.84631347656,0.000956659179769
11/15/18,1211.85,1205.71228027344,0.007147309370455
11/16/18,1222.4,1204.45629882813,0.008705697899905
11/19/18,1221.6,1210.04309082031,-0.00065445026178
11/20/18,1223,1220.26916503906,0.001146037982973
11/21/18,1226.1,1223.06774902344,0.002534750613246
11/22/18,1227.05,1221.73815917969,0.000774814452329
11/23/18,1223.65,1223.54516601563,-0.00277087323255
11/26/18,1223.4,1225.49133300781,-0.000204306787071
11/27/18,1221.2,1222.31323242188,-0.001798267124407
11/28/18,1213.25,1222.32299804688,-0.0065099901736
11/29/18,1226.25,1224.28820800781,0.010715021636101
11/30/18,1217.55,1215.99645996094,-0.007094801223242
12/3/18,1230.3,1215.6025390625,0.010471849205372
12/4/18,1240.3,1222.24645996094,0.008128098837682
12/5/18,1235.9,1223.42504882813,-0.003547528823672
12/6/18,1242.55,1237.60974121094,0.005380694230925
12/7/18,1243.3,1237.74328613281,0.000603597440747
12/10/18,1245.35,1238.341796875,0.00164883777045
12/11/18,1245.3,1244.37414550781,-4.01493556028061E-05
12/12/18,1245.75,1243.71435546875,0.000361358708745
12/13/18,1242.75,1242.7001953125,-0.002408187838651
12/14/18,1235.35,1244.02258300781,-0.005954536310602
12/17/18,1241.65,1245.5771484375,0.005099769296151
12/18/18,1246.3,1240.60290527344,0.003745016711634
12/19/18,1255,1238.8662109375,0.006980662761775
12/20/18,1259.75,1248.69555664063,0.003784860557769
12/21/18,1258.15,1252.43920898438,-0.001270093272475
12/27/18,1268,1262.58081054688,0.007828955212018
12/28/18,1279,1263.78540039063,0.008675078864353
1/2/19,1282.9,1266.20690917969,0.003049257232213
1/3/19,1290.45,1274.18566894531,0.005885104061112
1/4/19,1279.9,1279.83923339844,-0.008175442675036
1/7/19,1292.2,1279.84460449219,0.009610125791077
1/8/19,1286.45,1289.05053710938,-0.004449775576536
1/9/19,1288.6,1279.06726074219,0.001671265886742
1/10/19,1291.9,1287.96948242188,0.002560918826634
1/11/19,1288.95,1285.75244140625,-0.002283458472018
1/14/19,1292.75,1289.64318847656,0.002948136079755
1/15/19,1294.4,1290.20031738281,0.001276348868691
1/16/19,1292.3,1288.99438476562,-0.001622373300371
1/17/19,1290.7,1291.13525390625,-0.001238102607754
1/18/19,1284.2,1290.10510253906,-0.005036026962114
1/21/19,1279.55,1288.71374511719,-0.003620931319109
1/22/19,1282.1,1286.1298828125,0.001992888124731
1/23/19,1279.8,1282.56750488281,-0.00179393183059
1/24/19,1283.7,1279.05261230469,0.003047351148617
1/25/19,1293.9,1283.30493164063,0.007945781724702
1/28/19,1302.15,1283.90466308594,0.006376072339439
1/29/19,1307.55,1293.04650878906,0.004146987674231
1/30/19,1310.7,1304.04528808594,0.00240908569462
1/31/19,1323.25,1308.16943359375,0.009575036240177
2/1/19,1318.7,1308.30114746094,-0.003438503684111
2/4/19,1312.15,1311.99938964844,-0.004967012967316
2/5/19,1314.2,1323.72863769531,0.00156232138094
2/6/19,1312.4,1314.85913085937,-0.001369654542688
2/7/19,1310,1311.72399902344,-0.001828710758915
2/8/19,1314.85,1313.27856445313,0.003702290076336
2/11/19,1306.4,1312.19995117188,-0.006426588584249
2/12/19,1310,1309.70556640625,0.00275566442131
2/13/19,1312.8,1315.5576171875,0.002137404580153
2/14/19,1311.45,1307.18054199219,-0.001028336380256
2/15/19,1316.55,1313.22119140625,0.003888825345991
2/18/19,1325.5,1315.65869140625,0.006798070715127
2/19/19,1334.15,1317.00439453125,0.006525839305922
2/20/19,1343.75,1320.92443847656,0.007195592699472
2/21/19,1331.25,1328.19177246094,-0.009302325581395
2/22/19,1329.05,1334.05603027344,-0.001652582159624
2/25/19,1331.05,1341.49060058594,0.001504834280125
2/26/19,1325.05,1326.58911132813,-0.004507719469592
2/27/19,1322.85,1325.68383789063,-0.001660314705106
2/28/19,1319.15,1325.88256835938,-0.002796991344446
3/1/19,1311.95,1310.87072753906,-0.005458060114468
3/4/19,1285.4,1307.34484863281,-0.02023705171691
3/5/19,1283.8,1305.43542480469,-0.001244748716353
3/6/19,1285.85,1301.49060058594,0.001596821934881
3/7/19,1285.3,1285.30700683594,-0.000427732628223
3/8/19,1296.75,1283.2734375,0.008908426048393
3/11/19,1292.75,1286.45056152344,-0.003084634663582
3/12/19,1297.05,1289.12951660156,0.003326242506285
3/13/19,1306.95,1292.39233398438,0.007632704984388
3/14/19,1295.55,1288.98657226563,-0.00872259841616
3/15/19,1303.5,1295.03833007813,0.006136389950214
3/18/19,1305.6,1300.21838378906,0.001611047180667
3/19/19,1307.7,1296.52368164063,0.001608455882353
3/20/19,1303.7,1303.70910644531,-0.003058805536438
3/21/19,1309.6,1304.86560058594,0.004525581038582
3/22/19,1311.3,1305.77722167969,0.001298106291998
3/25/19,1319.55,1306.22985839844,0.006291466483642
3/26/19,1316.3,1310.03381347656,-0.002462960857868
3/27/19,1309.7,1307.87353515625,-0.005014054546836
3/28/19,1295.15,1313.14965820313,-0.011109414369703
3/29/19,1295.4,1306.86499023438,0.000193027834614
4/1/19,1293.5,1299.87194824219,-0.001466728423653
4/2/19,1290.3,1291.48913574219,-0.002473908001546
4/3/19,1290.45,1291.05920410156,0.000116252034411
4/4/19,1283.15,1291.49951171875,-0.005656941377039
4/5/19,1288.45,1290.64379882813,0.004130460195612
4/8/19,1300,1286.26867675781,0.008964259381427
4/9/19,1303,1286.76391601563,0.002307692307692
4/10/19,1305.45,1293.57177734375,0.001880276285495
4/11/19,1298.8,1299.63171386719,-0.005094028878931
4/12/19,1294.3,1298.99060058594,-0.003464736680012
4/15/19,1285.65,1296.0322265625,-0.006683149192614
4/16/19,1276.35,1288.64099121094,-0.007233695018084
4/17/19,1275.85,1285.5244140625,-0.000391742077016
4/18/19,1275.7,1278.06396484375,-0.000117568679704
4/23/19,1269.5,1273.00354003906,-0.004860076820569
4/24/19,1271.65,1277.78967285156,0.001693580149665
4/25/19,1280.8,1273.06372070313,0.007195376086187
4/26/19,1284.2,1269.35290527344,0.0026545908807
4/29/19,1279.5,1275.68981933594,-0.003659866064476
4/30/19,1282.3,1280.38537597656,0.002188354826104
5/1/19,1283.8,1282.18798828125,0.001169773064026
5/2/19,1270.95,1278.01879882813,-0.010009347250351
5/3/19,1278.55,1281.61206054688,0.005979778905543
5/7/19,1281.2,1284.90441894531,0.00207266043565
5/8/19,1285.2,1273.66064453125,0.00312207305651
5/9/19,1286.1,1283.58483886719,0.000700280112045
5/10/19,1287.1,1284.79296875,0.000777544514423
5/13/19,1295.6,1288.15881347656,0.006603993473701
5/14/19,1298.4,1289.47814941406,0.002161160852115
5/15/19,1299.1,1289.8173828125,0.000539125077018
5/16/19,1291.7,1293.388671875,-0.005696251250866
5/17/19,1280.8,1290.51892089844,-0.008438491909886
5/20/19,1276.85,1290.5859375,-0.003084009993754
5/21/19,1271.15,1283.31591796875,-0.004464110897913
5/22/19,1273.8,1278.29699707031,0.002084726428824
5/23/19,1283.65,1274.36474609375,0.007732768095463
5/24/19,1282.5,1270.17114257813,-0.000895882834106
5/28/19,1278.3,1277.08422851563,-0.00327485380117
5/29/19,1281.65,1280.99145507813,0.002620668074787
5/30/19,1280.95,1280.58801269531,-0.000546170951508
5/31/19,1295.55,1282.10168457031,0.011397790702213
6/3/19,1317.1,1289.17749023437,0.016633862066304
6/4/19,1324.25,1295.15649414063,0.005428593121251
6/5/19,1335.05,1313.23034667969,0.008155559750802
6/6/19,1335.5,1332.35424804688,0.00033706602749
6/7/19,1340.65,1327.72814941406,0.003856233620367
6/10/19,1328.6,1332.33032226563,-0.008988177376646
6/11/19,1324.3,1334.71398925781,-0.003236489537859
6/12/19,1332.35,1339.12280273438,0.006078683077852
6/13/19,1335.9,1327.18774414063,0.002664465042969
6/14/19,1351.25,1324.28515625,0.011490381016543
6/17/19,1341.3,1334.74633789063,-0.00736355226642
6/18/19,1341.35,1337.02978515625,3.72772683217435E-05
6/19/19,1344.05,1335.53552246094,0.002012897454058
6/20/19,1379.5,1340.64733886719,0.026375506863584
6/21/19,1397.15,1351.57629394531,0.012794490757521
6/24/19,1405.7,1368.57861328125,0.006119600615539
6/25/19,1431.4,1393.00744628906,0.018282706125062
6/26/19,1403.95,1398.63391113281,-0.019177029481627
6/27/19,1402.5,1403.98278808594,-0.001032800313402
6/28/19,1409,1432.25830078125,0.004634581105169
7/1/19,1390.1,1397.49389648438,-0.013413768630234
7/2/19,1391.05,1404.68933105469,0.00068340407165
7/3/19,1413.5,1402.84387207031,0.016138887890443
7/4/19,1414.9,1392.53002929688,0.000990449239477
7/5/19,1388.65,1392.6259765625,-0.018552547883243
7/8/19,1400.1,1413.36340332031,0.008245418211932
7/9/19,1391.55,1412.28576660156,-0.00610670666381
7/10/19,1408.3,1390.06311035156,0.012036937228271
7/11/19,1413.75,1395.10009765625,0.003869914080807
7/12/19,1407.6,1395.21472167969,-0.004350132625995
7/15/19,1412.4,1409.52758789063,0.003410059676044
7/16/19,1409.85,1412.53356933594,-0.001805437553101
7/17/19,1410.35,1407.31823730469,0.000354647657552
7/18/19,1417.45,1413.72778320313,0.005034211365973
7/19/19,1439.7,1406.12390136719,0.0156972027232
7/22/19,1427.75,1409.61413574219,-0.008300340348684
7/23/19,1425.55,1420.3447265625,-0.001540886009455
7/24/19,1426.95,1439.44982910156,0.000982077093052
7/25/19,1416.1,1423.33569335938,-0.007603630120187
7/26/19,1420.4,1423.38623046875,0.003036508721136
7/29/19,1419.05,1426.9189453125,-0.000950436496762
7/30/19,1425.9,1416.92004394531,0.00482717310877
7/31/19,1427.55,1415.85534667969,0.001157163896486
8/1/19,1406.8,1417.708984375,-0.014535392805856
8/2/19,1441.75,1415.60083007813,0.024843616718795
8/5/19,1465.25,1416.58190917969,0.016299635859199
8/6/19,1465.25,1424.345703125,0
8/7/19,1506.05,1465.7578125,0.027845077631804
8/8/19,1495.75,1475.76501464844,-0.006839082367783
8/9/19,1497.7,1477.95593261719,0.001303693799097
8/12/19,1504.7,1498.51586914063,0.004673833210923
8/13/19,1498.4,1495.12243652344,-0.004186881105868
8/14/19,1513.25,1497.74060058594,0.009910571276028
8/15/19,1515.65,1502.56909179688,0.001585990417975
8/16/19,1515.25,1501.52905273438,-0.000263913172566
8/19/19,1496.6,1511.88745117188,-0.012308199967002
8/20/19,1504.55,1512.97131347656,0.005312040625418
8/21/19,1503.25,1511.18615722656,-0.000864045727958
8/22/19,1502.05,1498.38208007813,-0.000798270414103
8/23/19,1503.8,1503.2236328125,0.001165074398322
8/27/19,1532.95,1503.32360839844,0.019384226625881
8/28/19,1537.15,1506.8671875,0.00273981538863
8/29/19,1540.2,1514.48181152344,0.001984191523274
8/30/19,1528.4,1531.76098632813,-0.007661342682768
9/2/19,1525.95,1537.31884765625,-0.00160298351217
9/3/19,1537.85,1546.38916015625,0.007798420655985
9/4/19,1546.1,1529.05444335937,0.005364632441395
9/5/19,1529.1,1526.03894042969,-0.010995407800272
9/6/19,1523.7,1533.3095703125,-0.003531489111242
9/9/19,1509.2,1533.70227050781,-0.009516308984708
9/10/19,1498.25,1511.82214355469,-0.007255499602438
9/11/19,1490.65,1517.94104003906,-0.005072584682129
9/12/19,1515.2,1505.69079589844,0.016469325462047
9/13/19,1503.1,1494.1181640625,-0.007985744456178
9/16/19,1497.2,1487.77563476563,-0.0039252212095
9/17/19,1502.1,1509.57666015625,0.00327277584825
9/18/19,1503.5,1500.45764160156,0.000932028493443
9/19/19,1500.7,1496.89428710938,-0.001862321250416
9/20/19,1501.9,1502.21960449219,0.000799626840808
9/23/19,1522.1,1499.62951660156,0.013449630468074
9/24/19,1520.65,1504.54724121094,-0.000952631233165
9/25/19,1528.75,1507.7373046875,0.005326669516325
9/26/19,1506.4,1517.828125,-0.014619787408013
9/27/19,1489.9,1508.44689941406,-0.01095326606479
9/30/19,1485.3,1511.76513671875,-0.003087455533929
10/1/19,1473.45,1497.14855957031,-0.007978186225005
10/2/19,1492.6,1489.88464355469,0.012996708405443
10/3/19,1517.1,1475.2060546875,0.016414310598955
10/4/19,1499.15,1476.25134277344,-0.011831784325358
10/7/19,1501.25,1499.67309570313,0.001400793783144
10/8/19,1505.85,1507.56091308594,0.003064113238967
10/9/19,1507.25,1499.20617675781,0.000929707474184
10/10/19,1494.8,1494.990234375,-0.008260076297894
10/11/19,1479.15,1501.07592773438,-0.010469628043885
10/14/19,1490.6,1500.83520507813,0.007740932292195
10/15/19,1487.8,1489.82495117188,-0.0018784382128
10/16/19,1485.1,1478.94506835938,-0.001814760048394
10/17/19,1492.65,1485.81518554688,0.005083832738536
10/18/19,1490,1486.62329101563,-0.00177536595987
10/21/19,1491.65,1486.61975097656,0.001107382550336
10/22/19,1485.35,1489.73266601563,-0.004223510877217
10/23/19,1494.45,1488.24169921875,0.006126502171206
10/24/19,1496.55,1489.12377929688,0.001405199237178
10/25/19,1513.45,1486.39953613281,0.011292639738064
10/28/19,1492.4,1490.83142089844,-0.013908619379563
10/29/19,1486.75,1495.103515625,-0.003785848298043
10/30/19,1492.1,1513.19604492188,0.003598453001513
10/31/19,1510.95,1490.92919921875,0.012633201528048
11/1/19,1508.8,1489.48657226563,-0.001422945828783
11/4/19,1509.45,1495.888671875,0.000430805938494
11/5/19,1488.95,1509.03112792969,-0.013581105700752
11/6/19,1486.05,1499.65869140625,-0.001947681251889
11/7/19,1484.25,1493.41442871094,-0.001211264762289
11/8/19,1464.15,1472.03112792969,-0.013542193026781
11/11/19,1458.7,1473.3896484375,-0.00372229621282
11/12/19,1452.05,1476.59240722656,-0.004558853773908
11/13/19,1462.9,1459.19091796875,0.007472194483661
11/14/19,1466.65,1455.27038574219,0.002563401462848
11/15/19,1466.9,1456.41809082031,0.00017045648246
11/18/19,1467.65,1465.67211914063,0.000511282295998
11/19/19,1468.45,1468.29333496094,0.000545089087998
11/20/19,1471.7,1466.69494628906,0.002213218019
11/21/19,1467.05,1466.57568359375,-0.003159611333832
11/22/19,1464.45,1465.978515625,-0.001772264067346
11/25/19,1458.4,1466.59985351563,-0.00413124381167
11/26/19,1454.65,1461.39270019531,-0.002571311025782
11/27/19,1454.35,1460.02026367188,-0.000206235176847
11/28/19,1454.65,1457.16052246094,0.000206277718569
11/29/19,1460.15,1454.05187988281,0.003780978242189
12/2/19,1461.15,1457.04418945313,0.000684861144403
12/3/19,1477.3,1458.33569335938,0.011052937754508
12/4/19,1475.1,1464.40417480469,-0.001489203276247
12/5/19,1475.95,1463.72448730469,0.000576232119856
12/6/19,1459.65,1476.29345703125,-0.011043734543853
12/9/19,1461.7,1471.24755859375,0.001404446271366
12/10/19,1464.95,1473.00048828125,0.002223438462065
12/11/19,1466.8,1460.23779296875,0.001262841735213
12/12/19,1467.8,1464.11157226563,0.000681756203981
12/13/19,1466.6,1466.42687988281,-0.000817550074942
12/16/19,1477.9,1465.34545898438,0.007704895677076
12/17/19,1475.8,1465.66247558594,-0.00142093511063
12/18/19,1474.05,1468.990234375,-0.001185797533541
12/19/19,1476.7,1474.32043457031,0.001797768054001
12/20/19,1479,1475.01342773438,0.001557526918128
12/23/19,1482.1,1475.15966796875,0.00209601081812
12/27/19,1511.5,1482.77014160156,0.019836718170164
12/30/19,1514.75,1489.31616210937,0.002150181938472
1/2/20,1527.1,1500.2470703125,0.008153160587556
1/3/20,1548.75,1536.69787597656,0.014177198611748
1/6/20,1573.1,1527.91040039063,0.015722356739306
1/7/20,1567.85,1545.84875488281,-0.003337359354142
1/8/20,1571.95,1555.619140625,0.002615046082215
1/9/20,1550.75,1572.45092773438,-0.013486434046885
1/10/20,1553.6,1563.65734863281,0.001837820409479
1/13/20,1549.9,1562.79089355469,-0.002381565396498
1/14/20,1545.1,1548.75720214844,-0.003096973998323
1/15/20,1549,1555.34814453125,0.002524108471944
1/16/20,1554.55,1547.71911621094,0.003582956746288
1/17/20,1557.6,1547.80578613281,0.001961982567302
1/20/20,1560.15,1551.33764648438,0.001637134052388
1/21/20,1551.3,1553.92834472656,-0.005672531487357
1/22/20,1556.9,1559.2255859375,0.003609875588216
1/23/20,1562.9,1555.50305175781,0.003853812062432
1/24/20,1564.3,1554.05822753906,0.000895770682705
1/27/20,1580.1,1561.51635742187,0.010100364380234
1/28/20,1574,1565.08984375,-0.003860515157268
1/29/20,1573.45,1568.65991210938,-0.000349428208386
1/30/20,1578.25,1571.50256347656,0.003050621246306
1/31/20,1584.2,1574.12854003906,0.003769998415967
2/3/20,1574.75,1570.07971191406,-0.005965155914657
2/4/20,1558.35,1571.76208496094,-0.010414351484363
2/5/20,1553.3,1578.92443847656,-0.003240607052331
2/6/20,1563.3,1569.0859375,0.006437906392841
2/7/20,1572.65,1556.14221191406,0.005980937759867
2/10/20,1573.2,1557.27758789063,0.000349728165835
2/11/20,1570.5,1565.83874511719,-0.001716247139588
2/12/20,1563.7,1571.17578125,-0.004329831263929
2/13/20,1575.05,1571.14929199219,0.007258425529194
2/14/20,1581.4,1567.35705566406,0.004031618043872
2/17/20,1580.8,1568.65539550781,-0.000379410648792
2/18/20,1589.85,1584.5859375,0.005724949392713
2/19/20,1604.2,1592.197265625,0.009026008742963
2/20/20,1619,1593.21936035156,0.009225782321406
2/21/20,1643.3,1610.98327636719,0.015009264978382
2/24/20,1671.65,1618.91430664063,0.017251871234711
2/25/20,1650.3,1625.37109375,-0.012771812281279
2/26/20,1634.9,1647.43920898438,-0.00933163667212
2/27/20,1652,1663.38842773437,0.010459355312252
2/28/20,1609.85,1630.28686523438,-0.025514527845036
3/2/20,1599.65,1627.47229003906,-0.006335994036711
3/3/20,1615.5,1650.08312988281,0.009908417466321
3/4/20,1641.85,1606.19848632812,0.016310739709068
3/5/20,1659.6,1614.39013671875,0.010810975424064
3/6/20,1683.65,1637.80859375,0.014491443721379
3/9/20,1672.5,1651.02294921875,-0.006622516556291
3/10/20,1655.7,1661.97216796875,-0.010044843049327
3/11/20,1653.75,1656.84875488281,-0.001177749592317
3/12/20,1570.7,1628.69421386719,-0.050219198790627
3/13/20,1562.8,1602.83569335938,-0.005029604634876
3/16/20,1487.7,1624.25390625,-0.048054773483491
3/17/20,1536.2,1532.23107910156,0.03260065873496
3/18/20,1498.2,1538.61865234375,-0.024736362452806
3/19/20,1474.25,1490.27233886719,-0.01598584968629
3/20/20,1494.4,1541.07409667969,0.013667966762761
3/23/20,1525.4,1495.06774902344,0.020744111349036
3/24/20,1605.75,1486.2373046875,0.05267470827324
3/25/20,1605.45,1536.42736816406,-0.000186828584773
3/26/20,1634.8,1563.55126953125,0.018281478713133
3/27/20,1617.3,1611.53955078125,-0.010704673354539
3/30/20,1618.3,1605.02905273438,0.000618314474742
3/31/20,1608.95,1626.59448242188,-0.005777667923129
4/1/20,1576.55,1611.56359863281,-0.020137356661177
4/2/20,1616.8,1618.75329589844,0.025530430370112
4/3/20,1613.1,1590.14282226563,-0.002288471053934
4/6/20,1648.3,1589.91760253906,0.021821337796789
4/7/20,1649.25,1629.81591796875,0.000576351392344
4/8/20,1647.8,1628.38745117188,-0.000879187509474
4/9/20,1680.65,1660.634765625,0.019935671804831
4/14/20,1741.9,1651.89465332031,0.036444232886086
4/15/20,1718.65,1661.92724609375,-0.013347494115621
4/16/20,1729.5,1688.80358886719,0.006313094580048
4/17/20,1692.55,1742.63562011719,-0.021364556230124
4/20/20,1686.2,1704.04370117188,-0.003751735546956
4/21/20,1682.05,1728.70812988281,-0.002461155260349
4/22/20,1710.55,1690.32946777344,0.016943610475313
4/23/20,1736.25,1678.85681152344,0.01502440735436
4/24/20,1715.9,1683.84985351563,-0.011720662347012
4/27/20,1714.95,1712.74682617188,-0.000553645317326
4/28/20,1691.55,1734.75915527344,-0.013644712673839
4/29/20,1703.35,1707.20959472656,0.00697585055127
4/30/20,1702.75,1708.88977050781,-0.000352247042592
5/1/20,1686.25,1690.41833496094,-0.009690207018059
5/4/20,1709.1,1701.52648925781,0.013550778354337
5/5/20,1699.55,1701.67041015625,-0.005587736235446
5/6/20,1691.5,1684.26049804688,-0.004736547909741
5/7/20,1704.05,1701.46459960938,0.007419450192137
5/11/20,1702.75,1697.40087890625,-0.000762888412899
5/12/20,1702.4,1694.48254394531,-0.000205549845838
5/13/20,1708.4,1706.26440429688,0.003524436090226
5/14/20,1731.6,1706.06799316406,0.013579957855303
5/15/20,1735.35,1709.39782714844,0.002165627165627
5/18/20,1734.7,1721.13061523438,-0.000374564208949
5/19/20,1737.95,1736.96813964844,0.001873522799331
5/20/20,1748.3,1731.01245117188,0.00595529215455
5/21/20,1724.9,1732.00622558594,-0.013384430589716
5/22/20,1733.55,1735.25476074219,0.005014783465708
5/26/20,1720.25,1734.39221191406,-0.007672117908338
5/27/20,1694.6,1719.51062011719,-0.014910623455893
5/28/20,1717.35,1732.611328125,0.013424997049451
5/29/20,1728.7,1718.58215332031,0.006609019710601
6/1/20,1730.6,1700.94604492188,0.001099091803089
6/2/20,1742.15,1716.29602050781,0.006673985900844
6/3/20,1705.35,1718.35559082031,-0.021123324627615
6/4/20,1700.05,1718.03137207031,-0.003107866420383
6/5/20,1683.45,1727.25561523438,-0.009764418693568
6/8/20,1690.35,1698.78564453125,0.004098725830883
6/9/20,1713.5,1693.97338867188,0.013695388529003
6/10/20,1722.05,1688.36254882813,0.004989786985702
6/11/20,1738.25,1707.416015625,0.009407392352138
6/12/20,1733.5,1715.35412597656,-0.002732633395657
6/15/20,1710.45,1722.72595214844,-0.013296798384771
6/16/20,1719.85,1737.65026855469,0.005495629805022
6/17/20,1724.35,1728.16967773438,0.00261650725354
6/18/20,1719.5,1712.4501953125,-0.002812654043553
6/19/20,1734.75,1731.34375,0.008868857225938
6/22/20,1761.85,1725.20642089844,0.015621847528462
6/23/20,1768.9,1732.43884277344,0.004001475721543
6/24/20,1766.05,1748.70568847656,-0.001611170784103
6/25/20,1756.55,1762.45861816406,-0.005379236148467
6/26/20,1747.6,1769.61083984375,-0.005095215052233
6/29/20,1771.6,1768.18395996094,0.013733119707027
6/30/20,1768.1,1753.13012695313,-0.001975615263039
7/1/20,1771.05,1755.12634277344,0.001668457666422
7/2/20,1777.45,1769.77429199219,0.003613675503233
7/3/20,1772.9,1768.67993164063,-0.002559846971785
7/6/20,1787.9,1774.1376953125,0.008460714084269
7/7/20,1789.55,1777.4677734375,0.000922870406622
7/8/20,1811.1,1781.42553710938,0.012042133497248
7/9/20,1812.1,1792.98449707031,0.000552150626691
7/10/20,1803.1,1794.07800292969,-0.004966613321561
7/13/20,1807.5,1807.65441894531,0.002440241805779
7/14/20,1801.9,1810.42761230469,-0.003098201936376
7/15/20,1804.6,1802.86560058594,0.001498418336201
7/16/20,1807.7,1806.88806152344,0.001717832206583
7/17/20,1807.35,1802.38110351563,-0.000193616197378
7/20/20,1815.65,1809.94836425781,0.004592358978615
7/21/20,1842.55,1814.875,0.014815630765841
7/22/20,1852.4,1819.43041992188,0.005345852215679
7/23/20,1878.3,1839.70043945313,0.013981861369035
7/24/20,1902.1,1872.38623046875,0.012671032316456
7/27/20,1936.65,1879.80651855469,0.018164134377793
7/28/20,1940.9,1908.10034179687,0.002194511140371
7/29/20,1950.9,1930.7255859375,0.00515224895667
7/30/20,1957.65,1950.78393554688,0.003459941565431
7/31/20,1964.9,1947.55834960938,0.003703419916737
8/3/20,1958.55,1957.14672851563,-0.0032317166268
8/4/20,1977.9,1966.97094726563,0.009879757984223
8/5/20,2048.15,1970.96740722656,0.035517468021639
8/6/20,2067.15,1967.54260253906,0.009276664306813
8/7/20,2031.15,1999.49365234375,-0.017415281909876
8/10/20,2044.5,2035.48046875,0.006572631268001
8/11/20,1939.65,2027.99731445312,-0.051283932501834
8/12/20,1931.9,1996.09936523438,-0.003995566210399
8/13/20,1944.25,2009.7822265625,0.006392670428076
8/14/20,1944.75,1938.47619628906,0.000257168574
8/17/20,1972.85,1941.86828613281,0.014449157989459
8/18/20,2008.75,1944.76306152344,0.018197024609068
8/19/20,1981,1943.30200195313,-0.013814561294337
8/20/20,1927.15,1964.01977539063,-0.027183240787481
8/21/20,1924.35,1999.20288085938,-0.001452922709701
8/24/20,1943.95,1948.7236328125,0.010185257359628
8/25/20,1911.15,1919.73229980469,-0.016872861956326
8/26/20,1932.95,1923.02941894531,0.011406744630197
8/27/20,1923.85,1924.05334472656,-0.004707830000776
8/28/20,1957.35,1915.07751464844,0.017412999974011
9/1/20,1972.35,1925.83984375,0.007663422484482
9/2/20,1947.05,1924.24560546875,-0.012827337947119
9/3/20,1940.45,1957.55993652344,-0.003389743458052
9/4/20,1926.3,1960.94677734375,-0.007292122961169
9/7/20,1928.45,1930.25793457031,0.001116129367181
9/8/20,1910.95,1941.02355957031,-0.009074645440639
9/9/20,1947.2,1922.00122070313,0.018969622439101
9/10/20,1966.25,1918.66870117188,0.009783278553821
9/11/20,1947.4,1913.03527832031,-0.009586776859504
9/14/20,1958.7,1950.23400878906,0.005802608606347
9/15/20,1949.35,1959.4375,-0.004773574309491
9/16/20,1961.8,1945.46447753906,0.006386744299382
9/17/20,1936.25,1958.82055664062,-0.013023753695586
9/18/20,1950.85,1942.07604980469,0.007540348612008
9/21/20,1909.35,1948.54211425781,-0.021272778532435
9/22/20,1906,1919.09716796875,-0.001754523790819
9/23/20,1873.4,1926.1796875,-0.01710388247639
9/24/20,1861.75,1882.32067871094,-0.006218639906053
9/25/20,1859.7,1892.89477539063,-0.001101114542769
9/28/20,1864.3,1867.06396484375,0.002473517233962
9/29/20,1883.95,1860.51208496094,0.010540149117631
9/30/20,1886.9,1866.77661132813,0.001565858966533
10/1/20,1902,1876.76232910156,0.008002543855
10/2/20,1903.05,1895.92700195312,0.000552050473186
10/5/20,1909.6,1896.44909667969,0.003441843356717
10/6/20,1913.4,1897.27221679688,0.001989945538333
10/7/20,1884.5,1897.24523925781,-0.015104003344831
10/8/20,1887.45,1912.43347167969,0.001565401963386
10/9/20,1923.25,1913.09509277344,0.018967389864632
10/12/20,1925.5,1884.08776855469,0.001169894709476
10/13/20,1891.3,1890.59228515625,-0.017761620358349
10/14/20,1910.05,1922.0078125,0.00991381589383
10/15/20,1891.9,1922.12561035156,-0.009502369047931
10/16/20,1905.05,1894.87902832031,0.006950684497066
10/19/20,1905.6,1905.75244140625,0.000288706333167
10/20/20,1898.4,1893.16088867188,-0.003778337531486
10/21/20,1924.15,1898.04040527344,0.01356405394016
10/22/20,1900.95,1901.1142578125,-0.012057272042201
10/23/20,1903.65,1902.97717285156,0.001420342460349
10/26/20,1898.45,1922.56701660156,-0.002731594568329
10/27/20,1905.7,1888.76440429688,0.003818904896099
10/28/20,1869.95,1892.52111816406,-0.018759510940862
10/29/20,1870.3,1892.18896484375,0.000187170779967
10/30/20,1881.85,1901.94104003906,0.00617547986954
11/2/20,1889.9,1868.72314453125,0.004277705449425
11/3/20,1908.3,1877.80358886719,0.009735964865866
11/4/20,1900.15,1892.89404296875,-0.004270816957501
11/5/20,1938.45,1901.08776855469,0.020156303449728
11/6/20,1940.8,1891.95336914063,0.001212308803425
11/9/20,1867.3,1898.06945800781,-0.037870981038747
11/10/20,1878.7,1925.07800292969,0.0061050714936
11/11/20,1860.95,1913.98205566406,-0.009448022568798
11/12/20,1874.85,1868.19873046875,0.007469303312824
11/13/20,1890.9,1866.96276855469,0.008560684854788
11/16/20,1885.6,1864.01330566406,-0.002802898090856
11/17/20,1889.05,1878.67712402344,0.001829656342809
11/18/20,1876.1,1887.31982421875,-0.006855297636378
11/19/20,1857.35,1882.13488769531,-0.009994136773093
11/20/20,1875.7,1877.89672851563,0.009879667267882
11/23/20,1840.2,1847.33410644531,-0.01892626752679
11/24/20,1799.6,1840.56323242188,-0.022062819258776
11/25/20,1810.2,1857.48034667969,0.005890197821738
11/26/20,1807.4,1811.51611328125,-0.001546790409899
11/27/20,1779.3,1781.51696777344,-0.015547194865553
11/30/20,1762.55,1811.12951660156,-0.009413814421402
12/1/20,1810.75,1817.9736328125,0.027346741936399
12/2/20,1822.6,1772.408203125,0.006544249620323
12/3/20,1832.35,1783.35498046875,0.005349500713267
12/4/20,1843,1834.53649902344,0.005812208366306
12/7/20,1859.95,1839.41271972656,0.009196961475855
12/8/20,1868.15,1836.40258789063,0.004408720664534
12/9/20,1841.75,1845.91882324219,-0.014131627545968
12/10/20,1844.35,1859.56335449219,0.001411700828017
12/11/20,1842,1857.44714355469,-0.001274161628758
12/14/20,1831.15,1839.20336914063,-0.005890336590662
12/15/20,1850.65,1839.96228027344,0.010649045681676
12/16/20,1851.95,1836.93676757813,0.000702455893875
12/17/20,1890.75,1837.08325195313,0.020950889602851
12/18/20,1879.75,1855.81860351563,-0.005817797170435
12/21/20,1880,1856.06066894531,0.000132996409097
12/22/20,1877.1,1882.81665039063,-0.001542553191489
12/23/20,1875,1876.45373535156,-0.001118747003356
12/29/20,1874.3,1880.94018554688,-0.000373333333333
12/30/20,1887.6,1880.06396484375,0.007095982500133
1/4/21,1943.2,1879.69848632813,0.029455393091757
1/5/21,1940.35,1882.59167480469,-0.001466652943598
1/6/21,1931.95,1902.42736816406,-0.004329115881155
1/7/21,1920.1,1935.31408691406,-0.006133699112296
1/8/21,1862.9,1905.544921875,-0.029790115098172
1/11/21,1847.25,1898.80297851563,-0.008400880347845
1/12/21,1841.25,1891.39074707031,-0.003248071457572
1/13/21,1858.85,1848.15344238281,0.009558723693143
1/14/21,1841.75,1843.83081054688,-0.009199236086828
1/15/21,1839,1840.39538574219,-0.001493145106556
1/18/21,1833.05,1857.76159667969,-0.003235454051115
1/19/21,1834.7,1841.73583984375,0.000900139112408
1/20/21,1856.6,1836.76220703125,0.01193655638524
1/21/21,1862.1,1831.86743164062,0.002962404395131
1/22/21,1852.7,1841.34838867188,-0.005048064013748
1/25/21,1856.85,1855.72766113281,0.002239974091866
1/26/21,1856.6,1858.6298828125,-0.000134636615774
1/27/21,1843,1851.0478515625,-0.007325218140687
1/28/21,1853.7,1861.76733398438,0.005805751492132
1/29/21,1863.8,1850.66955566406,0.00544856233479
2/1/21,1862.95,1843.25561523438,-0.000456057516901
2/2/21,1833.1,1848.30627441406,-0.016022974314931
2/3/21,1835.45,1843.70727539062,0.00128198134308
2/4/21,1785.9,1846.12756347656,-0.026996104497535
2/5/21,1802.95,1824.37158203125,0.00954700711126
2/8/21,1835.25,1841.21630859375,0.017915083612968
2/9/21,1839.6,1786.66662597656,0.002370249284839
2/10/21,1842.65,1823.36706542969,0.001657969123723
2/11/21,1840.1,1834.56823730469,-0.00138387648224
2/12/21,1816.35,1831.20190429688,-0.012906907233303
2/15/21,1817.3,1829.42810058594,0.000523026949652
2/16/21,1794.25,1818.56726074219,-0.012683651571012
2/17/21,1780.7,1796.71301269531,-0.007551901908876
2/18/21,1773.15,1807.11462402344,-0.004239905655079
2/19/21,1786.2,1790.30590820313,0.007359783436257
2/22/21,1807.45,1775.7216796875,0.01189676408017
2/23/21,1799.65,1774.87475585938,-0.004315472073916
2/24/21,1788,1788.03259277344,-0.00647348095463
2/25/21,1779.65,1791.21887207031,-0.004670022371365
2/26/21,1742.85,1773.1591796875,-0.020678223246144
3/1/21,1734.15,1763.84106445313,-0.004991823736982
3/2/21,1723.85,1752.54760742188,-0.005939509269671
3/3/21,1711.4,1722.72326660156,-0.00722220610842
3/4/21,1712.1,1717.97583007812,0.000409021853453
3/5/21,1696.25,1709.61389160156,-0.009257636820279
3/8/21,1687.05,1710.43566894531,-0.005423728813559
3/9/21,1716.9,1716.59802246094,0.017693607184138
3/10/21,1716.2,1691.03759765625,-0.000407711573184
3/11/21,1724.25,1693.24462890625,0.00469059550169
3/12/21,1704.8,1705.25170898438,-0.011280266782659
3/15/21,1723.65,1713.16027832031,0.011057015485688
3/16/21,1735,1713.75988769531,0.006584863516375
3/17/21,1729.65,1707.18359375,-0.003083573487032
3/18/21,1725.9,1728.63952636719,-0.002168068684416
3/19/21,1735.2,1728.30981445313,0.005388492960195
3/22/21,1736.15,1728.31506347656,0.000547487321346
3/23/21,1726.2,1725.50415039063,-0.005731071623996
3/24/21,1730.5,1735.09069824219,0.002491020739196
3/25/21,1737.3,1735.91784667969,0.003929500144467
3/26/21,1731.8,1719.63696289063,-0.00316583203822
3/29/21,1705.95,1714.74963378906,-0.014926665896755
3/30/21,1683.95,1720.85485839844,-0.012896040329435
3/31/21,1691.05,1725.70080566406,0.00421627720538
4/1/21,1726.05,1709.00964355469,0.020697199964519
4/6/21,1744.65,1690.93518066406,0.010776049361259
4/7/21,1738.05,1712.95739746094,-0.00378299372367
4/8/21,1755.5,1735.38757324219,0.010039987342136
4/9/21,1741.2,1741.15710449219,-0.008145827399601
4/12/21,1732.85,1737.00610351563,-0.004795543303469
4/13/21,1747.95,1756.41430664063,0.008713968318089
4/14/21,1735.55,1739.04125976563,-0.007094024428616
4/15/21,1757.2,1734.81518554688,0.012474431736337
4/16/21,1774.45,1744.58447265625,0.009816753926702
4/19/21,1774.5,1746.44982910156,2.81777452168021E-05
4/20/21,1777.85,1772.66430664063,0.00188785573401
4/21/21,1798.2,1776.49938964844,0.011446409989594
4/22/21,1787.75,1772.01428222656,-0.005811366922478
4/23/21,1781.8,1777.275390625,-0.003328205845336
4/26/21,1773.35,1797.93151855469,-0.004742395330565
4/27/21,1784.15,1782.2392578125,0.006090168325486
4/28/21,1772.2,1778.19946289063,-0.006697867331783
4/29/21,1762.65,1771.162109375,-0.00538878230448
4/30/21,1767.65,1791.4609375,0.002836638016623
5/4/21,1797.75,1766.02844238281,0.017028257856476
5/5/21,1782.25,1765.18054199219,-0.008621888471701
5/6/21,1813.15,1779.77429199219,0.017337635011923
5/7/21,1836.55,1797.08312988281,0.012905716570609
5/10/21,1840.45,1795.26135253906,0.002123546867768
5/11/21,1829.1,1827.86804199219,-0.006166970034503
5/12/21,1830.7,1836.46313476563,0.000874747143404
5/13/21,1821.8,1839.77746582031,-0.004861528377124
5/14/21,1838.1,1826.16821289063,0.008947195081787
5/17/21,1853.7,1828.69030761719,0.008487024645014
5/18/21,1866.75,1833.78527832031,0.007039974105842
5/19/21,1888.45,1853.39538574219,0.011624481049953
5/20/21,1878.3,1861.97216796875,-0.005374778257301
5/21/21,1875.9,1875.07202148438,-0.001277751157962
5/24/21,1880.15,1874.87805175781,0.002265579188656
5/25/21,1887,1877.47290039063,0.003643326330346
5/26/21,1899.75,1877.21057128906,0.006756756756757
5/27/21,1891.45,1885.75927734375,-0.004368995920516
5/28/21,1899.95,1891.28955078125,0.004493906791086
6/1/21,1899.35,1893.85339355469,-0.000315797784152
6/2/21,1902.75,1885.16394042969,0.001790086082081
6/3/21,1866.55,1895.3359375,-0.019025095256865
6/4/21,1890.6,1896.07934570313,0.012884733867295
6/7/21,1888.4,1900.94140625,-0.001163651750767
6/8/21,1893.15,1868.83544921875,0.002515356915908
6/9/21,1894.6,1889.85424804688,0.000765919235137
6/10/21,1888.65,1886.70568847656,-0.003140504591998
6/11/21,1881.05,1884.8642578125,-0.00402403833426
6/14/21,1865.6,1884.16772460938,-0.008213497780495
6/15/21,1865.1,1877.8310546875,-0.000268010291595
6/16/21,1860.75,1846.00915527344,-0.0023323146212
6/17/21,1778.7,1824.98303222656,-0.044095122934301
6/18/21,1773.1,1834.09362792969,-0.003148366784731
6/21/21,1775.05,1822.65954589844,0.001099768766567
6/22/21,1775.05,1775.35180664063,0
6/23/21,1791.6,1770.87768554688,0.00932368102307
6/24/21,1784.85,1774.65344238281,-0.003767582049565
6/25/21,1786.65,1773.697265625,0.001008488108245
6/28/21,1780.3,1786.79162597656,-0.003554137631881
6/29/21,1755.45,1775.51416015625,-0.013958321631186
6/30/21,1763.15,1783.33923339844,0.004386339684981
7/1/21,1781.5,1780.43664550781,0.010407509287355
7/2/21,1786.15,1758.28527832031,0.002610159977547
7/5/21,1791.35,1778.19494628906,0.002911289645326
7/6/21,1809.85,1792.419921875,0.010327406704441
7/7/21,1804.65,1792.83312988281,-0.002873166284499
7/8/21,1807.7,1797.18432617188,0.001690078408556
7/9/21,1806,1809.89489746094,-0.000940421530121
7/12/21,1792.4,1801.71020507813,-0.007530454042082
7/13/21,1813.85,1800.81323242188,0.011967194822584
7/14/21,1823.2,1799.22119140625,0.005154781266367
7/15/21,1823.75,1800.62463378906,0.000301667397982
7/16/21,1824.3,1817.68518066406,0.000301576422207
7/19/21,1814.9,1821.78918457031,-0.005152661294743
7/20/21,1823.05,1819.16967773438,0.004490605543005
7/21/21,1802.15,1817.75048828125,-0.011464304325169
7/22/21,1799.45,1810.6005859375,-0.001498210470827
7/23/21,1799.6,1817.86120605469,8.33588040789483E-05
7/26/21,1800.2,1799.89965820313,0.000333407423872
7/27/21,1800.35,1798.43640136719,8.33240751026906E-05
7/28/21,1796.6,1798.6826171875,-0.002082928319493
7/29/21,1829.3,1796.52429199219,0.018201046421018
7/30/21,1825.75,1793.46203613281,-0.001940633029027
8/2/21,1811.45,1794.79272460937,-0.007832397644803
8/3/21,1812.65,1816.02600097656,0.000662452731237
8/4/21,1829.1,1822.02368164063,0.009075111025294
8/5/21,1800.75,1795.75268554688,-0.015499425947187
8/6/21,1762.9,1788.11779785156,-0.021019019852839
8/9/21,1738.85,1792.59155273438,-0.013642293947473
8/10/21,1723.35,1773.6240234375,-0.008913937372401
8/11/21,1743.6,1745.83117675781,0.011750369919053
8/12/21,1747.4,1736.71154785156,0.002179398944712
8/13/21,1773.85,1733.05822753906,0.015136774636603
8/16/21,1786.35,1765.0302734375,0.007046819065874
8/17/21,1789.45,1761.51245117188,0.001735382203935
8/18/21,1783.45,1782.82153320313,-0.003352985554221
8/19/21,1782.05,1786.52258300781,-0.000784995374134
8/20/21,1779.05,1788.50061035156,-0.001683454448528
8/23/21,1802,1781.32934570313,0.012900143334926
8/24/21,1808.45,1777.140625,0.00357935627081
8/25/21,1788.7,1779.3896484375,-0.010920954408471
8/26/21,1786.6,1800.59729003906,-0.001174037010119
8/27/21,1798.5,1819.03503417969,0.006660696294638
8/31/21,1814.85,1786.45959472656,0.009090909090909
9/1/21,1811.8,1793.69091796875,-0.001680579662231
9/2/21,1812.55,1808.76989746094,0.000413952974942
9/3/21,1823.7,1813.24365234375,0.006151554439878
9/6/21,1821.6,1808.45727539063,-0.001151505181773
9/7/21,1802.15,1804.97338867188,-0.010677426438296
9/8/21,1786,1814.54956054688,-0.00896151818661
9/9/21,1788.25,0,0.001259798432251
9/10/21,1794.6,0,0.003550957640151
