Date,USD (PM),pred
9/12/16,1324.6,0.0
9/13/16,1323.65,
9/14/16,1321.75,1317.8538818359375
9/15/16,1310.8,1316.4630126953125
9/16/16,1308.35,1319.3538818359375
9/19/16,1314.85,1318.0982666015625
9/20/16,1313.8,1309.61279296875
9/21/16,1326.1,1312.33642578125
9/22/16,1339.1,1319.568359375
9/23/16,1338.65,1321.2979736328125
9/26/16,1340.5,1330.2425537109375
9/27/16,1327.0,1337.3759765625
9/28/16,1322.5,1331.6729736328125
9/29/16,1318.1,1334.8057861328125
9/30/16,1322.5,1319.833251953125
10/3/16,1313.3,1307.655029296875
10/4/16,1283.3,1299.0947265625
10/5/16,1269.4,1297.71337890625
10/6/16,1254.5,1286.722412109375
10/7/16,1258.75,1264.3948974609375
10/10/16,1259.5,1260.93408203125
10/11/16,1253.45,1255.1885986328125
10/12/16,1256.5,1258.86279296875
10/13/16,1261.05,1259.19921875
10/14/16,1251.75,1254.545166015625
10/17/16,1254.8,1255.6644287109375
10/18/16,1258.2,1255.8792724609375
10/19/16,1269.05,1252.3106689453125
10/20/16,1271.65,1257.4271240234375
10/21/16,1266.05,1261.2576904296875
10/24/16,1265.55,1267.4664306640625
10/25/16,1269.4,1271.791748046875
10/26/16,1270.5,1266.2928466796875
10/27/16,1266.25,1265.2435302734375
10/28/16,1273.0,1267.8076171875
10/31/16,1272.0,1267.408935546875
11/1/16,1288.45,1269.7159423828125
11/2/16,1303.75,1279.790283203125
11/3/16,1301.0,1279.5211181640625
11/4/16,1302.8,1291.82470703125
11/7/16,1283.05,1301.391357421875
11/8/16,1282.35,1294.31787109375
11/9/16,1281.4,1292.12890625
11/10/16,1267.5,1262.5140380859375
11/11/16,1236.45,1254.87744140625
11/14/16,1213.6,1262.8409423828125
11/15/16,1226.95,1246.8887939453125
11/16/16,1229.2,1226.0125732421875
11/17/16,1226.75,1216.269775390625
11/18/16,1211.0,1225.721435546875
11/21/16,1214.25,1224.0611572265625
11/22/16,1212.25,1212.6788330078125
11/23/16,1185.35,1197.9329833984375
11/24/16,1186.1,1207.998046875
11/25/16,1187.7,1200.0916748046875
11/28/16,1187.0,1185.9144287109375
11/29/16,1186.55,1184.1221923828125
11/30/16,1178.1,1180.69970703125
12/1/16,1161.85,1182.2071533203125
12/2/16,1173.5,1179.396484375
12/5/16,1162.2,1175.137451171875
12/6/16,1172.5,1159.6546630859375
12/7/16,1177.65,1167.0936279296875
12/8/16,1171.05,1164.386962890625
12/9/16,1163.6,1170.335205078125
12/12/16,1156.1,1173.5228271484375
12/13/16,1158.55,1165.697509765625
12/14/16,1162.25,1150.796875
12/15/16,1126.95,1145.0445556640625
12/16/16,1131.6,1153.813232421875
12/19/16,1136.25,1149.59619140625
12/20/16,1125.7,1128.5284423828125
12/21/16,1133.65,1129.885986328125
12/22/16,1131.35,1137.141845703125
12/28/16,1134.6,1126.76904296875
12/29/16,1145.9,1136.9332275390625
1/3/17,1151.0,1136.3831787109375
1/4/17,1164.25,1147.1964111328125
1/5/17,1176.7,1158.4189453125
1/6/17,1175.85,1161.359130859375
1/9/17,1178.5,1173.825927734375
1/10/17,1189.5,1176.2718505859375
1/11/17,1178.55,1172.9730224609375
1/12/17,1205.05,1172.4229736328125
1/13/17,1190.35,1179.6241455078125
1/16/17,1203.0,1184.5556640625
1/17/17,1216.05,1194.7762451171875
1/18/17,1214.75,1191.93310546875
1/19/17,1196.05,1204.9969482421875
1/20/17,1200.55,1217.0201416015625
1/23/17,1212.85,1216.5748291015625
1/24/17,1216.8,1199.0577392578125
1/25/17,1195.0,1199.377685546875
1/26/17,1189.7,1208.0128173828125
1/27/17,1184.85,1209.4365234375
1/30/17,1192.8,1195.0068359375
1/31/17,1212.8,1183.63330078125
2/1/17,1203.65,1190.633544921875
2/2/17,1221.95,1200.5013427734375
2/3/17,1215.2,1205.5428466796875
2/6/17,1226.75,1209.1983642578125
2/7/17,1231.0,1223.659423828125
2/8/17,1242.1,1216.4810791015625
2/9/17,1236.8,1228.7783203125
2/10/17,1228.3,1230.844482421875
2/13/17,1222.25,1242.0357666015625
2/14/17,1230.75,1231.0185546875
2/15/17,1224.4,1225.2840576171875
2/16/17,1240.55,1223.7476806640625
2/17/17,1241.95,1228.4625244140625
2/20/17,1237.3,1225.1964111328125
2/21/17,1233.2,1238.6282958984375
2/22/17,1236.65,1244.7559814453125
2/23/17,1247.9,1236.0509033203125
2/24/17,1253.65,1237.5142822265625
2/27/17,1257.2,1243.7496337890625
2/28/17,1255.6,1248.337890625
3/1/17,1240.4,1248.9261474609375
3/2/17,1238.1,1248.3055419921875
3/3/17,1226.5,1248.1446533203125
3/6/17,1230.95,1230.1177978515625
3/7/17,1216.65,1229.1468505859375
3/8/17,1209.2,1218.0982666015625
3/9/17,1206.55,1221.9588623046875
3/10/17,1202.65,1207.6961669921875
3/13/17,1204.2,1205.4853515625
3/14/17,1204.6,1203.2435302734375
3/15/17,1198.8,1201.3319091796875
3/16/17,1229.35,1198.8126220703125
3/17/17,1229.6,1203.7698974609375
3/20/17,1232.4,1211.4149169921875
3/21/17,1241.6,1237.1082763671875
3/22/17,1249.05,1234.20947265625
3/23/17,1247.5,1238.78125
3/24/17,1247.5,1245.7684326171875
3/27/17,1257.55,1247.5003662109375
3/28/17,1257.25,1246.8140869140625
3/29/17,1251.1,1247.81591796875
3/30/17,1248.8,1256.6484375
3/31/17,1244.85,1253.76416015625
4/3/17,1247.25,1251.62255859375
4/4/17,1257.65,1250.5880126953125
4/5/17,1245.8,1241.15087890625
4/6/17,1252.5,1245.1297607421875
4/7/17,1266.45,1255.9658203125
4/10/17,1250.05,1246.8206787109375
4/11/17,1252.9,1244.4140625
4/12/17,1274.3,1254.7288818359375
4/13/17,1284.15,1247.3887939453125
4/18/17,1278.95,1262.90869140625
4/19/17,1279.05,1279.07373046875
4/20/17,1282.1,1279.3134765625
4/21/17,1281.85,1274.9920654296875
4/24/17,1269.4,1275.6353759765625
4/25/17,1267.8,1276.787109375
4/26/17,1261.85,1274.8834228515625
4/27/17,1262.8,1266.0941162109375
4/28/17,1266.45,1262.9031982421875
5/2/17,1255.45,1257.5460205078125
5/3/17,1250.3,1251.795654296875
5/4/17,1228.45,1252.2606201171875
5/5/17,1228.05,1242.873046875
5/8/17,1229.8,1237.46533203125
5/9/17,1220.4,1224.628662109375
5/10/17,1222.95,1226.8023681640625
5/11/17,1223.15,1232.2252197265625
5/12/17,1231.25,1220.08984375
5/15/17,1233.3,1226.0205078125
5/16/17,1234.2,1228.0440673828125
5/17/17,1257.4,1236.6343994140625
5/18/17,1255.9,1234.3621826171875
5/19/17,1252.0,1243.4671630859375
5/22/17,1258.85,1253.6275634765625
5/23/17,1260.2,1254.1737060546875
5/24/17,1252.55,1251.9169921875
5/25/17,1256.95,1258.03857421875
5/26/17,1265.05,1255.6639404296875
5/30/17,1262.7,1253.8624267578125
5/31/17,1266.2,1260.719482421875
6/1/17,1264.85,1263.0252685546875
6/2/17,1274.95,1263.772705078125
6/5/17,1279.95,1269.762939453125
6/6/17,1293.5,1271.2991943359375
6/7/17,1291.0,1275.3568115234375
6/8/17,1273.1,1277.8123779296875
6/9/17,1266.55,1288.68212890625
6/12/17,1266.4,1278.8101806640625
6/13/17,1262.0,1269.164306640625
6/14/17,1275.5,1263.371826171875
6/15/17,1254.55,1263.009033203125
6/16/17,1255.4,1260.971923828125
6/19/17,1248.15,1268.9638671875
6/20/17,1242.2,1246.37939453125
6/21/17,1242.5,1254.36474609375
6/22/17,1250.8,1248.633056640625
6/23/17,1255.7,1241.6607666015625
6/26/17,1245.25,1243.3284912109375
6/27/17,1249.55,1249.5894775390625
6/28/17,1248.0,1254.619384765625
6/29/17,1243.5,1244.450439453125
6/30/17,1242.25,1243.5594482421875
7/3/17,1229.25,1240.161865234375
7/4/17,1223.75,1233.9051513671875
7/5/17,1220.3,1235.14111328125
7/6/17,1224.9,1222.4405517578125
7/7/17,1215.65,1219.920166015625
7/10/17,1211.9,1217.3929443359375
7/11/17,1211.05,1224.7333984375
7/12/17,1218.8,1214.5882568359375
7/13/17,1218.9,1211.4713134765625
7/14/17,1230.3,1215.9525146484375
7/17/17,1234.1,1226.990234375
7/18/17,1240.75,1226.2984619140625
7/19/17,1242.15,1235.349365234375
7/20/17,1238.7,1236.9012451171875
7/21/17,1248.55,1240.012451171875
7/24/17,1255.55,1240.9129638671875
7/25/17,1254.4,1240.850830078125
7/26/17,1248.1,1245.8740234375
7/27/17,1261.1,1251.3934326171875
7/28/17,1264.9,1251.54150390625
7/31/17,1267.55,1254.6553955078125
8/1/17,1270.95,1265.9093017578125
8/2/17,1269.6,1266.8896484375
8/3/17,1268.1,1265.5362548828125
8/4/17,1257.7,1266.6971435546875
8/7/17,1258.0,1266.38134765625
8/8/17,1261.8,1270.31884765625
8/9/17,1271.05,1257.770263671875
8/10/17,1284.4,1264.435546875
8/11/17,1286.1,1268.728515625
8/14/17,1282.3,1273.720458984375
8/15/17,1270.3,1283.5277099609375
8/16/17,1272.75,1285.7109375
8/17/17,1285.15,1286.49560546875
8/18/17,1295.8,1271.3431396484375
8/21/17,1292.9,1277.398681640625
8/22/17,1284.2,1288.0206298828125
8/23/17,1286.65,1296.0458984375
8/24/17,1289.0,1289.2764892578125
8/25/17,1285.3,1284.9556884765625
8/29/17,1318.65,1280.8682861328125
8/30/17,1308.5,1280.2803955078125
8/31/17,1311.75,1295.9737548828125
9/1/17,1320.4,1309.8026123046875
9/4/17,1333.1,1310.114990234375
9/5/17,1335.55,1320.468994140625
9/6/17,1337.85,1331.547607421875
9/7/17,1343.5,1339.1636962890625
9/8/17,1346.25,1335.478759765625
9/11/17,1334.2,1335.1123046875
9/12/17,1326.5,1339.446044921875
9/13/17,1327.55,1338.650634765625
9/14/17,1324.55,1326.7362060546875
9/15/17,1322.85,1320.284912109375
9/18/17,1312.1,1320.6041259765625
9/19/17,1309.6,1319.43115234375
9/20/17,1311.3,1312.8492431640625
9/21/17,1292.1,1304.4078369140625
9/22/17,1294.8,1303.7615966796875
9/25/17,1293.3,1308.3995361328125
9/26/17,1300.05,1289.2864990234375
9/27/17,1282.55,1290.374267578125
9/28/17,1283.35,1291.3914794921875
9/29/17,1283.1,1293.94189453125
10/2/17,1273.7,1276.38427734375
10/3/17,1271.25,1280.1900634765625
10/4/17,1274.25,1279.692138671875
10/5/17,1274.5,1267.6297607421875
10/6/17,1261.8,1268.6546630859375
10/9/17,1278.75,1268.35009765625
10/10/17,1291.4,1268.1297607421875
10/11/17,1289.25,1266.17724609375
10/12/17,1290.25,1289.3551025390625
10/13/17,1299.6,1292.616455078125
10/16/17,1303.3,1288.765625
10/17/17,1284.75,1288.02294921875
10/18/17,1280.2,1297.57373046875
10/19/17,1286.4,1296.15771484375
10/20/17,1281.2,1279.2774658203125
10/23/17,1274.9,1279.3697509765625
10/24/17,1276.45,1284.602294921875
10/25/17,1275.0,1277.1348876953125
10/26/17,1273.75,1271.2674560546875
10/27/17,1266.45,1275.368896484375
10/30/17,1272.0,1272.995361328125
10/31/17,1270.15,1273.846923828125
11/1/17,1277.05,1267.571533203125
11/2/17,1279.2,1269.373779296875
11/3/17,1267.2,1270.65380859375
11/6/17,1270.9,1276.5841064453125
11/7/17,1275.6,1284.3736572265625
11/8/17,1284.0,1268.013671875
11/9/17,1284.8,1276.24755859375
11/10/17,1284.3,1278.3853759765625
11/13/17,1277.95,1283.550537109375
11/14/17,1274.6,1283.8951416015625
11/15/17,1282.2,1282.461669921875
11/16/17,1280.0,1276.3480224609375
11/17/17,1284.35,1277.1549072265625
11/20/17,1286.2,1281.0439453125
11/21/17,1283.3,1281.560546875
11/22/17,1286.95,1283.830078125
11/23/17,1290.35,1284.5335693359375
11/24/17,1290.5,1285.1041259765625
11/27/17,1294.9,1288.6441650390625
11/28/17,1291.85,1288.40869140625
11/29/17,1283.85,1287.8846435546875
11/30/17,1280.2,1289.7847900390625
12/1/17,1275.5,1284.3856201171875
12/4/17,1273.45,1276.61572265625
12/5/17,1266.3,1273.818115234375
12/6/17,1263.7,1267.4658203125
12/7/17,1255.0,1265.4876708984375
12/8/17,1250.65,1258.4017333984375
12/11/17,1247.15,1255.3297119140625
12/12/17,1240.9,1248.4937744140625
12/13/17,1242.65,1248.8165283203125
12/14/17,1251.0,1249.33984375
12/15/17,1254.6,1241.3646240234375
12/18/17,1260.6,1248.869140625
12/19/17,1260.35,1257.97412109375
12/20/17,1264.55,1259.1129150390625
12/21/17,1264.55,1263.8052978515625
12/27/17,1279.4,1265.437744140625
12/28/17,1291.0,1275.3736572265625
1/2/18,1312.05,1276.97314453125
1/3/18,1314.9,1296.8173828125
1/4/18,1314.5,1304.123779296875
1/5/18,1317.15,1315.05712890625
1/8/18,1319.95,1313.40869140625
1/9/18,1311.0,1312.2138671875
1/10/18,1319.75,1317.5333251953125
1/11/18,1323.05,1314.8883056640625
1/12/18,1326.8,1314.19189453125
1/15/18,1339.25,1323.0469970703125
1/16/18,1333.85,1325.5587158203125
1/17/18,1335.65,1328.167724609375
1/18/18,1332.2,1335.951416015625
1/19/18,1334.95,1333.9039306640625
1/22/18,1332.6,1335.81982421875
1/23/18,1333.4,1332.85888671875
1/24/18,1353.7,1333.7955322265625
1/25/18,1354.95,1332.9462890625
1/26/18,1353.15,1338.9378662109375
1/29/18,1343.85,1351.3143310546875
1/30/18,1344.9,1352.5018310546875
1/31/18,1345.05,1347.7427978515625
2/1/18,1341.35,1338.3536376953125
2/2/18,1331.15,1341.06982421875
2/5/18,1333.6,1340.908203125
2/6/18,1331.4,1335.4190673828125
2/7/18,1324.65,1324.1925048828125
2/8/18,1315.45,1327.7451171875
2/9/18,1314.1,1327.5103759765625
2/12/18,1322.3,1321.6097412109375
2/13/18,1325.35,1314.578857421875
2/14/18,1336.25,1320.62646484375
2/15/18,1352.45,1333.42138671875
2/16/18,1352.1,1331.6241455078125
2/19/18,1346.6,1340.67333984375
2/20/18,1339.85,1350.2650146484375
2/21/18,1330.5,1344.65234375
2/22/18,1328.35,1337.2418212890625
2/23/18,1327.95,1334.897216796875
2/26/18,1333.5,1329.02001953125
2/27/18,1325.75,1324.6102294921875
2/28/18,1317.85,1322.668701171875
3/1/18,1307.75,1330.621826171875
3/2/18,1322.3,1320.4791259765625
3/5/18,1320.4,1312.2862548828125
3/6/18,1331.4,1311.3216552734375
3/7/18,1329.4,1321.6693115234375
3/8/18,1321.0,1320.1201171875
3/9/18,1320.6,1331.54248046875
3/12/18,1319.15,1326.233642578125
3/13/18,1322.75,1320.549072265625
3/14/18,1323.55,1319.9771728515625
3/15/18,1318.75,1317.0789794921875
3/16/18,1310.1,1319.5235595703125
3/19/18,1312.4,1319.12451171875
3/20/18,1311.0,1318.021728515625
3/21/18,1321.35,1309.5643310546875
3/22/18,1329.15,1316.1622314453125
3/23/18,1346.6,1319.1417236328125
3/26/18,1352.4,1328.085205078125
3/27/18,1341.45,1332.587646484375
3/28/18,1332.45,1344.3466796875
3/29/18,1323.85,1348.58642578125
4/3/18,1333.45,1336.0484619140625
4/4/18,1337.3,1331.20263671875
4/5/18,1327.7,1323.7926025390625
4/6/18,1331.2,1332.0723876953125
4/9/18,1331.95,1341.0318603515625
4/10/18,1338.95,1327.869873046875
4/11/18,1350.75,1331.320068359375
4/12/18,1341.35,1332.7763671875
4/13/18,1343.7,1342.0078125
4/16/18,1349.35,1347.9847412109375
4/17/18,1342.1,1339.6142578125
4/18/18,1351.45,1341.7613525390625
4/19/18,1348.6,1347.0633544921875
4/20/18,1336.75,1336.7022705078125
4/23/18,1324.3,1346.601318359375
4/24/18,1328.85,1339.129638671875
4/25/18,1321.65,1329.25634765625
4/26/18,1320.7,1323.28076171875
4/27/18,1321.5,1325.850830078125
4/30/18,1313.2,1315.3974609375
5/1/18,1307.1,1314.3214111328125
5/2/18,1304.2,1320.3702392578125
5/3/18,1315.05,1309.9935302734375
5/4/18,1309.4,1306.0052490234375
5/8/18,1306.6,1302.5662841796875
5/9/18,1313.85,1308.1552734375
5/10/18,1318.8,1308.2332763671875
5/11/18,1324.35,1309.652099609375
5/14/18,1319.85,1309.8126220703125
5/15/18,1295.0,1310.206787109375
5/16/18,1291.25,1315.142822265625
5/17/18,1289.5,1304.04052734375
5/18/18,1288.3,1289.4228515625
5/21/18,1288.35,1290.4765625
5/22/18,1293.05,1289.9605712890625
5/23/18,1289.0,1284.6513671875
5/24/18,1304.85,1288.8099365234375
5/25/18,1303.5,1288.1319580078125
5/29/18,1295.5,1287.9296875
5/30/18,1300.7,1299.0347900390625
5/31/18,1305.35,1303.3917236328125
6/1/18,1294.6,1297.1533203125
6/4/18,1295.45,1299.493896484375
6/5/18,1292.05,1304.878662109375
6/6/18,1300.1,1294.0111083984375
6/7/18,1297.25,1293.885009765625
6/8/18,1298.25,1292.614990234375
6/11/18,1299.6,1297.8905029296875
6/12/18,1298.65,1297.088134765625
6/13/18,1296.15,1297.2442626953125
6/14/18,1302.75,1296.2978515625
6/15/18,1285.25,1292.8189697265625
6/18/18,1281.55,1290.185546875
6/19/18,1276.15,1293.1409912109375
6/20/18,1274.2,1274.5443115234375
6/21/18,1266.15,1276.7039794921875
6/22/18,1269.15,1272.514892578125
6/25/18,1268.7,1269.3916015625
6/26/18,1260.3,1261.337890625
6/27/18,1254.6,1264.191162109375
6/28/18,1251.55,1262.023193359375
6/29/18,1250.45,1253.1595458984375
7/2/18,1247.8,1252.4666748046875
7/3/18,1251.75,1252.343017578125
7/4/18,1255.65,1249.144775390625
7/5/18,1255.5,1249.47802734375
7/6/18,1255.35,1254.5379638671875
7/9/18,1262.05,1254.281982421875
7/10/18,1254.0,1253.7381591796875
7/11/18,1251.4,1253.6248779296875
7/12/18,1245.9,1257.328369140625
7/13/18,1241.7,1246.4910888671875
7/16/18,1241.1,1245.0487060546875
7/17/18,1232.8,1237.5972900390625
7/18/18,1224.5,1231.75146484375
7/19/18,1217.55,1237.3780517578125
7/20/18,1228.75,1226.7891845703125
7/23/18,1224.95,1222.7916259765625
7/24/18,1228.35,1220.59912109375
7/25/18,1231.5,1225.7525634765625
7/26/18,1228.25,1225.2119140625
7/27/18,1223.95,1227.8006591796875
7/30/18,1223.8,1228.8717041015625
7/31/18,1220.95,1223.616455078125
8/1/18,1219.0,1220.4200439453125
8/2/18,1215.45,1221.0264892578125
8/3/18,1216.3,1216.9403076171875
8/6/18,1209.65,1216.6600341796875
8/7/18,1212.35,1213.6810302734375
8/8/18,1209.55,1215.7581787109375
8/9/18,1214.35,1209.4595947265625
8/10/18,1214.4,1208.4088134765625
8/13/18,1200.35,1205.2030029296875
8/14/18,1197.0,1203.9449462890625
8/15/18,1182.0,1201.9244384765625
8/16/18,1180.4,1188.421142578125
8/17/18,1178.4,1191.277587890625
8/20/18,1184.35,1181.7357177734375
8/21/18,1190.95,1180.289794921875
8/22/18,1196.65,1181.8065185546875
8/23/18,1192.35,1190.4583740234375
8/24/18,1197.7,1195.4476318359375
8/28/18,1212.25,1190.884521484375
8/29/18,1204.2,1190.421875
8/30/18,1197.3,1199.3319091796875
8/31/18,1202.45,1212.600341796875
9/3/18,1200.05,1198.0565185546875
9/4/18,1190.85,1196.584228515625
9/5/18,1196.7,1204.4005126953125
9/6/18,1205.15,1200.1473388671875
9/7/18,1198.9,1190.663330078125
9/10/18,1196.6,1197.0224609375
9/11/18,1189.85,1205.1527099609375
9/12/18,1195.6,1201.10595703125
9/13/18,1209.8,1191.5330810546875
9/14/18,1201.95,1188.9525146484375
9/17/18,1201.9,1197.7142333984375
9/18/18,1200.2,1206.1468505859375
9/19/18,1203.3,1202.0205078125
9/20/18,1208.35,1200.642333984375
9/21/18,1198.7,1200.1314697265625
9/24/18,1202.75,1202.3011474609375
9/25/18,1201.9,1207.3924560546875
9/26/18,1194.25,1192.86767578125
9/27/18,1185.4,1197.8623046875
9/28/18,1187.25,1196.5904541015625
10/1/18,1189.35,1196.15478515625
10/2/18,1204.7,1184.9190673828125
10/3/18,1201.2,1190.2489013671875
10/4/18,1203.45,1194.0137939453125
10/5/18,1203.8,1204.02001953125
10/8/18,1186.95,1194.1307373046875
10/9/18,1185.55,1199.852294921875
10/10/18,1188.6,1203.5828857421875
10/11/18,1205.55,1185.5723876953125
10/12/18,1219.75,1195.1181640625
10/15/18,1229.95,1202.2119140625
10/16/18,1230.7,1219.569091796875
10/17/18,1229.05,1223.994384765625
10/18/18,1223.0,1229.23486328125
10/19/18,1227.85,1228.9189453125
10/22/18,1222.3,1226.9329833984375
10/23/18,1235.95,1221.65380859375
10/24/18,1230.55,1224.605224609375
10/25/18,1230.8,1223.895263671875
10/26/18,1233.85,1232.6751708984375
10/29/18,1230.8,1229.13623046875
10/30/18,1225.4,1226.204833984375
10/31/18,1214.95,1233.4857177734375
11/1/18,1231.15,1229.998046875
11/2/18,1232.1,1220.2783203125
11/5/18,1232.25,1218.7945556640625
11/6/18,1231.6,1230.692626953125
11/7/18,1229.95,1229.845458984375
11/8/18,1224.15,1225.8270263671875
11/9/18,1211.4,1223.3778076171875
11/12/18,1205.55,1220.5936279296875
11/13/18,1202.1,1214.5672607421875
11/14/18,1203.25,1207.8463134765625
11/15/18,1211.85,1205.7122802734375
11/16/18,1222.4,1204.456298828125
11/19/18,1221.6,1210.0430908203125
11/20/18,1223.0,1220.2691650390625
11/21/18,1226.1,1223.0677490234375
11/22/18,1227.05,1221.7381591796875
11/23/18,1223.65,1223.545166015625
11/26/18,1223.4,1225.4913330078125
11/27/18,1221.2,1222.313232421875
11/28/18,1213.25,1222.322998046875
11/29/18,1226.25,1224.2882080078125
11/30/18,1217.55,1215.9964599609375
12/3/18,1230.3,1215.6025390625
12/4/18,1240.3,1222.2464599609375
12/5/18,1235.9,1223.425048828125
12/6/18,1242.55,1237.6097412109375
12/7/18,1243.3,1237.7432861328125
12/10/18,1245.35,1238.341796875
12/11/18,1245.3,1244.3741455078125
12/12/18,1245.75,1243.71435546875
12/13/18,1242.75,1242.7001953125
12/14/18,1235.35,1244.0225830078125
12/17/18,1241.65,1245.5771484375
12/18/18,1246.3,1240.6029052734375
12/19/18,1255.0,1238.8662109375
12/20/18,1259.75,1248.695556640625
12/21/18,1258.15,1252.439208984375
12/27/18,1268.0,1262.580810546875
12/28/18,1279.0,1263.785400390625
1/2/19,1282.9,1266.2069091796875
1/3/19,1290.45,1274.1856689453125
1/4/19,1279.9,1279.8392333984375
1/7/19,1292.2,1279.8446044921875
1/8/19,1286.45,1289.050537109375
1/9/19,1288.6,1279.0672607421875
1/10/19,1291.9,1287.969482421875
1/11/19,1288.95,1285.75244140625
1/14/19,1292.75,1289.6431884765625
1/15/19,1294.4,1290.2003173828125
1/16/19,1292.3,1288.994384765625
1/17/19,1290.7,1291.13525390625
1/18/19,1284.2,1290.1051025390625
1/21/19,1279.55,1288.7137451171875
1/22/19,1282.1,1286.1298828125
1/23/19,1279.8,1282.5675048828125
1/24/19,1283.7,1279.0526123046875
1/25/19,1293.9,1283.304931640625
1/28/19,1302.15,1283.9046630859375
1/29/19,1307.55,1293.0465087890625
1/30/19,1310.7,1304.0452880859375
1/31/19,1323.25,1308.16943359375
2/1/19,1318.7,1308.3011474609375
2/4/19,1312.15,1311.9993896484375
2/5/19,1314.2,1323.7286376953125
2/6/19,1312.4,1314.859130859375
2/7/19,1310.0,1311.7239990234375
2/8/19,1314.85,1313.278564453125
2/11/19,1306.4,1312.199951171875
2/12/19,1310.0,1309.70556640625
2/13/19,1312.8,1315.5576171875
2/14/19,1311.45,1307.1805419921875
2/15/19,1316.55,1313.22119140625
2/18/19,1325.5,1315.65869140625
2/19/19,1334.15,1317.00439453125
2/20/19,1343.75,1320.9244384765625
2/21/19,1331.25,1328.1917724609375
2/22/19,1329.05,1334.0560302734375
2/25/19,1331.05,1341.4906005859375
2/26/19,1325.05,1326.589111328125
2/27/19,1322.85,1325.683837890625
2/28/19,1319.15,1325.882568359375
3/1/19,1311.95,1310.8707275390625
3/4/19,1285.4,1307.3448486328125
3/5/19,1283.8,1305.4354248046875
3/6/19,1285.85,1301.4906005859375
3/7/19,1285.3,1285.3070068359375
3/8/19,1296.75,1283.2734375
3/11/19,1292.75,1286.4505615234375
3/12/19,1297.05,1289.1295166015625
3/13/19,1306.95,1292.392333984375
3/14/19,1295.55,1288.986572265625
3/15/19,1303.5,1295.038330078125
3/18/19,1305.6,1300.2183837890625
3/19/19,1307.7,1296.523681640625
3/20/19,1303.7,1303.7091064453125
3/21/19,1309.6,1304.8656005859375
3/22/19,1311.3,1305.7772216796875
3/25/19,1319.55,1306.2298583984375
3/26/19,1316.3,1310.0338134765625
3/27/19,1309.7,1307.87353515625
3/28/19,1295.15,1313.149658203125
3/29/19,1295.4,1306.864990234375
4/1/19,1293.5,1299.8719482421875
4/2/19,1290.3,1291.4891357421875
4/3/19,1290.45,1291.0592041015625
4/4/19,1283.15,1291.49951171875
4/5/19,1288.45,1290.643798828125
4/8/19,1300.0,1286.2686767578125
4/9/19,1303.0,1286.763916015625
4/10/19,1305.45,1293.57177734375
4/11/19,1298.8,1299.6317138671875
4/12/19,1294.3,1298.9906005859375
4/15/19,1285.65,1296.0322265625
4/16/19,1276.35,1288.6409912109375
4/17/19,1275.85,1285.5244140625
4/18/19,1275.7,1278.06396484375
4/23/19,1269.5,1273.0035400390625
4/24/19,1271.65,1277.7896728515625
4/25/19,1280.8,1273.063720703125
4/26/19,1284.2,1269.3529052734375
4/29/19,1279.5,1275.6898193359375
4/30/19,1282.3,1280.3853759765625
5/1/19,1283.8,1282.18798828125
5/2/19,1270.95,1278.018798828125
5/3/19,1278.55,1281.612060546875
5/7/19,1281.2,1284.9044189453125
5/8/19,1285.2,1273.66064453125
5/9/19,1286.1,1283.5848388671875
5/10/19,1287.1,1284.79296875
5/13/19,1295.6,1288.1588134765625
5/14/19,1298.4,1289.4781494140625
5/15/19,1299.1,1289.8173828125
5/16/19,1291.7,1293.388671875
5/17/19,1280.8,1290.5189208984375
5/20/19,1276.85,1290.5859375
5/21/19,1271.15,1283.31591796875
5/22/19,1273.8,1278.2969970703125
5/23/19,1283.65,1274.36474609375
5/24/19,1282.5,1270.171142578125
5/28/19,1278.3,1277.084228515625
5/29/19,1281.65,1280.991455078125
5/30/19,1280.95,1280.5880126953125
5/31/19,1295.55,1282.1016845703125
6/3/19,1317.1,1289.177490234375
6/4/19,1324.25,1295.156494140625
6/5/19,1335.05,1313.2303466796875
6/6/19,1335.5,1332.354248046875
6/7/19,1340.65,1327.7281494140625
6/10/19,1328.6,1332.330322265625
6/11/19,1324.3,1334.7139892578125
6/12/19,1332.35,1339.122802734375
6/13/19,1335.9,1327.187744140625
6/14/19,1351.25,1324.28515625
6/17/19,1341.3,1334.746337890625
6/18/19,1341.35,1337.02978515625
6/19/19,1344.05,1335.5355224609375
6/20/19,1379.5,1340.6473388671875
6/21/19,1397.15,1351.5762939453125
6/24/19,1405.7,1368.57861328125
6/25/19,1431.4,1393.0074462890625
6/26/19,1403.95,1398.6339111328125
6/27/19,1402.5,1403.9827880859375
6/28/19,1409.0,1432.25830078125
7/1/19,1390.1,1397.493896484375
7/2/19,1391.05,1404.6893310546875
7/3/19,1413.5,1402.8438720703125
7/4/19,1414.9,1392.530029296875
7/5/19,1388.65,1392.6259765625
7/8/19,1400.1,1413.3634033203125
7/9/19,1391.55,1412.2857666015625
7/10/19,1408.3,1390.0631103515625
7/11/19,1413.75,1395.10009765625
7/12/19,1407.6,1395.2147216796875
7/15/19,1412.4,1409.527587890625
7/16/19,1409.85,1412.5335693359375
7/17/19,1410.35,1407.3182373046875
7/18/19,1417.45,1413.727783203125
7/19/19,1439.7,1406.1239013671875
7/22/19,1427.75,1409.6141357421875
7/23/19,1425.55,1420.3447265625
7/24/19,1426.95,1439.4498291015625
7/25/19,1416.1,1423.335693359375
7/26/19,1420.4,1423.38623046875
7/29/19,1419.05,1426.9189453125
7/30/19,1425.9,1416.9200439453125
7/31/19,1427.55,1415.8553466796875
8/1/19,1406.8,1417.708984375
8/2/19,1441.75,1415.600830078125
8/5/19,1465.25,1416.5819091796875
8/6/19,1465.25,1424.345703125
8/7/19,1506.05,1465.7578125
8/8/19,1495.75,1475.7650146484375
8/9/19,1497.7,1477.9559326171875
8/12/19,1504.7,1498.515869140625
8/13/19,1498.4,1495.1224365234375
8/14/19,1513.25,1497.7406005859375
8/15/19,1515.65,1502.569091796875
8/16/19,1515.25,1501.529052734375
8/19/19,1496.6,1511.887451171875
8/20/19,1504.55,1512.9713134765625
8/21/19,1503.25,1511.1861572265625
8/22/19,1502.05,1498.382080078125
8/23/19,1503.8,1503.2236328125
8/27/19,1532.95,1503.3236083984375
8/28/19,1537.15,1506.8671875
8/29/19,1540.2,1514.4818115234375
8/30/19,1528.4,1531.760986328125
9/2/19,1525.95,1537.31884765625
9/3/19,1537.85,1546.38916015625
9/4/19,1546.1,1529.054443359375
9/5/19,1529.1,1526.0389404296875
9/6/19,1523.7,1533.3095703125
9/9/19,1509.2,1533.7022705078125
9/10/19,1498.25,1511.8221435546875
9/11/19,1490.65,1517.9410400390625
9/12/19,1515.2,1505.6907958984375
9/13/19,1503.1,1494.1181640625
9/16/19,1497.2,1487.775634765625
9/17/19,1502.1,1509.57666015625
9/18/19,1503.5,1500.4576416015625
9/19/19,1500.7,1496.894287109375
9/20/19,1501.9,1502.2196044921875
9/23/19,1522.1,1499.6295166015625
9/24/19,1520.65,1504.5472412109375
9/25/19,1528.75,1507.7373046875
9/26/19,1506.4,1517.828125
9/27/19,1489.9,1508.4468994140625
9/30/19,1485.3,1511.76513671875
10/1/19,1473.45,1497.1485595703125
10/2/19,1492.6,1489.8846435546875
10/3/19,1517.1,1475.2060546875
10/4/19,1499.15,1476.2513427734375
10/7/19,1501.25,1499.673095703125
10/8/19,1505.85,1507.5609130859375
10/9/19,1507.25,1499.2061767578125
10/10/19,1494.8,1494.990234375
10/11/19,1479.15,1501.075927734375
10/14/19,1490.6,1500.835205078125
10/15/19,1487.8,1489.824951171875
10/16/19,1485.1,1478.945068359375
10/17/19,1492.65,1485.815185546875
10/18/19,1490.0,1486.623291015625
10/21/19,1491.65,1486.6197509765625
10/22/19,1485.35,1489.732666015625
10/23/19,1494.45,1488.24169921875
10/24/19,1496.55,1489.123779296875
10/25/19,1513.45,1486.3995361328125
10/28/19,1492.4,1490.8314208984375
10/29/19,1486.75,1495.103515625
10/30/19,1492.1,1513.196044921875
10/31/19,1510.95,1490.92919921875
11/1/19,1508.8,1489.486572265625
11/4/19,1509.45,1495.888671875
11/5/19,1488.95,1509.0311279296875
11/6/19,1486.05,1499.65869140625
11/7/19,1484.25,1493.4144287109375
11/8/19,1464.15,1472.0311279296875
11/11/19,1458.7,1473.3896484375
11/12/19,1452.05,1476.5924072265625
11/13/19,1462.9,1459.19091796875
11/14/19,1466.65,1455.2703857421875
11/15/19,1466.9,1456.4180908203125
11/18/19,1467.65,1465.672119140625
11/19/19,1468.45,1468.2933349609375
11/20/19,1471.7,1466.6949462890625
11/21/19,1467.05,1466.57568359375
11/22/19,1464.45,1465.978515625
11/25/19,1458.4,1466.599853515625
11/26/19,1454.65,1461.3927001953125
11/27/19,1454.35,1460.020263671875
11/28/19,1454.65,1457.1605224609375
11/29/19,1460.15,1454.0518798828125
12/2/19,1461.15,1457.044189453125
12/3/19,1477.3,1458.335693359375
12/4/19,1475.1,1464.4041748046875
12/5/19,1475.95,1463.7244873046875
12/6/19,1459.65,1476.29345703125
12/9/19,1461.7,1471.24755859375
12/10/19,1464.95,1473.00048828125
12/11/19,1466.8,1460.23779296875
12/12/19,1467.8,1464.111572265625
12/13/19,1466.6,1466.4268798828125
12/16/19,1477.9,1465.345458984375
12/17/19,1475.8,1465.6624755859375
12/18/19,1474.05,1468.990234375
12/19/19,1476.7,1474.3204345703125
12/20/19,1479.0,1475.013427734375
12/23/19,1482.1,1475.15966796875
12/27/19,1511.5,1482.7701416015625
12/30/19,1514.75,1489.316162109375
1/2/20,1527.1,1500.2470703125
1/3/20,1548.75,1536.6978759765625
1/6/20,1573.1,1527.910400390625
1/7/20,1567.85,1545.8487548828125
1/8/20,1571.95,1555.619140625
1/9/20,1550.75,1572.450927734375
1/10/20,1553.6,1563.6573486328125
1/13/20,1549.9,1562.7908935546875
1/14/20,1545.1,1548.7572021484375
1/15/20,1549.0,1555.34814453125
1/16/20,1554.55,1547.7191162109375
1/17/20,1557.6,1547.8057861328125
1/20/20,1560.15,1551.337646484375
1/21/20,1551.3,1553.9283447265625
1/22/20,1556.9,1559.2255859375
1/23/20,1562.9,1555.5030517578125
1/24/20,1564.3,1554.0582275390625
1/27/20,1580.1,1561.516357421875
1/28/20,1574.0,1565.08984375
1/29/20,1573.45,1568.659912109375
1/30/20,1578.25,1571.5025634765625
1/31/20,1584.2,1574.1285400390625
2/3/20,1574.75,1570.0797119140625
2/4/20,1558.35,1571.7620849609375
2/5/20,1553.3,1578.9244384765625
2/6/20,1563.3,1569.0859375
2/7/20,1572.65,1556.1422119140625
2/10/20,1573.2,1557.277587890625
2/11/20,1570.5,1565.8387451171875
2/12/20,1563.7,1571.17578125
2/13/20,1575.05,1571.1492919921875
2/14/20,1581.4,1567.3570556640625
2/17/20,1580.8,1568.6553955078125
2/18/20,1589.85,1584.5859375
2/19/20,1604.2,1592.197265625
2/20/20,1619.0,1593.2193603515625
2/21/20,1643.3,1610.9832763671875
2/24/20,1671.65,1618.914306640625
2/25/20,1650.3,1625.37109375
2/26/20,1634.9,1647.439208984375
2/27/20,1652.0,1663.388427734375
2/28/20,1609.85,1630.286865234375
3/2/20,1599.65,1627.4722900390625
3/3/20,1615.5,1650.0831298828125
3/4/20,1641.85,1606.198486328125
3/5/20,1659.6,1614.39013671875
3/6/20,1683.65,1637.80859375
3/9/20,1672.5,1651.02294921875
3/10/20,1655.7,1661.97216796875
3/11/20,1653.75,1656.8487548828125
3/12/20,1570.7,1628.6942138671875
3/13/20,1562.8,1602.835693359375
3/16/20,1487.7,1624.25390625
3/17/20,1536.2,1532.2310791015625
3/18/20,1498.2,1538.61865234375
3/19/20,1474.25,1490.2723388671875
3/20/20,1494.4,1541.0740966796875
3/23/20,1525.4,1495.0677490234375
3/24/20,1605.75,1486.2373046875
3/25/20,1605.45,1536.4273681640625
3/26/20,1634.8,1563.55126953125
3/27/20,1617.3,1611.53955078125
3/30/20,1618.3,1605.029052734375
3/31/20,1608.95,1626.594482421875
4/1/20,1576.55,1611.5635986328125
4/2/20,1616.8,1618.7532958984375
4/3/20,1613.1,1590.142822265625
4/6/20,1648.3,1589.9176025390625
4/7/20,1649.25,1629.81591796875
4/8/20,1647.8,1628.387451171875
4/9/20,1680.65,1660.634765625
4/14/20,1741.9,1651.8946533203125
4/15/20,1718.65,1661.92724609375
4/16/20,1729.5,1688.8035888671875
4/17/20,1692.55,1742.6356201171875
4/20/20,1686.2,1704.043701171875
4/21/20,1682.05,1728.7081298828125
4/22/20,1710.55,1690.3294677734375
4/23/20,1736.25,1678.8568115234375
4/24/20,1715.9,1683.849853515625
4/27/20,1714.95,1712.746826171875
4/28/20,1691.55,1734.7591552734375
4/29/20,1703.35,1707.2095947265625
4/30/20,1702.75,1708.8897705078125
5/1/20,1686.25,1690.4183349609375
5/4/20,1709.1,1701.5264892578125
5/5/20,1699.55,1701.67041015625
5/6/20,1691.5,1684.260498046875
5/7/20,1704.05,1701.464599609375
5/11/20,1702.75,1697.40087890625
5/12/20,1702.4,1694.4825439453125
5/13/20,1708.4,1706.264404296875
5/14/20,1731.6,1706.0679931640625
5/15/20,1735.35,1709.3978271484375
5/18/20,1734.7,1721.130615234375
5/19/20,1737.95,1736.9681396484375
5/20/20,1748.3,1731.012451171875
5/21/20,1724.9,1732.0062255859375
5/22/20,1733.55,1735.2547607421875
5/26/20,1720.25,1734.3922119140625
5/27/20,1694.6,1719.5106201171875
5/28/20,1717.35,1732.611328125
5/29/20,1728.7,1718.5821533203125
6/1/20,1730.6,1700.946044921875
6/2/20,1742.15,1716.2960205078125
6/3/20,1705.35,1718.3555908203125
6/4/20,1700.05,1718.0313720703125
6/5/20,1683.45,1727.255615234375
6/8/20,1690.35,1698.78564453125
6/9/20,1713.5,1693.973388671875
6/10/20,1722.05,1688.362548828125
6/11/20,1738.25,1707.416015625
6/12/20,1733.5,1715.3541259765625
6/15/20,1710.45,1722.7259521484375
6/16/20,1719.85,1737.6502685546875
6/17/20,1724.35,1728.169677734375
6/18/20,1719.5,1712.4501953125
6/19/20,1734.75,1731.34375
6/22/20,1761.85,1725.2064208984375
6/23/20,1768.9,1732.4388427734375
6/24/20,1766.05,1748.7056884765625
6/25/20,1756.55,1762.4586181640625
6/26/20,1747.6,1769.61083984375
6/29/20,1771.6,1768.1839599609375
6/30/20,1768.1,1753.130126953125
7/1/20,1771.05,1755.1263427734375
7/2/20,1777.45,1769.7742919921875
7/3/20,1772.9,1768.679931640625
7/6/20,1787.9,1774.1376953125
7/7/20,1789.55,1777.4677734375
7/8/20,1811.1,1781.425537109375
7/9/20,1812.1,1792.9844970703125
7/10/20,1803.1,1794.0780029296875
7/13/20,1807.5,1807.6544189453125
7/14/20,1801.9,1810.4276123046875
7/15/20,1804.6,1802.8656005859375
7/16/20,1807.7,1806.8880615234375
7/17/20,1807.35,1802.381103515625
7/20/20,1815.65,1809.9483642578125
7/21/20,1842.55,1814.875
7/22/20,1852.4,1819.430419921875
7/23/20,1878.3,1839.700439453125
7/24/20,1902.1,1872.38623046875
7/27/20,1936.65,1879.8065185546875
7/28/20,1940.9,1908.100341796875
7/29/20,1950.9,1930.7255859375
7/30/20,1957.65,1950.783935546875
7/31/20,1964.9,1947.558349609375
8/3/20,1958.55,1957.146728515625
8/4/20,1977.9,1966.970947265625
8/5/20,2048.15,1970.9674072265625
8/6/20,2067.15,1967.5426025390625
8/7/20,2031.15,1999.49365234375
8/10/20,2044.5,2035.48046875
8/11/20,1939.65,2027.997314453125
8/12/20,1931.9,1996.099365234375
8/13/20,1944.25,2009.7822265625
8/14/20,1944.75,1938.4761962890625
8/17/20,1972.85,1941.8682861328125
8/18/20,2008.75,1944.7630615234375
8/19/20,1981.0,1943.302001953125
8/20/20,1927.15,1964.019775390625
8/21/20,1924.35,1999.202880859375
8/24/20,1943.95,1948.7236328125
8/25/20,1911.15,1919.7322998046875
8/26/20,1932.95,1923.0294189453125
8/27/20,1923.85,1924.0533447265625
8/28/20,1957.35,1915.0775146484375
9/1/20,1972.35,1925.83984375
9/2/20,1947.05,1924.24560546875
9/3/20,1940.45,1957.5599365234375
9/4/20,1926.3,1960.94677734375
9/7/20,1928.45,1930.2579345703125
9/8/20,1910.95,1941.0235595703125
9/9/20,1947.2,1922.001220703125
9/10/20,1966.25,1918.668701171875
9/11/20,1947.4,1913.0352783203125
9/14/20,1958.7,1950.2340087890625
9/15/20,1949.35,1959.4375
9/16/20,1961.8,1945.4644775390625
9/17/20,1936.25,1958.820556640625
9/18/20,1950.85,1942.0760498046875
9/21/20,1909.35,1948.5421142578125
9/22/20,1906.0,1919.09716796875
9/23/20,1873.4,1926.1796875
9/24/20,1861.75,1882.3206787109375
9/25/20,1859.7,1892.894775390625
9/28/20,1864.3,1867.06396484375
9/29/20,1883.95,1860.5120849609375
9/30/20,1886.9,1866.776611328125
10/1/20,1902.0,1876.7623291015625
10/2/20,1903.05,1895.927001953125
10/5/20,1909.6,1896.4490966796875
10/6/20,1913.4,1897.272216796875
10/7/20,1884.5,1897.2452392578125
10/8/20,1887.45,1912.4334716796875
10/9/20,1923.25,1913.0950927734375
10/12/20,1925.5,1884.0877685546875
10/13/20,1891.3,1890.59228515625
10/14/20,1910.05,1922.0078125
10/15/20,1891.9,1922.1256103515625
10/16/20,1905.05,1894.8790283203125
10/19/20,1905.6,1905.75244140625
10/20/20,1898.4,1893.160888671875
10/21/20,1924.15,1898.0404052734375
10/22/20,1900.95,1901.1142578125
10/23/20,1903.65,1902.9771728515625
10/26/20,1898.45,1922.5670166015625
10/27/20,1905.7,1888.764404296875
10/28/20,1869.95,1892.5211181640625
10/29/20,1870.3,1892.18896484375
10/30/20,1881.85,1901.9410400390625
11/2/20,1889.9,1868.72314453125
11/3/20,1908.3,1877.8035888671875
11/4/20,1900.15,1892.89404296875
11/5/20,1938.45,1901.0877685546875
11/6/20,1940.8,1891.953369140625
11/9/20,1867.3,1898.0694580078125
11/10/20,1878.7,1925.0780029296875
11/11/20,1860.95,1913.9820556640625
11/12/20,1874.85,1868.19873046875
11/13/20,1890.9,1866.9627685546875
11/16/20,1885.6,1864.0133056640625
11/17/20,1889.05,1878.6771240234375
11/18/20,1876.1,1887.31982421875
11/19/20,1857.35,1882.1348876953125
11/20/20,1875.7,1877.896728515625
11/23/20,1840.2,1847.3341064453125
11/24/20,1799.6,1840.563232421875
11/25/20,1810.2,1857.4803466796875
11/26/20,1807.4,1811.51611328125
11/27/20,1779.3,1781.5169677734375
11/30/20,1762.55,1811.1295166015625
12/1/20,1810.75,1817.9736328125
12/2/20,1822.6,1772.408203125
12/3/20,1832.35,1783.35498046875
12/4/20,1843.0,1834.5364990234375
12/7/20,1859.95,1839.4127197265625
12/8/20,1868.15,1836.402587890625
12/9/20,1841.75,1845.9188232421875
12/10/20,1844.35,1859.5633544921875
12/11/20,1842.0,1857.4471435546875
12/14/20,1831.15,1839.203369140625
12/15/20,1850.65,1839.9622802734375
12/16/20,1851.95,1836.936767578125
12/17/20,1890.75,1837.083251953125
12/18/20,1879.75,1855.818603515625
12/21/20,1880.0,1856.0606689453125
12/22/20,1877.1,1882.816650390625
12/23/20,1875.0,1876.4537353515625
12/29/20,1874.3,1880.940185546875
12/30/20,1887.6,1880.06396484375
1/4/21,1943.2,1879.698486328125
1/5/21,1940.35,1882.5916748046875
1/6/21,1931.95,1902.4273681640625
1/7/21,1920.1,1935.3140869140625
1/8/21,1862.9,1905.544921875
1/11/21,1847.25,1898.802978515625
1/12/21,1841.25,1891.3907470703125
1/13/21,1858.85,1848.1534423828125
1/14/21,1841.75,1843.830810546875
1/15/21,1839.0,1840.3953857421875
1/18/21,1833.05,1857.7615966796875
1/19/21,1834.7,1841.73583984375
1/20/21,1856.6,1836.76220703125
1/21/21,1862.1,1831.867431640625
1/22/21,1852.7,1841.348388671875
1/25/21,1856.85,1855.7276611328125
1/26/21,1856.6,1858.6298828125
1/27/21,1843.0,1851.0478515625
1/28/21,1853.7,1861.767333984375
1/29/21,1863.8,1850.6695556640625
2/1/21,1862.95,1843.255615234375
2/2/21,1833.1,1848.3062744140625
2/3/21,1835.45,1843.707275390625
2/4/21,1785.9,1846.1275634765625
2/5/21,1802.95,1824.37158203125
2/8/21,1835.25,1841.21630859375
2/9/21,1839.6,1786.6666259765625
2/10/21,1842.65,1823.3670654296875
2/11/21,1840.1,1834.5682373046875
2/12/21,1816.35,1831.201904296875
2/15/21,1817.3,1829.4281005859375
2/16/21,1794.25,1818.5672607421875
2/17/21,1780.7,1796.7130126953125
2/18/21,1773.15,1807.1146240234375
2/19/21,1786.2,1790.305908203125
2/22/21,1807.45,1775.7216796875
2/23/21,1799.65,1774.874755859375
2/24/21,1788.0,1788.0325927734375
2/25/21,1779.65,1791.2188720703125
2/26/21,1742.85,1773.1591796875
3/1/21,1734.15,1763.841064453125
3/2/21,1723.85,1752.547607421875
3/3/21,1711.4,1722.7232666015625
3/4/21,1712.1,1717.975830078125
3/5/21,1696.25,1709.6138916015625
3/8/21,1687.05,1710.4356689453125
3/9/21,1716.9,1716.5980224609375
3/10/21,1716.2,1691.03759765625
3/11/21,1724.25,1693.24462890625
3/12/21,1704.8,1705.251708984375
3/15/21,1723.65,1713.1602783203125
3/16/21,1735.0,1713.7598876953125
3/17/21,1729.65,1707.18359375
3/18/21,1725.9,1728.6395263671875
3/19/21,1735.2,1728.309814453125
3/22/21,1736.15,1728.3150634765625
3/23/21,1726.2,1725.504150390625
3/24/21,1730.5,1735.0906982421875
3/25/21,1737.3,1735.9178466796875
3/26/21,1731.8,1719.636962890625
3/29/21,1705.95,1714.7496337890625
3/30/21,1683.95,1720.8548583984375
3/31/21,1691.05,1725.7008056640625
4/1/21,1726.05,1709.0096435546875
4/6/21,1744.65,1690.9351806640625
4/7/21,1738.05,1712.9573974609375
4/8/21,1755.5,1735.3875732421875
4/9/21,1741.2,1741.1571044921875
4/12/21,1732.85,1737.006103515625
4/13/21,1747.95,1756.414306640625
4/14/21,1735.55,1739.041259765625
4/15/21,1757.2,1734.815185546875
4/16/21,1774.45,1744.58447265625
4/19/21,1774.5,1746.4498291015625
4/20/21,1777.85,1772.664306640625
4/21/21,1798.2,1776.4993896484375
4/22/21,1787.75,1772.0142822265625
4/23/21,1781.8,1777.275390625
4/26/21,1773.35,1797.9315185546875
4/27/21,1784.15,1782.2392578125
4/28/21,1772.2,1778.199462890625
4/29/21,1762.65,1771.162109375
4/30/21,1767.65,1791.4609375
5/4/21,1797.75,1766.0284423828125
5/5/21,1782.25,1765.1805419921875
5/6/21,1813.15,1779.7742919921875
5/7/21,1836.55,1797.0831298828125
5/10/21,1840.45,1795.2613525390625
5/11/21,1829.1,1827.8680419921875
5/12/21,1830.7,1836.463134765625
5/13/21,1821.8,1839.7774658203125
5/14/21,1838.1,1826.168212890625
5/17/21,1853.7,1828.6903076171875
5/18/21,1866.75,1833.7852783203125
5/19/21,1888.45,1853.3953857421875
5/20/21,1878.3,1861.97216796875
5/21/21,1875.9,1875.072021484375
5/24/21,1880.15,1874.8780517578125
5/25/21,1887.0,1877.472900390625
5/26/21,1899.75,1877.2105712890625
5/27/21,1891.45,1885.75927734375
5/28/21,1899.95,1891.28955078125
6/1/21,1899.35,1893.8533935546875
6/2/21,1902.75,1885.1639404296875
6/3/21,1866.55,1895.3359375
6/4/21,1890.6,1896.079345703125
6/7/21,1888.4,1900.94140625
6/8/21,1893.15,1868.83544921875
6/9/21,1894.6,1889.854248046875
6/10/21,1888.65,1886.7056884765625
6/11/21,1881.05,1884.8642578125
6/14/21,1865.6,1884.167724609375
6/15/21,1865.1,1877.8310546875
6/16/21,1860.75,1846.0091552734375
6/17/21,1778.7,1824.9830322265625
6/18/21,1773.1,1834.0936279296875
6/21/21,1775.05,1822.6595458984375
6/22/21,1775.05,1775.351806640625
6/23/21,1791.6,1770.877685546875
6/24/21,1784.85,1774.6534423828125
6/25/21,1786.65,1773.697265625
6/28/21,1780.3,1786.7916259765625
6/29/21,1755.45,1775.51416015625
6/30/21,1763.15,1783.3392333984375
7/1/21,1781.5,1780.4366455078125
7/2/21,1786.15,1758.2852783203125
7/5/21,1791.35,1778.1949462890625
7/6/21,1809.85,1792.419921875
7/7/21,1804.65,1792.8331298828125
7/8/21,1807.7,1797.184326171875
7/9/21,1806.0,1809.8948974609375
7/12/21,1792.4,1801.710205078125
7/13/21,1813.85,1800.813232421875
7/14/21,1823.2,1799.22119140625
7/15/21,1823.75,1800.6246337890625
7/16/21,1824.3,1817.6851806640625
7/19/21,1814.9,1821.7891845703125
7/20/21,1823.05,1819.169677734375
7/21/21,1802.15,1817.75048828125
7/22/21,1799.45,1810.6005859375
7/23/21,1799.6,1817.8612060546875
7/26/21,1800.2,1799.899658203125
7/27/21,1800.35,1798.4364013671875
7/28/21,1796.6,1798.6826171875
7/29/21,1829.3,1796.5242919921875
7/30/21,1825.75,1793.4620361328125
8/2/21,1811.45,1794.792724609375
8/3/21,1812.65,1816.0260009765625
8/4/21,1829.1,1822.023681640625
8/5/21,1800.75,1795.752685546875
8/6/21,1762.9,1788.1177978515625
8/9/21,1738.85,1792.591552734375
8/10/21,1723.35,1773.6240234375
8/11/21,1743.6,1745.8311767578125
8/12/21,1747.4,1736.7115478515625
8/13/21,1773.85,1733.0582275390625
8/16/21,1786.35,1765.0302734375
8/17/21,1789.45,1761.512451171875
8/18/21,1783.45,1782.821533203125
8/19/21,1782.05,1786.5225830078125
8/20/21,1779.05,1788.5006103515625
8/23/21,1802.0,1781.329345703125
8/24/21,1808.45,1777.140625
8/25/21,1788.7,1779.3896484375
8/26/21,1786.6,1800.5972900390625
8/27/21,1798.5,1819.0350341796875
8/31/21,1814.85,1786.4595947265625
9/1/21,1811.8,1793.69091796875
9/2/21,1812.55,1808.7698974609375
9/3/21,1823.7,1813.24365234375
9/6/21,1821.6,1808.457275390625
9/7/21,1802.15,1804.973388671875
9/8/21,1786.0,1814.549560546875
9/9/21,1788.25,0.0
9/10/21,1794.6,0.0
