Value;Date
1049.735337;11/3/2016
1062.508727;11/4/2016
1073.257413;11/5/2016
1070.216176;11/6/2016
1068.733952;11/7/2016
1074.967548;11/8/2016
1075.817086;11/9/2016
1066.797242;11/10/2016
1045.467298;11/11/2016
1045.466104;11/12/2016
1031.290354;11/13/16
1037.689789;11/14/16
1038.86901;11/15/16
1075.051866;11/16/16
1090.126343;11/17/16
1092.264259;11/18/16
1070.542865;11/19/16
1070.766428;11/20/16
1070.709792;11/21/16
1070.553384;11/22/16
1070.462133;11/23/16
1070.435249;11/24/16
1070.38181;11/25/16
1070.247011;11/26/16
1070.231666;11/27/16
1070.35469;11/28/16
1063.995427;11/29/16
1062.927855;11/30/16
1106.080799;12/1/2016
1094.492124;12/2/2016
1092.565452;12/3/2016
1080.750425;12/4/2016
1083.67319;12/5/2016
1087.082494;12/6/2016
1102.216983;12/7/2016
1102.567056;12/8/2016
1101.159955;12/9/2016
1112.379981;12/10/2016
1112.379981;12/11/2016
1113.807125;12/12/2016
1109.452661;12/13/16
1111.732639;12/14/16
1110.546903;12/15/16
1128.559987;12/16/16
1128.130793;12/17/16
1128.517068;12/18/16
1134.838619;12/19/16
1179.361859;12/20/16
1194.755243;12/21/16
1289.665196;12/22/16
1275.787885;12/23/16
1277.204229;12/24/16
1283.971206;12/25/16
1331.239904;12/26/16
1331.196984;12/27/16
1378.467728;12/28/16
1362.402445;12/29/16
1370.943429;12/30/16
1427.597195;12/31/16
1453.706569;1/1/2017
1450.05841;1/2/2017
1612.210754;1/3/2017
1580.988732;1/4/2017
1579.877103;1/5/2017
1583.038537;1/6/2017
1583.038538;1/7/2017
1583.038538;1/8/2017
1597.814344;1/9/2017
1583.105699;1/10/2017
1618.701959;1/11/2017
1598.956572;1/12/2017
1615.948618;1/13/17
1615.948644;1/14/17
1615.948814;1/15/17
1633.479434;1/16/17
1631.733245;1/17/17
1606.614207;1/18/17
1612.658821;1/19/17
1629.18089;1/20/17
1629.181247;1/21/17
1629.181301;1/22/17
1634.487126;1/23/17
1605.203746;1/24/17
1598.08485;1/25/17
1591.570049;1/26/17
1602.249009;1/27/17
1602.248941;1/28/17
1602.248882;1/29/17
1629.114801;1/30/17
1616.82425;1/31/17
1641.405877;2/1/2017
1632.339365;2/2/2017
1647.854241;2/3/2017
1647.854289;2/4/2017
1647.854133;2/5/2017
1653.563373;2/6/2017
1668.473547;2/7/2017
1661.353967;2/8/2017
1649.936299;2/9/2017
1641.809605;2/10/2017
1641.809605;2/11/2017
1641.809605;2/12/2017
1653.227274;2/13/17
1644.697604;2/14/17
1666.391215;2/15/17
1668.271772;2/16/17
1662.025969;2/17/17
1662.025909;2/18/17
1662.025879;2/19/17
1656.519666;2/20/17
1661.153888;2/21/17
1676.265613;2/22/17
1683.990027;2/23/17
1688.758218;2/24/17
1688.758218;2/25/17
1688.758479;2/26/17
1686.609223;2/27/17
1666.191795;2/28/17
1663.103337;3/1/2017
1647.521964;3/2/2017
1653.499478;3/3/2017
1653.499092;3/4/2017
1653.499093;3/5/2017
1634.290544;3/6/2017
1624.283286;3/7/2017
1624.227625;3/8/2017
1623.633955;3/9/2017
1606.346118;3/10/2017
1671.102129;3/11/2017
1671.350498;3/12/2017
1695.061775;3/13/17
1711.05074;3/14/17
1711.187008;3/15/17
1677.458909;3/16/17
1677.512627;3/17/17
1677.512629;3/18/17
1779.725886;3/19/17
1895.605802;3/20/17
1886.366476;3/21/17
1829.523142;3/22/17
1829.512906;3/23/17
1843.767372;3/24/17
1844.411814;3/25/17
1849.500658;3/26/17
1849.317029;3/27/17
1840.564663;3/28/17
1837.132915;3/29/17
1831.329552;3/30/17
1838.046586;3/31/17
1838.82361;4/1/2017
1837.60603;4/2/2017
1856.268234;4/3/2017
1838.919772;4/4/2017
1848.451362;4/5/2017
1871.85123;4/6/2017
1847.999521;4/7/2017
1848.182367;4/8/2017
1849.687898;4/9/2017
1854.928302;4/10/2017
1884.803247;4/11/2017
1896.293934;4/12/2017
1889.250916;4/13/17
1888.304991;4/14/17
1889.356767;4/15/17
1890.544404;4/16/17
1888.724624;4/17/17
1891.466797;4/18/17
1897.300936;4/19/17
1896.625348;4/20/17
1880.533708;4/21/17
1880.322741;4/22/17
1878.733807;4/23/17
1875.983296;4/24/17
1867.647868;4/25/17
1868.547962;4/26/17
1874.516287;4/27/17
1879.352516;4/28/17
1876.611879;4/29/17
1993.18683;4/30/17
2041.528175;5/1/2017
2035.134567;5/2/2017
2119.590765;5/3/2017
2154.775078;5/4/2017
2134.28423;5/5/2017
2158.335061;5/6/2017
2305.506488;5/7/2017
2320.227884;5/8/2017
2477.28491;5/9/2017
2558.919641;5/10/2017
2570.175866;5/11/2017
2498.6785;5/12/2017
2498.68032;5/13/17
2498.681845;5/14/17
2499.667045;5/15/17
2546.654605;5/16/17
2543.616545;5/17/17
2711.547298;5/18/17
2836.167979;5/19/17
2780.212165;5/20/17
2835.97994;5/21/17
3098.537061;5/22/17
3056.340946;5/23/17
3231.372411;5/24/17
3157.154896;5/25/17
3159.227275;5/26/17
3096.127629;5/27/17
3149.589302;5/28/17
3168.505618;5/29/17
3163.157935;5/30/17
3316.509048;5/31/17
3331.458726;6/1/2017
3489.363722;6/2/2017
3476.304356;6/3/2017
3494.48949;6/4/2017
3976.695435;6/5/2017
3853.711316;6/6/2017
3801.618356;6/7/2017
3887.775346;6/8/2017
3911.970676;6/9/2017
3984.053588;6/10/2017
3901.534533;6/11/2017
3955.874583;6/12/2017
3895.177016;6/13/17
3817.185881;6/14/17
3817.196368;6/15/17
3817.202424;6/16/17
3817.216163;6/17/17
3904.996723;6/18/17
3879.686815;6/19/17
3984.165064;6/20/17
4066.880233;6/21/17
4046.573771;6/22/17
3966.724696;6/23/17
3966.695703;6/24/17
3966.695525;6/25/17
3966.695798;6/26/17
3966.696955;6/27/17
3966.696491;6/28/17
3966.695613;6/29/17
3966.695613;6/30/17
3966.695612;7/1/2017
4111.563734;7/2/2017
4172.499364;7/3/2017
4171.170268;7/4/2017
4188.701498;7/5/2017
4106.039136;7/6/2017
4106.048529;7/7/2017
4106.075418;7/8/2017
4106.031565;7/9/2017
4106.030586;7/10/2017
4126.98745;7/11/2017
4073.433873;7/12/2017
4045.254754;7/13/17
3964.22719;7/14/17
3964.200762;7/15/17
3964.200383;7/16/17
4718.454781;7/17/17
4624.093522;7/18/17
4624.093982;7/19/17
5367.843483;7/20/17
5618.789017;7/21/17
5654.606989;7/22/17
5540.968107;7/23/17
5539.161848;7/24/17
5539.157929;7/25/17
5554.484282;7/26/17
5624.289422;7/27/17
5634.950656;7/28/17
5611.614973;7/29/17
5638.513162;7/30/17
5649.05407;7/31/17
5621.126862;8/1/2017
5635.383786;8/2/2017
5597.045522;8/3/2017
5777.53035;8/4/2017
5791.968153;8/5/2017
5764.859222;8/6/2017
5853.34723;8/7/2017
5857.689168;8/8/2017
5904.685448;8/9/2017
6002.161344;8/10/2017
6078.199457;8/11/2017
6084.579269;8/12/2017
6252.819974;8/13/17
6175.805917;8/14/17
6184.427014;8/15/17
6254.121395;8/16/17
6257.013649;8/17/17
6226.255286;8/18/17
6226.255288;8/19/17
6226.255285;8/20/17
6184.358544;8/21/17
6196.157036;8/22/17
6251.378464;8/23/17
6238.978523;8/24/17
6282.328509;8/25/17
6273.537797;8/26/17
6251.921041;8/27/17
6632.957896;8/28/17
6613.741666;8/29/17
6596.332286;8/30/17
7063.482935;8/31/17
6922.6944;9/1/2017
6922.696367;9/2/2017
6922.660622;9/3/2017
6937.290843;9/4/2017
6944.147364;9/5/2017
6973.678428;9/6/2017
6987.824575;9/7/2017
6925.329022;9/8/2017
6925.329028;9/9/2017
6925.329;9/10/2017
6885.394054;9/11/2017
6890.787785;9/12/2017
6875.21597;9/13/17
6866.391941;9/14/17
6810.592936;9/15/17
6810.592936;9/16/17
6810.592936;9/17/17
6797.616424;9/18/17
6806.440452;9/19/17
6738.376048;9/20/17
6738.376048;9/21/17
6858.459955;9/22/17
6860.698967;9/23/17
7160.214303;9/24/17
6984.917363;9/25/17
6893.996706;9/26/17
6899.423393;9/27/17
6897.987691;9/28/17
6847.470101;9/29/17
6849.841188;9/30/17
6850.156939;10/1/2017
6837.16904;10/2/2017
6852.117838;10/3/2017
6853.452352;10/4/2017
6785.677652;10/5/2017
6876.132961;10/6/2017
6877.72298;10/7/2017
6877.761748;10/8/2017
6947.309609;10/9/2017
6936.268849;10/10/2017
6941.636666;10/11/2017
7000.162887;10/12/2017
7021.951782;10/13/17
7022.958831;10/14/17
7021.623285;10/15/17
6921.378915;10/16/17
6896.992118;10/17/17
6931.626131;10/18/17
6906.805957;10/19/17
6873.266685;10/20/17
6873.228807;10/21/17
6871.838878;10/22/17
6880.115254;10/23/17
6871.60308;10/24/17
6864.866085;10/25/17
6825.522829;10/26/17
6855.434332;10/27/17
6855.434823;10/28/17
6855.434798;10/29/17
6925.86108;10/30/17
7221.525877;10/31/17
7314.156787;11/1/2017
7788.501339;11/2/2017
8044.610744;11/3/2017
7968.2957;11/4/2017
7807.163853;11/5/2017
7809.377562;11/6/2017
7810.756001;11/7/2017
7811.339773;11/8/2017
7808.79276;11/9/2017
7808.230914;11/10/2017
7808.230914;11/11/2017
8744.0371;11/12/2017
8670.139119;11/13/17
9723.254228;11/14/17
10400.67563;11/15/17
10472.18314;11/16/17
10403.4985;11/17/17
10656.96306;11/18/17
10712.92872;11/19/17
10726.33189;11/20/17
11003.38299;11/21/17
10961.7294;11/22/17
10980.6995;11/23/17
11587.95773;11/24/17
11669.63647;11/25/17
12932.87329;11/26/17
13244.45832;11/27/17
13199.86577;11/28/17
13503.77399;11/29/17
14483.93436;11/30/17
14478.56872;12/1/2017
15081.0621;12/2/2017
15416.69178;12/3/2017
15425.19537;12/4/2017
18019.86851;12/5/2017
21960.25392;12/6/2017
22437.87673;12/7/2017
21988.62688;12/8/2017
21988.51923;12/9/2017
21988.52144;12/10/2017
24714.71889;12/11/2017
24220.47245;12/12/2017
24141.67638;12/13/17
24211.1502;12/14/17
24326.94187;12/15/17
24326.94131;12/16/17
24326.94048;12/17/17
24322.11503;12/18/17
24403.16607;12/19/17
24403.16607;12/20/17
24689.73949;12/21/17
24689.73949;12/22/17
24689.73949;12/23/17
24689.73949;12/24/17
24689.73949;12/25/17
24689.73949;12/26/17
24913.59518;12/27/17
25319.81608;12/28/17
25319.81608;12/29/17
25319.81608;12/30/17
25319.81608;12/31/17
25319.81608;1/1/2018
25374.81511;1/2/2018
25367.09595;1/3/2018
25418.23539;1/4/2018
25472.26953;1/5/2018
25472.26953;1/6/2018
25472.26953;1/7/2018
25299.55328;1/8/2018
25468.40995;1/9/2018
25532.09303;1/10/2018
25923.94878;1/11/2018
25704.82546;1/12/2018
25817.97376;1/13/18
26109.91946;1/14/18
25594.41707;1/15/18
25379.19807;1/16/18
25313.64392;1/17/18
25365.89723;1/18/18
28479.59376;1/19/18
27876.2707;1/20/18
27876.56125;1/21/18
27868.64257;1/22/18
27874.95677;1/23/18
27875.34658;1/24/18
27874.78458;1/25/18
28695.06021;1/26/18
28135.14112;1/27/18
28126.35916;1/28/18
27864.95028;1/29/18
27868.05581;1/30/18
27791.42376;1/31/18
27580.17381;2/1/2018
27630.91522;2/2/2018
27630.91522;2/3/2018
27630.91522;2/4/2018
27585.35151;2/5/2018
31250.97926;2/6/2018
31782.38207;2/7/2018
31799.19955;2/8/2018
32086.37864;2/9/2018
32176.03102;2/10/2018
31534.78712;2/11/2018
32952.00914;2/12/2018
35775.56481;2/13/18
36300.63236;2/14/18
38812.43431;2/15/18
41551.463;2/16/18
42485.79377;2/17/18
42582.10514;2/18/18
43652.76433;2/19/18
43099.3608;2/20/18
41762.85079;2/21/18
41754.17287;2/22/18
41925.21184;2/23/18
41903.56592;2/24/18
41950.62976;2/25/18
41710.15371;2/26/18
41473.22699;2/27/18
42742.6066;2/28/18
41953.24968;3/1/2018
42199.64501;3/2/2018
42578.05532;3/3/2018
42895.75418;3/4/2018
42056.27577;3/5/2018
42055.05108;3/6/2018
42050.79596;3/7/2018
42050.59329;3/8/2018
42049.85878;3/9/2018
42049.85878;3/10/2018
43096.99841;3/11/2018
42970.6503;3/12/2018
42965.77262;3/13/18
42128.84423;3/14/18
42149.55102;3/15/18
41020.18402;3/16/18
40405.23062;3/17/18
41575.17773;3/18/18
42515.83308;3/19/18
44184.69054;3/20/18
43149.57346;3/21/18
43702.11787;3/22/18
43885.52912;3/23/18
43885.5291;3/24/18
43885.52905;3/25/18
43538.832;3/26/18
43244.14558;3/27/18
42970.55768;3/28/18
43253.38249;3/29/18
43241.0957;3/30/18
43241.39754;3/31/18
43255.66078;4/1/2018
43310.50693;4/2/2018
43434.7668;4/3/2018
43108.91576;4/4/2018
43211.90979;4/5/2018
43236.25543;4/6/2018
43236.25604;4/7/2018
43236.25569;4/8/2018
43463.48169;4/9/2018
43846.51982;4/10/2018
43541.38963;4/11/2018
43617.67286;4/12/2018
43801.07693;4/13/18
43801.07766;4/14/18
43801.07772;4/15/18
43565.73611;4/16/18
43869.2454;4/17/18
43776.73198;4/18/18
43392.07246;4/19/18
42987.93468;4/20/18
42987.93498;4/21/18
42987.93499;4/22/18
43135.63339;4/23/18
42901.91547;4/24/18
42871.07719;4/25/18
42897.04587;4/26/18
42627.62076;4/27/18
42627.62132;4/28/18
42627.62114;4/29/18
42429.60986;4/30/18
42335.47333;5/1/2018
42687.67467;5/2/2018
42504.27111;5/3/2018
42413.38083;5/4/2018
42413.3804;5/5/2018
42413.3804;5/6/2018
42413.37991;5/7/2018
42648.72113;5/8/2018
42809.40238;5/9/2018
42989.56013;5/10/2018
42843.48627;5/11/2018
42843.48627;5/12/2018
42843.48632;5/13/18
42036.83364;5/14/18
41915.10531;5/15/18
41858.29811;5/16/18
41819.34506;5/17/18
41820.9681;5/18/18
41820.96813;5/19/18
41820.96812;5/20/18
41973.53423;5/21/18
41842.06767;5/22/18
42356.57253;5/23/18
42312.75035;5/24/18
42053.06335;5/25/18
42053.06335;5/26/18
42053.06335;5/27/18
42053.06335;5/28/18
42221.8599;5/29/18
42372.80296;5/30/18
42023.84857;5/31/18
41394.24868;6/1/2018
41351.62331;6/2/2018
40622.98151;6/3/2018
41235.77028;6/4/2018
41259.78964;6/5/2018
41560.924;6/6/2018
41262.65801;6/7/2018
41238.812;6/8/2018
40368.03057;6/9/2018
40171.89903;6/10/2018
40191.94471;6/11/2018
39411.15596;6/12/2018
39509.60302;6/13/18
39074.24887;6/14/18
38831.44493;6/15/18
38777.56483;6/16/18
38755.27588;6/17/18
38973.05054;6/18/18
38899.14994;6/19/18
38759.36891;6/20/18
38611.66763;6/21/18
38597.98621;6/22/18
38597.99546;6/23/18
38598.00861;6/24/18
38343.76751;6/25/18
38171.20533;6/26/18
38078.89077;6/27/18
38045.59699;6/28/18
38879.35906;6/29/18
39810.519;6/30/18
40371.86138;7/1/2018
41359.66886;7/2/2018
41157.81226;7/3/2018
41219.74902;7/4/2018
40925.42307;7/5/2018
41167.08415;7/6/2018
42146.23249;7/7/2018
41964.74848;7/8/2018
41133.72511;7/9/2018
41132.01945;7/10/2018
41129.37544;7/11/2018
41126.79763;7/12/2018
41126.48987;7/13/18
41126.51441;7/14/18
42007.27792;7/15/18
44249.83575;7/16/18
47115.07047;7/17/18
47586.65579;7/18/18
47793.20941;7/19/18
47200.22239;7/20/18
47938.97853;7/21/18
49454.58287;7/22/18
49616.44343;7/23/18
53023.19875;7/24/18
51346.79662;7/25/18
51171.25427;7/26/18
51157.46601;7/27/18
51158.22565;7/28/18
51158.68503;7/29/18
51034.96398;7/30/18
50953.85958;7/31/18
50806.21043;8/1/2018
50841.56305;8/2/2018
50564.98084;8/3/2018
50564.98084;8/4/2018
50564.98084;8/5/2018
50677.27737;8/6/2018
50560.8217;8/7/2018
50758.94282;8/8/2018
50761.03279;8/9/2018
50253.42246;8/10/2018
50253.42246;8/11/2018
50253.42246;8/12/2018
50253.42246;8/13/18
50139.19356;8/14/18
49981.21366;8/15/18
49745.75921;8/16/18
50722.6747;8/17/18
50465.32693;8/18/18
51115.57511;8/19/18
50093.37609;8/20/18
49956.79767;8/21/18
49612.45752;8/22/18
49766.64622;8/23/18
50400.32665;8/24/18
50406.02107;8/25/18
50400.27736;8/26/18
50485.13821;8/27/18
50187.55871;8/28/18
49869.45841;8/29/18
50074.95028;8/30/18
49979.19192;8/31/18
50004.82041;9/1/2018
50008.57552;9/2/2018
49642.6823;9/3/2018
49832.23834;9/4/2018
50128.30743;9/5/2018
49878.93419;9/6/2018
49787.15285;9/7/2018
49787.15285;9/8/2018
49787.15285;9/9/2018
48783.43334;9/10/2018
48610.44899;9/11/2018
49023.02876;9/12/2018
50336.99312;9/13/18
50486.34316;9/14/18
50514.82061;9/15/18
49586.24108;9/16/18
48609.19858;9/17/18
48611.40079;9/18/18
48614.9946;9/19/18
49521.01887;9/20/18
50160.3572;9/21/18
49821.33383;9/22/18
49293.28993;9/23/18
48878.70245;9/24/18
48026.37988;9/25/18
48522.44328;9/26/18
49640.31855;9/27/18
48647.7833;9/28/18
48647.94449;9/29/18
48648.01207;9/30/18
48647.99337;10/1/2018
48647.60744;10/2/2018
48647.68185;10/3/2018
48648.00607;10/4/2018
48647.87483;10/5/2018
48647.8451;10/6/2018
48648.01493;10/7/2018
48648.01185;10/8/2018
48648.06387;10/9/2018
48852.8966;10/10/2018
49428.31831;10/11/2018
49841.64938;10/12/2018
49841.64944;10/13/18
49841.64961;10/14/18
49872.04176;10/15/18
49805.17938;10/16/18
49560.01729;10/17/18
49756.5521;10/18/18
49531.65134;10/19/18
49531.65139;10/20/18
49531.65136;10/21/18
50084.78557;10/22/18
49865.96326;10/23/18
49876.09391;10/24/18
49999.68799;10/25/18
49876.09388;10/26/18
49876.09387;10/27/18
49876.09379;10/28/18
49657.27137;10/29/18
49233.80962;10/30/18
49890.27667;10/31/18
49928.77324;11/1/2018
49934.85165;11/2/2018
49934.85165;11/3/2018
49934.8517;11/4/2018
49908.51197;11/5/2018
49841.64181;11/6/2018
49606.60607;11/7/2018
49089.93458;11/8/2018
48852.87286;11/9/2018
48852.87233;11/10/2018
48852.8731;11/11/2018
48713.06723;11/12/2018
48759.66426;11/13/18
49108.16462;11/14/18
49535.68542;11/15/18
49503.26678;11/16/18
49503.26678;11/17/18
49503.26678;11/18/18
49559.9994;11/19/18
49685.62164;11/20/18
49724.11878;11/21/18
49586.33955;11/22/18
49576.20872;11/23/18
49576.20872;11/24/18
49576.20872;11/25/18
49487.05745;11/26/18
51912.01232;11/27/18
53917.27673;11/28/18
54098.10751;11/29/18
53064.43405;11/30/18
53064.60344;12/1/2018
53064.51353;12/2/2018
53484.93863;12/3/2018
53299.82988;12/4/2018
53573.62628;12/5/2018
53605.96318;12/6/2018
53694.35072;12/7/2018
53694.35072;12/8/2018
53694.35072;12/9/2018
53692.19492;12/10/2018
53711.59707;12/11/2018
53582.24945;12/12/2018
53263.192;12/13/18
53534.82199;12/14/18
53534.82199;12/15/18
53534.822;12/16/18
53735.3108;12/17/18
54110.41889;12/18/18
54315.21929;12/19/18
54246.2339;12/20/18
54670.92523;12/21/18
54670.92523;12/22/18
54670.92523;12/23/18
54670.92523;12/24/18
54670.92523;12/25/18
54670.92523;12/26/18
55145.19982;12/27/18
55313.35172;12/28/18
55313.35172;12/29/18
55313.35172;12/30/18
55313.35172;12/31/18
55313.35172;1/1/2019
55638.87655;1/2/2019
55184.0041;1/3/2019
55714.32932;1/4/2019
55714.32932;1/5/2019
55714.32933;1/6/2019
55466.41307;1/7/2019
55559.11219;1/8/2019
55701.39456;1/9/2019
55574.20274;1/10/2019
55738.04305;1/11/2019
55738.04305;1/12/2019
55738.04305;1/13/19
55809.18424;1/14/19
55718.64091;1/15/19
55649.65552;1/16/19
55369.40235;1/17/19
55168.91355;1/18/19
55168.91355;1/19/19
55168.91355;1/20/19
55278.85902;1/21/19
55179.69252;1/22/19
55347.84442;1/23/19
55787.62631;1/24/19
56143.33225;1/25/19
56143.33225;1/26/19
56143.33225;1/27/19
56376.15795;1/28/19
56511.97295;1/29/19
57053.07714;1/30/19
56856.89992;1/31/19
56574.49096;2/1/2019
56574.49096;2/2/2019
56574.49096;2/3/2019
56662.8785;2/4/2019
56585.26993;2/5/2019
56481.79183;2/6/2019
56690.90381;2/7/2019
56326.57471;2/8/2019
56326.57471;2/9/2019
56326.57471;2/10/2019
56481.79184;2/11/2019
56602.51628;2/12/2019
56544.30986;2/13/19
56764.2008;2/14/19
57150.08785;2/15/19
57150.08785;2/16/19
57150.08785;2/17/19
57523.04015;2/18/19
57936.95252;2/19/19
57398.00413;2/20/19
57303.14921;2/21/19
57389.38095;2/22/19
57389.38096;2/23/19
57389.38096;2/24/19
57130.68573;2/25/19
57035.83081;2/26/19
56876.30208;2/27/19
56565.86781;2/28/19
55421.14142;3/1/2019
55421.14142;3/2/2019
55421.14142;3/3/2019
55352.15603;3/4/2019
55440.54356;3/5/2019
55416.82984;3/6/2019
55910.50657;3/7/2019
55738.04308;3/8/2019
55738.04308;3/9/2019
55738.04308;3/10/2019
55923.44133;3/11/2019
56350.28845;3/12/2019
55858.76752;3/13/19
56201.5387;3/14/19
56292.08203;3/15/19
56292.08203;3/16/19
56292.08203;3/17/19
56382.62536;3/18/19
56210.16187;3/19/19
56464.54552;3/20/19
56537.8425;3/21/19
56893.54844;3/22/19
56893.54844;3/23/19
56893.54844;3/24/19
56753.42186;3/25/19
56468.8571;3/26/19
56201.01665;3/27/19
56049.08303;3/28/19
57115.2434;3/29/19
57100.08701;3/30/19
57096.26378;3/31/19
57617.9249;4/1/2019
67590.68218;4/2/2019
68635.95747;4/3/2019
67976.51031;4/4/2019
69589.55188;4/5/2019
69927.5065;4/6/2019
71782.77495;4/7/2019
72852.66936;4/8/2019
70836.49162;4/9/2019
70495.55627;4/10/2019
70198.91803;4/11/2019
69730.1601;4/12/2019
69730.15928;4/13/19
69730.02086;4/14/19
69224.74518;4/15/19
69199.43722;4/16/19
69191.57516;4/17/19
68856.21323;4/18/19
68856.22144;4/19/19
68856.58402;4/20/19
68856.27531;4/21/19
68857.34775;4/22/19
68975.44614;4/23/19
69470.0628;4/24/19
69654.31562;4/25/19
69399.53596;4/26/19
69399.39093;4/27/19
69399.63302;4/28/19
69550.90463;4/29/19
69632.29765;4/30/19
68936.58162;5/1/2019
69349.1702;5/2/2019
69495.8431;5/3/2019
69497.15066;5/4/2019
69496.53762;5/5/2019
69496.15674;5/6/2019
69713.74281;5/7/2019
69764.59283;5/8/2019
69821.19705;5/9/2019
70284.13784;5/10/2019
70294.46945;5/11/2019
70292.78241;5/12/2019
70452.61761;5/13/19
70492.49376;5/14/19
70252.92871;5/15/19
68860.69029;5/16/19
68856.58099;5/17/19
68856.5807;5/18/19
75910.53328;5/19/19
74224.53893;5/20/19
73735.85423;5/21/19
72156.13303;5/22/19
72083.17438;5/23/19
71854.06133;5/24/19
71857.2462;5/25/19
71888.67908;5/26/19
71889.87668;5/27/19
72074.85884;5/28/19
72033.0584;5/29/19
72841.89922;5/30/19
74053.32746;5/31/19
74053.32747;6/1/2019
74053.33001;6/2/2019
74455.2619;6/3/2019
75062.37945;6/4/2019
75087.60365;6/5/2019
75377.13752;6/6/2019
74984.58489;6/7/2019
73523.56895;6/8/2019
73499.00692;6/9/2019
75600.15061;6/10/2019
74654.38238;6/11/2019
77026.68088;6/12/2019
77641.94967;6/13/19
81859.17036;6/14/19
83397.45922;6/15/19
84505.89526;6/16/19
87737.85955;6/17/19
86009.96544;6/18/19
86043.55441;6/19/19
86362.71296;6/20/19
87996.98383;6/21/19
88816.45432;6/22/19
89076.70422;6/23/19
90714.72822;6/24/19
94583.77686;6/25/19
103843.4051;6/26/19
101791.331;6/27/19
110910.5898;6/28/19
108658.0626;6/29/19
108620.9838;6/30/19
108620.6147;7/1/2019
108621.4575;7/2/2019
118111.5914;7/3/2019
115748.319;7/4/2019
115747.7229;7/5/2019
115748.5268;7/6/2019
115951.553;7/7/2019
124362.5637;7/8/2019
127126.9438;7/9/2019
124583.7686;7/10/2019
124583.1125;7/11/2019
126992.9643;7/12/2019
124422.1647;7/13/19
124379.2535;7/14/19
130159.1135;7/15/19
127551.8958;7/16/19
127552.7827;7/17/19
130112.8377;7/18/19
128995.5405;7/19/19
129585.1129;7/20/19
129128.4433;7/21/19
128129.1805;7/22/19
128254.2153;7/23/19
127284.0921;7/24/19
127668.5649;7/25/19
127547.8584;7/26/19
127547.8583;7/27/19
127538.7762;7/28/19
128149.2994;7/29/19
128302.8041;7/30/19
130910.9853;7/31/19
135082.0109;8/1/2019
136680.0478;8/2/2019
140321.7364;8/3/2019
142438.3673;8/4/2019
152759.0834;8/5/2019
152348.8905;8/6/2019
154244.8498;8/7/2019
154699.7178;8/8/2019
152937.0308;8/9/2019
149857.2093;8/10/2019
150648.9366;8/11/2019
147717.3481;8/12/2019
147727.0114;8/13/19
147961.3018;8/14/19
147922.2682;8/15/19
146101.6436;8/16/19
146101.6075;8/17/19
146101.6078;8/18/19
146877.7042;8/19/19
146750.7876;8/20/19
146633.6411;8/21/19
146804.4798;8/22/19
149650.1672;8/23/19
149650.1656;8/24/19
149650.1656;8/25/19
149650.1657;8/26/19
150060.1792;8/27/19
150357.9272;8/28/19
149205.9842;8/29/19
148966.8096;8/30/19
148966.8096;8/31/19
148966.8096;9/1/2019
150128.5153;9/2/2019
150933.8999;9/3/2019
149274.3202;9/4/2019
148747.1597;9/5/2019
147331.6355;9/6/2019
147331.6357;9/7/2019
147331.6354;9/8/2019
146262.6709;9/9/2019
145520.7412;9/10/2019
147917.3694;9/11/2019
146736.1392;9/12/2019
146160.1674;9/13/19
146160.1674;9/14/19
146160.1674;9/15/19
146638.5168;9/16/19
146775.1881;9/17/19
146501.8455;9/18/19
146618.9924;9/19/19
148590.9636;9/20/19
148590.9635;9/21/19
148590.9635;9/22/19
148449.4111;9/23/19
149240.152;9/24/19
147747.7505;9/25/19
147747.7505;9/26/19
147747.7505;9/27/19
147747.7505;9/28/19
147747.7505;9/29/19
149363.4214;9/30/19
149636.34;10/1/2019
150699.0685;10/2/2019
147685.2141;10/3/2019
147684.7438;10/4/2019
147684.6984;10/5/2019
147683.7278;10/6/2019
151084.5525;10/7/2019
150679.5145;10/8/2019
157999.7863;10/9/2019
157981.0204;10/10/2019
154483.0533;10/11/2019
154483.2419;10/12/2019
154483.1224;10/13/19
154200.5503;10/14/19
153926.795;10/15/19
154688.8711;10/16/19
154421.4773;10/17/19
154587.5912;10/18/19
154587.6203;10/19/19
154640.9273;10/20/19
154000.3549;10/21/19
154827.8821;10/22/19
154964.6146;10/23/19
156672.2104;10/24/19
155082.7077;10/25/19
155376.1197;10/26/19
155520.4759;10/27/19
154855.0486;10/28/19
155375.0947;10/29/19
157310.0981;10/30/19
157086.2861;10/31/19
157153.9528;11/1/2019
157153.9541;11/2/2019
157153.9516;11/3/2019
156025.8998;11/4/2019
152951.9221;11/5/2019
152948.9998;11/6/2019
152922.894;11/7/2019
152922.8932;11/8/2019
152922.8932;11/9/2019
153786.8462;11/10/2019
150755.2241;11/11/2019
150755.713;11/12/2019
150755.4846;11/13/19
150754.7248;11/14/19
150753.7048;11/15/19
150753.8509;11/16/19
150753.9749;11/17/19
150752.9807;11/18/19
150752.9798;11/19/19
150752.9798;11/20/19
150752.9798;11/21/19
150752.9798;11/22/19
150752.9798;11/23/19
150752.9798;11/24/19
150752.9798;11/25/19
150752.9798;11/26/19
155227.5702;11/27/19
153312.7534;11/28/19
160047.6566;11/29/19
155926.5298;11/30/19
152806.6905;12/1/2019
152775.2507;12/2/2019
152770.9214;12/3/2019
152735.8276;12/4/2019
152804.4212;12/5/2019
152855.4882;12/6/2019
152841.1832;12/7/2019
152847.1132;12/8/2019
152784.6489;12/9/2019
152745.2528;12/10/2019
152739.0222;12/11/2019
152734.5815;12/12/2019
152755.7586;12/13/19
152706.5202;12/14/19
152706.8081;12/15/19
152705.8642;12/16/19
152705.8633;12/17/19
164928.2672;12/18/19
161630.4574;12/19/19
161630.7674;12/20/19
161630.397;12/21/19
166622.6933;12/22/19
164889.0571;12/23/19
164888.639;12/24/19
164888.2995;12/25/19
164888.3094;12/26/19
165234.487;12/27/19
165234.8216;12/28/19
165235.3152;12/29/19
166548.7171;12/30/19
166548.4167;12/31/19
166548.4599;1/1/2020
168868.3969;1/2/2020
171523.402;1/3/2020
171523.4027;1/4/2020
171523.4028;1/5/2020
170950.9806;1/6/2020
171398.0369;1/7/2020
169086.4882;1/8/2020
169397.2335;1/9/2020
172075.8488;1/10/2020
168690.2515;1/11/2020
168585.6254;1/12/2020
167202.9396;1/13/20
182115.0615;1/14/20
181546.2952;1/15/20
177976.9996;1/16/20
178059.1564;1/17/20
178266.0856;1/18/20
174747.7741;1/19/20
174707.2;1/20/20
174748.0647;1/21/20
174738.3668;1/22/20
174685.0465;1/23/20
174713.2484;1/24/20
174713.2397;1/25/20
176597.838;1/26/20
182780.2547;1/27/20
192843.8063;1/28/20
190668.9934;1/29/20
195240.9236;1/30/20
191777.3202;1/31/20
192687.7275;2/1/2020
191382.7146;2/2/2020
188251.2726;2/3/2020
188251.1251;2/4/2020
197551.8683;2/5/2020
200443.5883;2/6/2020
201509.3068;2/7/2020
203554.8473;2/8/2020
208798.9328;2/9/2020
202479.8223;2/10/2020
211119.9862;2/11/2020
212741.4917;2/12/2020
210442.9997;2/13/20
213033.8658;2/14/20
208686.7771;2/15/20
208698.0433;2/16/20
208631.1989;2/17/20
214587.483;2/18/20
210137.3812;2/19/20
213212.5224;2/20/20
216800.6796;2/21/20
216800.5274;2/22/20
216802.3328;2/23/20
214685.7559;2/24/20
214685.755;2/25/20
214685.755;2/26/20
214685.755;2/27/20
214685.755;2/28/20
214685.755;2/29/20
219739.4488;3/1/2020
219739.4488;3/2/2020
215888.3045;3/3/2020
215999.1148;3/4/2020
223516.1691;3/5/2020
225656.17;3/6/2020
221163.887;3/7/2020
221086.6652;3/8/2020
221060.3622;3/9/2020
221056.9983;3/10/2020
220932.2935;3/11/2020
220918.9285;3/12/2020
251475.9565;3/13/20
246204.6082;3/14/20
249911.9732;3/15/20
250330.3412;3/16/20
258806.2874;3/17/20
261247.2237;3/18/20
298646.5637;3/19/20
300213.6003;3/20/20
298472.7128;3/21/20
292393.092;3/22/20
308093.1404;3/23/20
310786.8998;3/24/20
314349.4603;3/25/20
311002.8928;3/26/20
311193.7626;3/27/20
311193.7625;3/28/20
311193.7625;3/29/20
309519.8891;3/30/20
303330.1562;3/31/20
311091.475;4/1/2020
309111.3816;4/2/2020
306210.4041;4/3/2020
312015.7359;4/4/2020
307807.5178;4/5/2020
333071.5968;4/6/2020
326509.6702;4/7/2020
327288.1643;4/8/2020
324362.7398;4/9/2020
317790.1192;4/10/2020
317803.255;4/11/2020
317820.2614;4/12/2020
317778.9723;4/13/20
317715.9877;4/14/20
317651.7986;4/15/20
333982.3344;4/16/20
327391.4316;4/17/20
331098.1593;4/18/20
325378.7343;4/19/20
319057.1289;4/20/20
319147.0139;4/21/20
325576.532;4/22/20
341070.3552;4/23/20
342390.713;4/24/20
344295.8328;4/25/20
351018.0689;4/26/20
355024.3111;4/27/20
353870.9041;4/28/20
399998.9681;4/29/20
393215.3884;4/30/20
402142.1356;5/1/2020
408939.3725;5/2/2020
405755.3892;5/3/2020
404934.2078;5/4/2020
411543.2208;5/5/2020
417915.3105;5/6/2020
455815.6416;5/7/2020
447582.0065;5/8/2020
438557.2871;5/9/2020
438408.0463;5/10/2020
438406.3711;5/11/2020
438408.7797;5/12/2020
453773.0012;5/13/20
477390.2445;5/14/20
463153.2002;5/15/20
463154.2729;5/16/20
463272.3121;5/17/20
464175.8324;5/18/20
466950.5028;5/19/20
462161.4221;5/20/20
462161.3037;5/21/20
458586.4916;5/22/20
459139.7613;5/23/20
449740.7808;5/24/20
449879.1024;5/25/20
449832.5858;5/26/20
453060.5644;5/27/20
459342.7568;5/28/20
458221.5555;5/29/20
461099.5466;5/30/20
459038.9422;5/31/20
467349.4975;6/1/2020
461610.1273;6/2/2020
461610.6972;6/3/2020
458958.0035;6/4/2020
450955.8465;6/5/2020
453142.7248;6/6/2020
457050.8095;6/7/2020
458397.2294;6/8/2020
458048.6781;6/9/2020
463528.9914;6/10/2020
448671.786;6/11/2020
443715.2548;6/12/2020
444339.6935;6/13/20
437720.0891;6/14/20
442218.0754;6/15/20
446820.1325;6/16/20
443514.1275;6/17/20
440125.415;6/18/20
436550.2297;6/19/20
439194.1517;6/20/20
430642.2797;6/21/20
440778.923;6/22/20
437577.4219;6/23/20
428824.1076;6/24/20
428822.6757;6/25/20
430404.5456;6/26/20
430404.5445;6/27/20
430404.5125;6/28/20
429554.2416;6/29/20
430270.8971;6/30/20
431825.7952;7/1/2020
430720.3173;7/2/2020
434364.4661;7/3/2020
434364.4992;7/4/2020
434364.4755;7/5/2020
434765.4789;7/6/2020
440000.8665;7/7/2020
440243.9137;7/8/2020
438057.3115;7/9/2020
439126.2644;7/10/2020
439126.2644;7/11/2020
439126.2644;7/12/2020
437765.7104;7/13/20
438421.6666;7/14/20
439174.8014;7/15/20
439089.7701;7/16/20
441106.2279;7/17/20
441106.2279;7/18/20
441106.2279;7/19/20
447641.4949;7/20/20
450034.5202;7/21/20
456326.8405;7/22/20
462108.9726;7/23/20
470502.7821;7/24/20
470502.7821;7/25/20
470502.7821;7/26/20
471535.3057;7/27/20
473964.773;7/28/20
475604.6634;7/29/20
477366.0272;7/30/20
475823.3155;7/31/20
475823.3155;8/1/2020
475823.3155;8/2/2020
480524.3347;8/3/2020
497591.3424;8/4/2020
502207.3302;8/5/2020
493461.248;8/6/2020
496704.5868;8/7/2020
496704.5868;8/8/2020
496704.5868;8/9/2020
490399.1042;8/10/2020
480711.5147;8/11/2020
478844.6387;8/12/2020
487162.1954;8/13/20
487149.8069;8/14/20
491203.4023;8/15/20
492832.5733;8/16/20
508429.955;8/17/20
498341.0266;8/18/20
498337.919;8/19/20
498339.6583;8/20/20
498427.9321;8/21/20
498427.9034;8/22/20
498427.8904;8/23/20
490018.1173;8/24/20
495607.4778;8/25/20
493274.2416;8/26/20
501863.6221;8/27/20
505709.6166;8/28/20
505709.6161;8/29/20
505709.6185;8/30/20
505709.618;8/31/20
499222.7142;9/1/2020
497530.4751;9/2/2020
493902.4226;9/3/2020
494453.6824;9/4/2020
494453.6799;9/5/2020
494453.6799;9/6/2020
489966.6892;9/7/2020
499261.171;9/8/2020
504145.5821;9/9/2020
499312.4509;9/10/2020
502209.7657;9/11/2020
502209.7657;9/12/2020
502209.7657;9/13/20
499812.43;9/14/20
503004.6042;9/15/20
496453.5961;9/16/20
500197.0293;9/17/20
489556.4487;9/18/20
489556.4487;9/19/20
489556.4487;9/20/20
488697.5103;9/21/20
480338.8855;9/22/20
477351.8309;9/23/20
476826.2119;9/24/20
478005.6497;9/25/20
478005.6497;9/26/20
478005.6497;9/27/20
483043.9006;9/28/20
483800.2792;9/29/20
487671.9121;9/30/20
487941.1316;10/1/2020
489620.5486;10/2/2020
489620.5486;10/3/2020
489620.5486;10/4/2020
490594.8668;10/5/2020
485688.9181;10/6/2020
485688.9181;10/7/2020
489490.4674;10/8/2020
491190.9706;10/9/2020
493315.8755;10/10/2020
493971.9447;10/11/2020
488441.2917;10/12/2020
491276.4285;10/13/20
487599.0616;10/14/20
490925.6924;10/15/20
489474.8448;10/16/20
489820.369;10/17/20
491077.6193;10/18/20
491825.9444;10/19/20
498566.413;10/20/20
523653.3303;10/21/20
530059.3102;10/22/20
528198.513;10/23/20
535613.0536;10/24/20
531916.6011;10/25/20
533537.2845;10/26/20
556803.4341;10/27/20
545668.3706;10/28/20
543247.4079;10/29/20
545959.7735;10/30/20
547927.7316;10/31/20
547515.5369;11/1/2020
550300.634;11/2/2020
552005.976;11/3/2020
561927.3778;11/4/2020
573976.3313;11/5/2020
557005.8188;11/6/2020
554424.8712;11/7/2020
557301.5711;11/8/2020
558646.968;11/9/2020
554448.5595;11/10/2020
560786.9506;11/11/2020
569209.9339;11/12/2020
568337.3833;11/13/20
566330.7417;11/14/20
565337.2819;11/15/20
572254.1308;11/16/20
576973.5468;11/17/20
573595.0573;11/18/20
578019.4682;11/19/20
576812.732;11/20/20
576912.151;11/21/20
574669.4037;11/22/20
565086.9325;11/23/20
573792.4129;11/24/20
569646.9709;11/25/20
562432.6121;11/26/20
562432.5791;11/27/20
562434.1344;11/28/20
565637.8349;11/29/20
612368.0639;11/30/20
598315.1033;12/1/2020
601394.7602;12/2/2020
604908.7848;12/3/2020
610378.5286;12/4/2020
610378.9849;12/5/2020
610379.8665;12/6/2020
613069.7403;12/7/2020
606938.2928;12/8/2020
606938.2936;12/9/2020
600163.3217;12/10/2020
596628.1577;12/11/2020
596628.1578;12/12/2020
596628.1578;12/13/20
602981.6783;12/14/20
603405.2463;12/15/20
616047.1231;12/16/20
612463.0861;12/17/20
612544.5415;12/18/20
612544.5415;12/19/20
612544.5415;12/20/20
611599.6589;12/21/20
610915.4337;12/22/20
610687.3586;12/23/20
610687.3586;12/24/20
610687.3586;12/25/20
610687.3586;12/26/20
610687.3586;12/27/20
610687.3586;12/28/20
615020.7854;12/29/20
633136.4644;12/30/20
633136.4644;12/31/20
633136.4644;1/1/2021
633136.4644;1/2/2021
633136.4644;1/3/2021
632207.8729;1/4/2021
629470.9718;1/5/2021
625609.9862;1/6/2021
649746.5384;1/7/2021
668849.0781;1/8/2021
661890.0388;1/9/2021
648533.703;1/10/2021
648298.5997;1/11/2021
648392.357;1/12/2021
698001.4828;1/13/21
730468.9187;1/14/21
716016.6389;1/15/21
716012.2765;1/16/21
716012.2264;1/17/21
718408.9959;1/18/21
704360.452;1/19/21
704387.6178;1/20/21
704333.2357;1/21/21
739459.7244;1/22/21
724786.0373;1/23/21
724850.0962;1/24/21
724836.6019;1/25/21
724871.2495;1/26/21
724693.3921;1/27/21
779456.7354;1/28/21
800435.0292;1/29/21
800523.4791;1/30/21
773305.7739;1/31/21
782046.0059;2/1/2021
828282.0658;2/2/2021
878006.4059;2/3/2021
860075.256;2/4/2021
875299.8689;2/5/2021
875423.3412;2/6/2021
875376.6335;2/7/2021
1009883.48;2/8/2021
1014744.158;2/9/2021
994713.3558;2/10/2021
1043181.179;2/11/2021
1022324.763;2/12/2021
1022323.098;2/13/21
1034705.125;2/14/21
1018621.049;2/15/21
1043978.203;2/16/21
1106783.127;2/17/21
1095954.973;2/18/21
1187431.014;2/19/21
1189229.333;2/20/21
1220793.553;2/21/21
1196368.729;2/22/21
1196361.067;2/23/21
1186099.096;2/24/21
1171819.226;2/25/21
1171818.579;2/26/21
1171818.32;2/27/21
1171817.017;2/28/21
1263529.233;3/1/2021
1231389.008;3/2/2021
1285405.348;3/3/2021
1259692.444;3/4/2021
1245511.328;3/5/2021
1246026.494;3/6/2021
1304351.893;3/7/2021
1333146.948;3/8/2021
1398968.696;3/9/2021
1427408.931;3/10/2021
1472445.144;3/11/2021
1459426.531;3/12/2021
1561528.276;3/13/21
1529922.162;3/14/21
1529428.242;3/15/21
1529428.479;3/16/21
1553235.717;3/17/21
1515400.836;3/18/21
1516212.554;3/19/21
1516212.63;3/20/21
1516207.866;3/21/21
1507728.337;3/22/21
1511389.352;3/23/21
1516950.199;3/24/21
1512147.79;3/25/21
1570746.276;3/26/21
1592908.786;3/27/21
1590656.402;3/28/21
1642489.268;3/29/21
1673899.532;3/30/21
1674045.594;3/31/21
1674093.262;4/1/2021
1682484.084;4/2/2021
1648473.356;4/3/2021
1648685.717;4/4/2021
1672345.379;4/5/2021
1639376.129;4/6/2021
1639367.514;4/7/2021
1667582.388;4/8/2021
1669133.01;4/9/2021
1717138.108;4/10/2021
1722620.113;4/11/2021
1718882.688;4/12/2021
1825731.306;4/13/21
1808916.936;4/14/21
1817061.377;4/15/21
1780716.196;4/16/21
1780706.702;4/17/21
1780706.395;4/18/21
1780706.404;4/19/21
1780706.488;4/20/21
1780706.439;4/21/21
1780706.416;4/22/21
1780706.384;4/23/21
1780706.384;4/24/21
1780706.384;4/25/21
1922953.156;4/26/21
1959045.43;4/27/21
1952380.499;4/28/21
1913331.117;4/29/21
1945891.882;4/30/21
1946316.125;5/1/2021
1938242.264;5/2/2021
1938311.029;5/3/2021
1924875.78;5/4/2021
1958279.27;5/5/2021
1980967.597;5/6/2021
1986378.179;5/7/2021
1988618.183;5/8/2021
1987680.699;5/9/2021
1974255.756;5/10/2021
1975910.997;5/11/2021
1966706.004;5/12/2021
1983563.295;5/13/21
1999696.654;5/14/21
1999696.653;5/15/21
1999696.653;5/16/21
2012950.694;5/17/21
2036350.202;5/18/21
2025405.271;5/19/21
2022817.307;5/20/21
2027400.16;5/21/21
2027400.16;5/22/21
2027400.16;5/23/21
2034786.64;5/24/21
2048535.198;5/25/21
2032684.656;5/26/21
1982438.951;5/27/21
1981817.876;5/28/21
1981817.874;5/29/21
1981817.874;5/30/21
1983027.35;5/31/21
1985628.314;6/1/2021
1976752.067;6/2/2021
2060144.06;6/3/2021
2019516.926;6/4/2021
2019506.429;6/5/2021
2019506.552;6/6/2021
2019585.848;6/7/2021
2019610.148;6/8/2021
2207025.625;6/9/2021
2163401.472;6/10/2021
2155852.663;6/11/2021
2111732.348;6/12/2021
2276938.05;6/13/21
2361335.62;6/14/21
2341685.551;6/15/21
2294833.724;6/16/21
2294829.313;6/17/21
2294816.213;6/18/21
2294816.21;6/19/21
2294816.211;6/20/21
2294816.199;6/21/21
2303853.488;6/22/21
2390955.868;6/23/21
2459441.75;6/24/21
2410215.496;6/25/21
2410225.393;6/26/21
2543445.546;6/27/21
2493299.069;6/28/21
2543096.982;6/29/21
2486331.504;6/30/21
2436600.246;7/1/2021
2436606.326;7/2/2021
2436622.139;7/3/2021
2436633.927;7/4/2021
2437410.363;7/5/2021
2430407.342;7/6/2021
2434514.882;7/7/2021
2432225.427;7/8/2021
2428026.423;7/9/2021
2406632.542;7/10/2021
2456918.234;7/11/2021
2413534.611;7/12/2021
2425661.6;7/13/21
2426377.9;7/14/21
2427079.357;7/15/21
2414878.543;7/16/21
2414878.543;7/17/21
2414878.545;7/18/21
2425456.906;7/19/21
2401794.468;7/20/21
2538668.057;7/21/21
2552873.705;7/22/21
2654326.24;7/23/21
2709465.405;7/24/21
2795279.589;7/25/21
2949627.824;7/26/21
3114648.227;7/27/21
3161801.94;7/28/21
3162070.676;7/29/21
3336608.486;7/30/21
3270250.461;7/31/21
3269155.057;8/1/2021
3269137.978;8/2/2021
3269115.618;8/3/2021
3340511.741;8/4/2021
3435630.692;8/5/2021
3598995.847;8/6/2021
3750951.199;8/7/2021
3682209.172;8/8/2021
3893759.044;8/9/2021
3832824.122;8/10/2021
3833083.799;8/11/2021
3775042.906;8/12/2021
3806243.59;8/13/21
3804747.237;8/14/21
3804631.598;8/15/21
3808838.527;8/16/21
3793621.752;8/17/21
3790984.485;8/18/21
3788815.958;8/19/21
3841819.045;8/20/21
3840998.478;8/21/21
3841835.489;8/22/21
3855610.073;8/23/21
3816026.161;8/24/21
3837384.684;8/25/21
3760631.84;8/26/21
3851292.314;8/27/21
3838795.895;8/28/21
3831663.493;8/29/21
3754075.34;8/30/21
3754179.533;8/31/21
3815023.741;9/1/2021
3851426.818;9/2/2021
3906573.673;9/3/2021
3899706.862;9/4/2021
4041936.905;9/5/2021
4112856.736;9/6/2021
4030498.887;9/7/2021
4030483.6;9/8/2021
4030489.673;9/9/2021
