,G = 0.2% B =1%,G = 0.6% B =1.5%,G = 1% B =2%,G = 1.4% B =2.5%,G = 1.8% B =3%,Date
0,757.964019840315,625.04169532398,617.364689402126,623.928780798476,618.244814992111,11/5/16
1,756.948868943016,624.204268066712,617.198400274437,623.092544009717,618.078288799816,11/6/16
2,750.420523952885,618.676626306107,612.418427014443,617.430792299956,613.376533995285,11/12/16
3,749.388618966538,617.665364314299,612.636494011695,616.261455561067,613.278183360641,11/13/16
4,765.616304958884,630.76189586574,614.814586377868,629.050160185484,616.452801094898,11/19/16
5,769.941131988051,634.327293201526,616.788699805092,632.60821615329,618.531652084316,11/20/16
6,764.296697348959,629.674107831733,613.453359601214,627.964711515016,615.077668589915,11/26/16
7,763.999850720769,629.429386789678,613.317860791531,627.720494368334,614.934980824009,11/27/16
8,784.19200505642,645.862784378297,623.508761616144,643.908060201341,625.717786846005,12/3/16
9,777.523125741801,640.368487490106,618.79649912677,638.428609136501,620.959443974027,12/4/16
10,795.292597481441,654.935273769422,630.883406156948,652.883585826315,633.264054493727,12/10/16
11,795.292597481441,654.935273769422,630.883406156948,652.883585826315,633.264054493727,12/11/16
12,804.928128394703,662.839393478233,637.871338360876,660.732227649344,640.197525215817,12/17/16
13,805.184118666573,663.050220040499,638.056370526719,660.942408446082,640.390509122263,12/18/16
14,905.143272787608,745.343676898954,711.628010937708,742.953912628646,715.729132177875,12/23/16
15,906.117073854848,746.145572785622,712.354278626342,743.753252933582,716.464669658178,12/24/16
16,910.769678953883,749.976853133036,715.824224249814,747.572323279386,719.978904286292,12/25/16
17,943.327069557395,776.784124888643,740.124204080017,774.291436691805,744.565079204259,12/26/16
18,943.297457385842,776.75974057243,740.102056753413,774.267130499852,744.542708744159,12/27/16
19,971.03510899146,799.599120261012,761.31106055677,797.032004970782,765.952800618334,12/30/16
20,1010.22622015056,831.869898269765,790.678452374458,829.198037150035,795.560487584789,12/31/16
21,1028.29695273129,846.749552781936,804.224232516856,844.029234141061,809.21232990729,1/1/17
22,1025.77038615359,844.669083777964,802.328889505981,841.955477350589,807.303332152757,1/2/17
23,1017.63639437116,837.100849213622,793.82011309905,833.544818284126,799.532030002922,1/7/17
24,1018.47493773863,837.791335072551,794.449345669406,834.233074474071,800.165617191861,1/8/17
25,1008.53255934771,829.158742511978,787.560090879255,826.458293786123,793.455774524198,1/14/17
26,1014.14187585929,833.772711079292,791.087088724393,830.322136158639,797.009650959392,1/15/17
27,1074.05279079101,882.856609898064,828.654318622258,871.456408768504,834.988873289633,1/21/17
28,1076.72408780147,885.052660949551,830.25415210802,873.21082001277,836.601680279651,1/22/17
29,1064.18387517955,874.508680946872,821.802315466029,864.563794295335,828.090103219332,1/28/17
30,1062.45499320919,873.087381460511,820.076609901612,862.671349066847,826.350403418213,1/29/17
31,1147.27821057671,942.587535479637,889.148702988447,937.47400279551,896.017515034576,2/4/17
32,1139.90249879032,936.527671440519,884.067585709463,931.899467239716,890.894082443965,2/5/17
33,1130.02209417378,928.093088212423,876.548951594335,924.283793716025,883.541605347581,2/11/17
34,1129.67812290944,927.810524322314,876.324597200424,924.03762343425,883.315369327472,2/12/17
35,1161.24329691163,953.526094358883,898.214515500954,947.905683597002,905.527316496752,2/18/17
36,1159.85254306901,952.384265118815,897.357358942816,946.964323902579,904.662579448276,2/19/17
37,1241.86113665286,1019.32389709934,949.552511068087,1004.29323133496,957.596666595637,2/25/17
38,1264.48110974993,1037.74790075276,962.892698003023,1019.17892517859,971.162620968676,2/26/17
39,1313.08980862784,1077.23044703301,987.070333788132,1047.22901760428,995.879281770074,3/4/17
40,1311.92262656149,1078.74355043939,988.187445226188,1048.45759084905,997.007062685912,3/5/17
41,1285.46284620513,1075.73194981105,981.060395677291,1042.67214286427,990.486229955605,3/11/17
42,1285.59494855235,1075.84023357843,981.147661247264,1042.76675363543,990.57437275284,3/12/17
43,1199.50080872237,1003.21240960127,924.009065846799,981.133944235952,933.208350450257,3/18/17
44,1239.29373913347,1037.94925041259,951.535367725573,1011.44854981213,961.250776403254,3/19/17
45,1227.31218497949,1024.22401967345,938.737604861887,1000.41421943993,948.959271350693,3/25/17
46,1273.70739866414,1066.1940399459,963.251056759836,1037.29895935029,973.91078224051,3/26/17
47,1310.49306220217,1100.21960901805,985.163400276353,1066.41597645434,996.185082405743,4/1/17
48,1297.10726505452,1088.49965517989,976.870244353169,1056.09061055548,987.791869573392,4/2/17
49,1373.74863866397,1156.40583417089,1027.33644719721,1116.07439030706,1038.95919762908,4/8/17
50,1391.39093476706,1172.22932582068,1039.40404687573,1130.01256045097,1051.17638064398,4/9/17
51,1374.32985627654,1154.96853136244,1029.1349098717,1117.06339717531,1040.75106007404,4/14/17
52,1386.65491410662,1166.0229569609,1037.56543745378,1126.80072116451,1049.28608784478,4/15/17
53,1400.57202663373,1178.50530690985,1047.08495473638,1137.79583660647,1058.92360383415,4/16/17
54,1379.24725842356,1159.37898175719,1032.49848795825,1120.94835565184,1044.15633122679,4/17/17
55,1440.27133291277,1214.05489927864,1071.69724112721,1166.16765133462,1083.87185305459,4/22/17
56,1424.45426824199,1199.67170688165,1060.49334091035,1153.99889857279,1072.79531758331,4/23/17
57,1467.35003960351,1236.68711297967,1084.46626269024,1180.19667093033,1097.87143628882,4/29/17
58,1525.99940234204,1287.20920247486,1125.11488276835,1222.28721169939,1139.16800475435,4/30/17
59,1551.80205823856,1309.38086755785,1143.01943955702,1240.6029578103,1157.30729094418,5/1/17
60,1615.55176682952,1364.22719504184,1185.7937631779,1282.84504228825,1200.28394045649,5/6/17
61,1706.02828666473,1441.59998513703,1249.88546431023,1348.35525684338,1264.520791794,5/7/17
62,1830.79051171985,1547.40071478011,1339.97086830348,1438.69099212799,1352.19181190148,5/13/17
63,1832.76157226746,1549.08391734017,1341.42716020976,1440.13893265163,1353.60915168081,5/14/17
64,1963.28166486991,1658.13245214038,1454.64617533847,1536.14271970775,1457.03893540013,5/20/17
65,2000.71949365546,1689.67371893374,1504.5647950386,1564.07791721805,1487.43539646557,5/21/17
66,2093.70652865067,1766.65237424611,1605.46596609143,1631.07545357662,1559.62062346922,5/27/17
67,2127.24022631369,1794.71288139058,1636.89652805354,1656.21757753554,1585.4696269102,5/28/17
68,2134.06773233361,1800.48735786159,1643.53648212631,1661.45816912291,1590.874885749,5/29/17
69,2271.70287269529,1916.50553282879,1769.69053140173,1766.92144304246,1697.33558866686,6/3/17
70,2280.17853001034,1923.66902220184,1777.86298983085,1773.43214707446,1703.9950753341,6/4/17
71,2511.36636811365,2117.45699450644,1992.50569101547,1948.07541099415,1877.33436110486,6/10/17
72,2424.54401526701,2043.6347633387,1914.65827789929,1880.28065547311,1814.2964953714,6/11/17
73,2365.02157828727,1992.28254913336,1862.39702301942,1832.07133470298,1767.64194250106,6/17/17
74,2413.28702660938,2032.49319984349,1899.58492131639,1868.46989576827,1800.56951907251,6/18/17
75,2390.34495344364,2014.9072322807,1880.7071105007,1851.63660145407,1784.27011730988,6/24/17
76,2388.22977470967,2013.23585621292,1879.11925286767,1850.10443542611,1782.86035195382,6/25/17
77,2378.7236873958,2005.27790070663,1870.88994241229,1842.51735616841,1774.75180033098,7/1/17
78,2421.45239352779,2040.12904393703,1901.63597608414,1873.83977747264,1803.13587985294,7/2/17
79,2413.27397149781,2032.84651223734,1893.87015508572,1866.77964534493,1795.32736611469,7/8/17
80,2383.67881874925,2007.92262963885,1869.94403298591,1843.73673581211,1773.82950991331,7/9/17
81,2260.35403534219,1903.36783289244,1768.91643753571,1746.90464630935,1684.47027672384,7/15/17
82,2256.93113087929,1900.49598555669,1766.23498132854,1744.27295302739,1682.03533215217,7/16/17
83,2776.44936753709,2334.70800796081,2165.1965384846,2140.18386118876,2047.68584915809,7/22/17
84,2729.2155771711,2294.3901108261,2123.1477310081,2102.6518701614,2012.41547753208,7/23/17
85,2764.29024308624,2321.77976334053,2127.14636157771,2125.84425202114,2032.75686957289,7/29/17
86,2830.48243494538,2376.7667883591,2179.06462581615,2175.67116026386,2078.34716820911,7/30/17
87,3134.66988034847,2629.90743032894,2407.36765558111,2405.47769956908,2288.49838745878,8/5/17
88,3098.34015978122,2598.68336645658,2376.34547733046,2376.22281007266,2260.83791418593,8/6/17
89,3505.01689160926,2936.83487157017,2680.10957155194,2682.90986714041,2542.99179632769,8/12/17
90,3818.28023216628,3198.55426146522,2918.67940612447,2921.43675417422,2762.50964276019,8/13/17
91,3720.12090435743,3112.73353614325,2854.36804110698,2839.64052079013,2684.50186687642,8/19/17
92,3697.53480992232,3093.53558009299,2824.63002526938,2822.37709345639,2668.3480314549,8/20/17
93,3822.19688717478,3196.09711781806,2944.71543984094,2913.56080895736,2751.52495389899,8/26/17
94,3814.7651788119,3189.89006069865,2937.25411151379,2907.94487195481,2746.31989113088,8/27/17
95,3962.67736305441,3313.10364549917,3080.45852208382,3019.26409684544,2849.39425253124,8/28/17
96,4014.40907170156,3354.61866525452,3115.72462735094,3055.46209895913,2881.99135776579,9/2/17
97,3947.64037762085,3298.28348563686,3049.6894489158,3003.85277365742,2833.51136398697,9/3/17
98,3956.07491497841,3302.91992531656,3050.89184736315,3005.87976196403,2833.39273999249,9/9/17
99,3940.81297989525,3290.18883588044,3033.95013448723,2994.341555135,2822.66665783476,9/10/17
100,3877.91050543604,3264.9448603724,3032.36210355965,2969.82293228004,2797.89784278866,9/16/17
101,3870.61790141945,3255.48031186728,3016.85665280967,2961.07267156481,2789.60337142899,9/17/17
102,3849.19594464137,3251.48037859284,3020.62479452191,2956.16396420671,2776.81532122707,9/23/17
103,3875.38500982029,3284.21142914717,3068.8364151485,2985.55902700331,2804.3101113516,9/24/17
104,3881.83406400753,3315.16722051077,3157.37740257605,3012.47358221006,2839.26449501833,9/30/17
105,3885.9826993924,3320.3587502258,3166.06577917392,3017.16409935507,2844.20982253812,10/1/17
106,3918.71998742366,3355.41342929889,3213.02263997899,3048.40774247069,2875.60942137925,10/7/17
107,3919.12492746841,3355.96492853009,3213.96505951336,3048.9058236123,2876.14615374504,10/8/17
108,4147.01607168781,3640.45035665653,3654.1911196181,3305.91835052784,3147.21545212209,10/14/17
109,4131.30181599096,3616.79016609479,3614.14501817305,3284.25109128547,3124.3971634505,10/15/17
110,4092.19137715009,3613.53757387721,3681.99886656649,3290.05322701885,3139.93207770046,10/21/17
111,4078.78052884374,3593.11216559577,3638.83575915321,3268.21023669891,3115.8368243598,10/22/17
112,4092.38909039604,3618.12980165186,3685.14430298837,3291.09469343134,3140.82630191681,10/28/17
113,4090.79084055601,3615.74577950037,3680.8183929185,3288.82665089953,3138.35880456571,10/29/17
114,4366.09132097622,3911.38297293132,4080.54627735065,3559.6466068496,3411.96804662316,11/4/17
115,4283.11651143788,3826.07205049456,3969.33801425409,3480.63601154114,3332.28797779543,11/5/17
116,4217.88911994824,3755.89598753932,3872.31937111883,3415.28520651579,3265.40642525597,11/11/17
117,4348.15473491622,3886.49962541735,4032.3296239678,3534.07579620319,3382.9037442125,11/12/17
118,4749.28062203945,4281.70209197906,4501.15984598891,3893.72374010414,3737.36372431881,11/18/17
119,4762.95688096568,4295.02062836354,4515.89369147872,3905.88284950283,3749.33165506193,11/19/17
120,5039.60089333375,4558.79037249226,4783.95243672328,4145.98305450623,3970.44177603679,11/25/17
121,5425.84585350958,4927.09624745752,5149.40242170778,4481.68530282354,4285.25334177798,11/26/17
122,6154.24803198548,5609.80530248442,5833.19331818711,5102.47496203609,4877.67018053255,12/2/17
123,6277.35923303617,5723.8765792069,5949.52347841492,5206.26336775423,4977.08094538435,12/3/17
124,8242.88196891895,7536.03872967271,7781.25364939848,6850.82616083321,6549.82151090673,12/9/17
125,8279.48940731223,7569.73156468641,7815.51582134672,6881.48466838273,6579.19766667003,12/10/17
126,9444.77715139591,8628.55213276618,9056.51335722652,7834.79192093401,7482.54250865456,12/16/17
127,9359.3787181221,8550.28307719216,8947.01922730782,7763.69441692699,7414.56572333297,12/17/17
128,8853.10581215636,8080.24495244371,8215.15395378467,7331.57165377532,6996.40972391204,12/22/17
129,8859.11092715334,8085.74873818554,8222.85344915536,7336.57114464643,7001.18976960295,12/23/17
130,8865.02167834431,8091.1660379616,8230.43195538797,7341.49207399343,7005.89470211043,12/24/17
131,8853.58981012351,8080.50841962852,8214.76657556782,7331.64735972028,6996.32566818118,12/25/17
132,9059.41814380433,8267.54351944539,8480.09634989561,7500.10329648343,7156.01082506732,12/26/17
133,9036.51562787583,8243.88775091488,8325.54777269402,7461.8683503651,7118.49604951074,12/29/17
134,9125.66348362178,8324.61109223138,8470.34929263802,7554.41762059745,7205.74549581334,12/30/17
135,9090.01537800388,8291.4511286273,8403.4148255724,7514.02895318827,7166.56393037806,12/31/17
136,9222.51795102787,8411.83817682226,8640.25718222524,7663.66169177221,7308.37691967177,1/1/18
137,9574.89515578549,8733.24916289861,9240.67458812367,8053.2289929681,7679.2616590876,1/6/18
138,9385.66987531409,8559.45665817461,8880.51584787567,7830.78305017315,7466.06142729195,1/7/18
139,9384.97250539354,8551.36387244567,8785.11412120132,7802.36460395322,7432.89967862434,1/13/18
140,9422.49480968127,8585.5506424413,8815.26435889411,7825.57780486384,7455.00632987868,1/14/18
141,9216.68477615414,8389.28723595569,8632.97171282628,7713.90372753665,7341.53589997427,1/20/18
142,9217.80156799923,8390.30374224419,8633.79320515434,7714.8845175467,7342.46924844115,1/21/18
143,9260.01114316698,8424.98974063914,8668.94646958762,7741.74447390799,7363.31663449078,1/27/18
144,9230.09087502353,8397.19472837322,8647.03726450074,7715.48087412796,7336.23937666212,1/28/18
145,9061.0654558049,8240.9210348377,8445.56346633159,7499.21291805969,7115.2677077644,2/3/18
146,9050.19613840976,8231.00215917393,8423.68768513975,7473.16369906521,7088.32161517992,2/4/18
147,9431.07869788839,8572.92315109294,8549.86598798206,7797.52549520539,7278.54981752045,2/10/18
148,9356.26698675704,8503.94009221954,8516.80912918604,7731.44566991854,7237.42745279349,2/11/18
149,11280.3601941927,10245.4141600196,9726.14904978537,9327.47515311043,8440.45869456046,2/17/18
150,11298.7154962454,10262.0807523298,9737.85970789185,9342.7813542416,8452.03624001112,2/18/18
151,10634.8154938071,9652.10078487799,9268.34048912943,8776.97281098194,8004.92745254451,2/24/18
152,10909.7299118151,9900.31718223538,9440.61249124753,9003.55775505906,8175.79746621532,2/25/18
153,11355.6984063886,10293.580036088,9781.69579305614,9354.24093458426,8425.95551902325,3/3/18
154,11409.6499500004,10342.4870416128,9833.17309058061,9398.81807160522,8463.86193721868,3/4/18
155,10653.0476298827,9688.76327322811,9128.98081848352,8798.15107136137,7948.60863885214,3/10/18
156,10741.4440081958,9790.88541745361,9224.32813587768,8888.66626052177,8024.40846018376,3/11/18
157,10483.8668199748,9431.82093901019,8950.03924762472,8558.9453557233,7807.58561803386,3/17/18
158,10578.7029211437,9560.34768032975,9004.74960489007,8663.89458870822,7850.24713113112,3/18/18
159,10861.8024067626,9799.98128502633,9100.95648703256,8842.76906626626,7954.23613437277,3/24/18
160,10830.2902568564,9758.69574537558,9073.85154094018,8810.1478092039,7932.9764514079,3/25/18
161,10376.3328826493,9356.30278603082,8693.23510448937,8427.35531211461,7626.39000105623,3/30/18
162,10377.3456052311,9357.02289223888,8694.07375106549,8428.17749640819,7627.04996250717,3/31/18
163,10425.200804442,9391.0507954949,8733.70316161518,8467.02899815579,7658.23578503462,4/1/18
164,10644.0573956841,9543.14359305761,8911.27133569488,8641.97261285926,7798.67020528336,4/2/18
165,10445.3725954982,9398.30058032728,8727.79015205016,8472.41655054708,7657.10965666074,4/7/18
166,10351.9675177268,9333.69579903473,8647.30054409457,8395.92255212811,7594.40189566421,4/8/18
167,11021.2478995242,9818.18828173576,9193.63313289475,8929.47902223333,8036.27574308963,4/14/18
168,11033.8555889538,9826.75539363477,9203.97779353761,8939.53565340348,8044.43254682579,4/15/18
169,11198.7461684265,9893.00090558317,9325.43585187369,9063.026718262,8127.7602798607,4/21/18
170,11200.2815096902,9894.042613329,9326.6921890555,9064.24942954629,8128.75157320011,4/22/18
171,11361.5421613897,9980.47585103299,9461.45978625652,9203.36256906189,8231.81724522883,4/28/18
172,11339.260278289,9965.37159817421,9440.594945706,9183.02735453429,8215.34210730883,4/29/18
173,11430.3306553614,10015.2130472567,9533.46246287149,9275.02461898276,8285.41249709198,5/5/18
174,11430.8055103695,10015.5348371718,9533.9231268008,9275.47384062135,8285.77634566353,5/6/18
175,11317.5134607408,9937.81051787148,9418.57166586795,9165.64251066448,8195.74289858227,5/7/18
176,11280.8881814782,9935.46548449547,9362.74538825948,9112.48874198334,8159.92076340828,5/12/18
177,11310.8714266628,9954.94565510598,9387.06717975564,9138.64193480986,8180.11607144867,5/13/18
178,11095.7602089913,9752.34438238148,9205.91542327831,8968.57848563701,8021.27369730737,5/19/18
179,11056.2562707903,9724.94081009548,9170.29508529564,8933.73232465597,7993.09469517374,5/20/18
180,10985.8468936898,9689.15345417447,9007.93136928929,8777.63749969636,7869.94007324101,5/26/18
181,10984.7500450086,9688.41137317038,9006.11373064082,8775.85936583978,7868.50215192262,5/27/18
182,10992.0733065165,9693.36597934914,9018.24944578357,8787.73132179061,7878.1026319368,5/28/18
183,11011.6117557407,9671.96972364559,8990.182335686,8782.1282243252,7854.90347145259,6/2/18
184,10922.4334478986,9624.45343794085,8943.13354380223,8727.18955763941,7815.5230367346,6/3/18
185,10546.7133301931,9409.4490903826,8710.79846467818,8491.09137300439,7622.26332039767,6/9/18
186,10589.3429726449,9432.57314417702,8730.61513394985,8515.5211696683,7639.92288295448,6/10/18
187,10355.0401577733,9247.31250429303,8537.29196063868,8327.43850924353,7475.10504619322,6/16/18
188,10346.8119234111,9242.22799884376,8528.4554733902,8318.7067558558,7467.61342923961,6/17/18
189,10209.4502423346,9125.03738795625,8407.51957350711,8207.2045633327,7365.50492504238,6/23/18
190,10227.3783488299,9136.18355780554,8421.93797694628,8221.3778299067,7377.73661046528,6/24/18
191,10277.9612273437,9136.70356987844,8416.78750243188,8226.83979744097,7375.351430171,6/30/18
192,10331.5056809624,9176.71385937074,8457.65173176076,8266.8757396909,7410.61006137361,7/1/18
193,10541.1223296477,9347.25833894784,8620.26086576201,8428.16333675869,7552.99288572463,7/7/18
194,10487.1111651259,9304.53939062504,8602.03324711767,8410.30500571627,7537.23402777694,7/8/18
195,10277.4297417797,9123.19857761393,8343.06825787889,8160.16774974226,7313.25669826322,7/14/18
196,10410.886667156,9223.54760207696,8468.35048683854,8285.53275115997,7422.79104117255,7/15/18
197,11212.4258597298,9821.58370482587,9099.72297712416,8907.53100753914,7969.61097597975,7/21/18
198,11452.7022183583,10005.8351398442,9285.293865051,9090.13029228524,8130.61952671138,7/22/18
199,11918.8215576452,10355.7458347427,9613.79340407598,9426.21641978406,8421.23426831573,7/28/18
200,11927.7229764983,10362.583329094,9620.53891759703,9432.84335353366,8427.08280146785,7/29/18
201,11567.423150117,10068.4845118772,9326.91331942051,9151.30618398889,8174.47192754708,8/4/18
202,11566.320826259,10067.6377779714,9326.07797613293,9150.48552524916,8173.74766350171,8/5/18
203,11470.3970729261,9982.50726053258,9239.47460762796,9070.32816818769,8100.2281020984,8/11/18
204,11470.93801247,9982.96054938095,9239.75410201385,9070.76749800842,8100.61582817479,8/12/18
205,11397.7213896082,9906.70657069433,9162.84518848665,9004.73694409208,8037.04621906633,8/18/18
206,11438.6856015243,9940.77712659222,9193.02077918715,9034.65766789495,8063.62313475353,8/19/18
207,11668.2313436114,10137.0563337554,9348.20021667628,9197.58035337907,8204.56694122126,8/25/18
208,11658.7545125323,10129.1844541006,9339.46207693709,9188.94773653112,8196.90682095345,8/26/18
209,11809.0793856409,10253.6758392247,9477.28268356427,9325.98318806971,8318.10561120136,8/27/18
210,11821.9799770765,10257.8106815511,9496.2834697801,9349.77799323284,8336.70247721818,9/1/18
211,11828.0150973261,10262.8207620728,9501.94778027691,9355.37773774462,8341.66859377214,9/2/18
212,11495.9924416229,9984.21372284916,9179.80687029483,9048.22861716954,8060.29347199603,9/8/18
213,11488.4053237088,9977.91524492242,9167.93861971471,9041.18883666091,8049.88812509536,9/9/18
214,11609.0218424668,10080.9700422492,9291.87428024595,9142.16673349739,8159.99278282844,9/15/18
215,11521.1646809322,9998.8951543035,9229.71359033132,9060.67241531075,8105.45772724135,9/16/18
216,11677.1084931886,10141.0784954337,9403.45184160613,9193.82916726097,8192.15639537274,9/22/18
217,11622.6333107664,10089.8305878645,9354.34440787824,9144.65401777195,8156.8138829752,9/23/18
218,11541.3183668235,10021.0910598327,9288.3292567705,9081.37998803723,8103.87624861815,9/29/18
219,11549.5354927401,10028.8213783142,9300.67499992793,9088.79764828822,8112.76145290343,9/30/18
220,11525.6238146112,10008.0608663835,9268.74277722507,9069.68885980031,8088.80796046789,10/6/18
221,11546.2746865611,10027.4883181121,9299.76948457486,9088.33055442274,8111.13781372882,10/7/18
222,11626.7418799645,10068.7930865406,9271.05023024137,9108.68672063223,8119.13856150787,10/13/18
223,11678.5753032109,10116.1470957905,9334.48981683732,9146.80295987612,8164.7958929047,10/14/18
224,11681.5936721954,10124.5127272704,9338.72791977834,9140.4784034517,8162.33122289052,10/20/18
225,11667.7214935441,10111.4441621988,9327.61916679531,9133.80396073978,8154.33627772194,10/21/18
226,11669.3027665677,10121.7560591439,9339.57685926629,9150.84505243281,8169.06978434534,10/27/18
227,11646.1709756557,10085.4364438965,9308.70387267501,9132.29571744767,8146.85056357731,10/28/18
228,11657.8998419737,10095.6344562061,9317.9171049624,9139.51269655171,8154.52659998275,11/3/18
229,11671.8927006646,10117.6048797587,9336.59275962236,9150.73354081082,8167.96742769957,11/4/18
230,11467.046786588,9959.78934143193,9186.83012002411,9006.0865081236,8034.75931937165,11/10/18
231,11480.4508026557,9978.53185479253,9203.27616023373,9019.93911002842,8047.64867565985,11/11/18
232,11395.033890016,9777.95864301138,9011.52921792397,8877.66378410872,7908.07555438601,11/17/18
233,11375.7822765039,9750.74138403223,8986.86185894074,8857.32710014375,7888.94792117298,11/18/18
234,11285.5446112647,9620.07679411127,8837.82575076694,8745.98025590902,7769.26881619462,11/24/18
235,11291.9823481382,9628.50190658169,8847.26168253754,8753.36901861494,7777.14188061768,11/25/18
236,11471.3493361804,9786.37070601725,8977.58298978843,8887.81127775959,7896.17036801202,12/1/18
237,11457.2532148073,9773.332109151,8964.99882852843,8876.04163382441,7885.2392749981,12/2/18
238,11374.4257240187,9684.20478837711,8849.58393726432,8793.81584430331,7788.75215276465,12/8/18
239,11382.3690731471,9691.55220858661,8856.67527705417,8800.44819290609,7794.91196693379,12/9/18
240,11338.3676450025,9653.05868430555,8822.3105494394,8765.32821961506,7764.97348574469,12/15/18
241,11362.1512202559,9674.02653665938,8843.92779945167,8783.41499395799,7784.78761191071,12/16/18
242,11927.497542703,10174.457305232,9386.08364517908,9233.33983981899,8261.72270857943,12/22/18
243,11909.5926988202,10158.0203106637,9365.72780269578,9218.53577307956,8243.97940002171,12/23/18
244,11833.3703095844,10087.2336528424,9275.043864872,9154.04913856218,8165.81176657925,12/24/18
245,11837.193919857,10090.7438013639,9279.3908901204,9157.21057253123,8169.60088070477,12/25/18
246,11844.7854443207,10097.7129683217,9288.02162028485,9163.48738988572,8177.12391535745,12/26/18
247,11932.0409168275,10162.8315625153,9323.99062453481,9221.283421463,8211.41836097763,12/29/18
248,11936.3219546493,10167.840553563,9330.1832239987,9225.79179637938,8216.81978258432,12/30/18
249,11928.38579325,10158.5549169822,9318.70342146668,9217.43419888222,8206.80666066379,12/31/18
250,11954.2404839467,10189.1634678104,9353.89583152573,9244.33912208018,8238.2715276233,1/1/19
251,12048.4669809467,10270.9936814609,9431.575470671,9318.52922853665,8306.59620540478,1/5/19
252,12090.6002548388,10324.6189648691,9496.20113514403,9366.3868566882,8363.4509076904,1/6/19
253,11994.084268166,10189.5556001927,9323.23966913525,9243.74118487017,8213.94989476853,1/12/19
254,11984.4921222955,10176.5348232866,9307.17872546374,9232.030988476,8199.92986370307,1/13/19
255,11919.4779653509,10155.4947569034,9311.29999139388,9211.54706044009,8203.64706221601,1/19/19
256,11885.6313254673,10105.4414204556,9247.42824341246,9166.01313755375,8148.51086297307,1/20/19
257,12069.4107298016,10244.402905264,9362.23736856812,9292.41674679045,8250.00901617433,1/26/19
258,12065.7214508504,10239.0136377278,9355.603004043,9287.57315917033,8244.21383050862,1/27/19
259,12132.6012933689,10278.4355760615,9376.69375479474,9323.05154674099,8263.9124150531,2/2/19
260,12115.9220886093,10252.9631411835,9349.00783314988,9302.81742814675,8239.71569549286,2/3/19
261,12134.9272227466,10315.4451171589,9466.03176884404,9378.33093194664,8342.17394917658,2/9/19
262,12138.5933326606,10320.5104389477,9481.39321434156,9386.47510051495,8351.65369220716,2/10/19
263,12264.5224154386,10394.0083896032,9524.46094768943,9449.83914609775,8385.47531664794,2/16/19
264,12283.4125972816,10422.1182324805,9557.9918801959,9478.39787564182,8419.45760139986,2/17/19
265,12536.9360432624,10769.0379237424,9972.29334952626,9802.58169054949,8794.54629479364,2/23/19
266,12419.9596887765,10592.193051313,9748.9662021939,9637.91597968714,8596.51035432216,2/24/19
267,12076.1459990127,10352.271758405,9567.45581346705,9419.94081588188,8436.14208382107,3/2/19
268,12071.4767508084,10345.2586099105,9558.76848986311,9413.4527728634,8428.38921184848,3/3/19
269,12165.0560237384,10439.8912902051,9686.20075902187,9498.37000108838,8512.20274127781,3/9/19
270,12158.3454845464,10429.8156591412,9670.95341046101,9489.15840325525,8501.20086044143,3/10/19
271,12262.7019687498,10544.4106452533,9791.18632598596,9593.62242964398,8597.83106671057,3/16/19
272,12254.7353336283,10524.9977437302,9776.86512275975,9580.09187192997,8587.49745554535,3/17/19
273,12362.7982410332,10611.1095106949,9854.07281610554,9659.88804957799,8653.92769440426,3/23/19
274,12360.7485024912,10606.3007481425,9841.94439815695,9654.02619848704,8645.17630996049,3/24/19
275,12243.139072081,10524.6774496704,9760.61966896904,9576.1623456128,8593.63692931334,3/30/19
276,12242.9495774052,10524.482470118,9760.44914773746,9575.97669749764,8593.43764471179,3/31/19
277,13191.3183213274,11448.8020914206,10454.3011783896,10433.854919682,9469.06060144983,4/6/19
278,13337.2958596252,11590.1427447737,10553.7021336106,10563.9758633278,9601.01258409251,4/7/19
279,13078.5165586191,11354.1244308045,10363.0424110263,10338.051322119,9410.76406799815,4/13/19
280,13136.7560325694,11406.973432996,10388.0809080667,10385.5473278202,9446.23070705232,4/14/19
281,13171.6177294509,11446.0590316401,10423.6722573164,10420.9686880334,9475.80530085547,4/19/19
282,13203.2982931691,11475.0807916507,10449.2313709562,10447.4494523512,9499.18024770548,4/20/19
283,13176.3246122117,11450.3708874233,10427.4696566444,10424.9030199528,9479.27819153201,4/21/19
284,13270.048852959,11535.9147942576,10501.1639696094,10502.6731203328,9547.48702406308,4/22/19
285,13289.0757914672,11543.5169283104,10486.7386066044,10504.792843534,9544.38168863316,4/27/19
286,13303.9204912815,11557.0811372156,10499.7719684037,10517.1560511569,9555.63225004082,4/28/19
287,13773.6401034602,11983.3381713832,10873.7989756718,10903.7445463054,9879.62886187434,5/4/19
288,13715.3538170152,11930.1262022315,10824.2818832181,10855.2788760379,9837.09186212507,5/5/19
289,13679.1403792183,11897.0654523973,10793.5167709279,10825.1670153831,9810.66350155453,5/6/19
290,15518.8631353784,13569.5584686748,12340.7573893615,12341.8055185572,11167.7615314573,5/11/19
291,15276.1351361722,13344.9962271049,12121.3798073286,12135.3872528952,10979.4616193244,5/12/19
292,15692.5078295959,13719.7236798358,12538.4441129446,12464.9945408212,11302.6167799764,5/18/19
293,16414.7434109141,14293.9851285002,12955.5835277799,12983.5490356829,11673.199145961,5/19/19
294,16295.3171239542,14191.6754994363,12867.3412626826,12884.3483650225,11599.7877894414,5/25/19
295,16931.4233291067,14687.8320530033,13230.1554558685,13333.7850228554,11914.8186461466,5/26/19
296,16956.5757975723,14707.4755398558,13244.6046759506,13351.6145124099,11927.3303886363,5/27/19
297,16975.014300526,14753.4526991584,13342.7654330577,13389.5596382131,12029.3445360155,6/1/19
298,17086.278612165,14838.1388048411,13405.0582524583,13466.4253213789,12083.2845902791,6/2/19
299,16838.0050460851,14659.5479450511,13259.8633190882,13292.7656348637,11970.0853003434,6/8/19
300,16738.3650256535,14554.8121232482,13172.4453297937,13196.5244502893,11893.9616885752,6/9/19
301,17790.3242566672,15583.543028631,14021.7349017468,14123.244439937,12655.3806556305,6/15/19
302,17919.2456810754,15712.4508666141,14122.0009247148,14232.287018833,12744.6539364297,6/16/19
303,19626.8251800192,17305.8899085234,15467.467866527,15613.1216961773,13921.3196790286,6/22/19
304,19750.065762471,17429.0120989562,15578.0124829031,15719.8699296681,14008.7503963602,6/23/19
305,21419.7647525814,19010.1095989285,16954.2699398887,17089.6738476625,15142.3717355942,6/29/19
306,20944.2413823422,18566.4840583589,16544.3884305934,16693.2107372015,14798.9904084395,6/30/19
307,21435.3655483454,19004.801775526,16916.4621709753,17076.9471729292,15126.7974297328,7/6/19
308,21589.7061206445,19141.5996602721,17028.4564271925,17195.0228322149,15225.9167459285,7/7/19
309,22068.0874994494,19551.5301505041,17334.4599681148,17539.9595292943,15508.0076892425,7/13/19
310,21624.6365384159,19149.3583593654,16968.1963880736,17178.6785209421,15190.3694015589,7/14/19
311,23092.8173451962,20434.5814877491,17651.1492177077,17898.7399368387,15808.2704516205,7/20/19
312,22784.631585537,20160.385654404,17448.5535460108,17694.7975557561,15629.2378293224,7/21/19
313,21752.1185377981,19226.263963898,16495.2823156433,16970.9281742612,14792.1690802045,7/27/19
314,21711.482137547,19185.6820213152,16518.298024054,16931.3808073568,14806.6349838924,7/28/19
315,23539.6229585856,20798.1469030151,17704.5237600565,18281.870681884,15901.8291254549,8/3/19
316,23792.4241198654,21021.0573453089,17887.3051614604,18467.0330734266,16068.6000409358,8/4/19
317,24605.5207782723,21829.121431792,18558.6866959978,19141.8022677834,16656.9275788128,8/10/19
318,24892.4906412578,22056.9583287472,18740.5178498691,19332.7753383122,16833.3925514114,8/11/19
319,24054.9056910508,21323.750308718,18086.6726457171,18684.1952392586,16218.025870948,8/17/19
320,24098.7165630827,21362.0392276231,18117.2553563063,18717.0363114717,16248.4550295366,8/18/19
321,24491.2862753304,21694.855475047,18355.8665678264,18975.9292516737,16451.8419785317,8/24/19
322,24489.664133637,21693.4287305274,18354.6696501454,18974.6365929733,16450.6464238639,8/25/19
323,24531.4649061965,21730.1943370138,18385.5128767019,19007.9469582486,16481.4545271,8/26/19
324,24337.0253663655,21557.4446462408,18244.792184052,18861.8675658122,16350.4394422388,8/31/19
325,24348.3099045589,21567.3698908044,18253.1186226983,18870.8600333235,16358.7563989922,9/1/19
326,24345.5783235741,21561.1509929672,18292.5795867131,18929.1653281922,16421.7833940117,9/7/19
327,24305.2028549008,21524.4261680699,18249.2385991531,18884.9805081994,16379.6897445449,9/8/19
328,24138.3743340802,21372.5004255302,18125.6837189344,18753.8721943409,16274.1232901935,9/14/19
329,24124.2010468559,21360.0398754459,18108.5415240272,18739.0598423439,16256.9509970378,9/15/19
330,24352.1262750029,21561.9786195398,18184.0673357498,18867.9412088118,16301.2286449616,9/21/19
331,24344.9522396732,21554.5681679692,18202.1053703122,18870.6598438546,16319.2983506869,9/22/19
332,23691.9314861944,20967.8856011582,17645.6817694691,18251.4487331736,15810.1673398913,9/28/19
333,23685.0707327001,20961.8571074228,17637.8481358413,18242.630150956,15802.3199519775,9/29/19
334,23575.8936990224,20845.8226599954,17521.3820904349,18122.3193125357,15704.1781400273,10/5/19
335,23393.3789896192,20682.2029071208,17394.2401387432,17972.1270343965,15587.076219218,10/6/19
336,23884.4781218694,21098.0004783431,17611.217692905,18329.1978731193,15851.7655305565,10/12/19
337,23859.3208234435,21075.7779158534,17596.8413738128,18309.507010592,15835.8345458715,10/13/19
338,23537.9296760415,20785.3597823096,17411.243932292,18051.1148006565,15627.4777633749,10/19/19
339,23745.2207631904,20966.2739542798,17589.8394169811,18300.6380041104,15827.8338403538,10/20/19
340,24814.6802427814,21944.3727492227,18424.198808478,19471.4070395951,16772.2437178553,10/26/19
341,25124.1104547627,22232.4612900733,18670.6591803439,19823.6911391452,17057.2985075547,10/27/19
342,24994.1618023781,22097.8915584355,18527.9883752848,19563.0664807539,16845.5844701443,11/2/19
343,24940.6292904425,22049.7507347902,18487.2633893773,19504.5364347809,16798.1139480898,11/3/19
344,24397.2503870604,21554.0257581405,17963.7067320463,19095.6575531612,16425.558530398,11/9/19
345,24493.3762719943,21634.4528844714,18044.489378577,19174.3432326127,16487.0775276172,11/10/19
346,24206.638716945,21377.7252693249,17691.4795576049,18897.502468644,16162.3384626676,11/16/19
347,24217.52452512,21387.3613750069,17706.4736274008,18907.222572511,16175.9013913646,11/17/19
348,23934.2387793523,21133.3146791735,17224.84241198,18639.2180132824,15813.29708872,11/23/19
349,23922.1691158982,21122.5272266963,17176.8749742465,18620.9083671268,15787.5061986343,11/24/19
350,24142.7383120815,21304.6936926382,17371.7456038993,18828.712362301,15963.7400606321,11/30/19
351,23916.6091696932,21100.9104355479,17218.1019700469,18646.4630386183,15811.3428076094,12/1/19
352,24012.5644466967,21185.6437906102,17321.6981414263,18721.2114050412,15913.5583865917,12/7/19
353,24028.7242427185,21199.9140809746,17339.1011099514,18733.7223633221,15930.8201795548,12/8/19
354,23671.3305335992,20896.4120951991,16968.0589017962,18479.1639579887,15549.7279380114,12/14/19
355,23697.0179696998,20917.5737330743,16993.8660373539,18497.7166546649,15575.3257221094,12/15/19
356,23966.2220561633,21235.6535327407,17131.381303608,18744.1703283927,15720.0898533215,12/21/19
357,24320.9086372417,21633.8231454435,17390.2954003421,19063.7773392937,15983.928527299,12/22/19
358,24311.3854451806,21490.0723712662,17342.5731025504,18970.932302609,15910.4494428845,12/24/19
359,24271.2719729035,21444.2559529806,17312.1357099546,18933.7602823424,15879.770326711,12/25/19
360,24272.434481674,21445.5837360187,17313.0178010286,18934.8375463418,15880.6594230569,12/26/19
361,24375.6071538665,21549.7184115731,17389.1686706822,19022.6846388073,15954.0125309669,12/28/19
362,24433.933263548,21616.3367641225,17433.4254901043,19076.7337950653,15998.6208232261,12/29/19
363,24395.3103650697,21520.139690876,17396.0071542489,19011.4546486961,15947.9757229875,12/31/19
364,24400.4101803308,21525.9645486088,17399.8768037819,19016.1805032651,15951.8761039811,1/1/20
365,24991.559027509,22000.982916226,17795.4757051439,19442.2108807893,16307.8713981276,1/4/20
366,24994.0470316169,22003.8358456705,17797.3467568421,19444.5212677033,16309.7595717091,1/5/20
367,25331.1382989712,22394.8077566703,17939.0771299155,19698.4201989459,16495.7569454164,1/11/20
368,25443.6684859211,22485.9225131954,18003.1499949172,19780.4559018383,16560.6670457835,1/12/20
369,26502.1317799457,23400.7356529102,18664.8276711523,20555.6276408421,17195.6182029849,1/18/20
370,26293.3531058478,23165.7822320607,18484.012764466,20354.6313517753,17026.3671357299,1/19/20
371,26225.7908639117,23035.5167137056,18405.0279133429,20255.8770510499,16945.4564333158,1/25/20
372,26394.8455659636,23208.3348485643,18520.4028808078,20396.6115615768,17058.5947745825,1/26/20
373,27553.4446718649,24332.0897828585,19325.1340219539,21334.6965872665,17828.3193036202,2/1/20
374,27437.5646253792,24221.9332641225,19242.3441858891,21240.9577555608,17750.4995563853,2/2/20
375,28614.2338955224,25332.1657153425,20075.5659445795,22185.7956927613,18534.0368161052,2/8/20
376,29124.841282929,25813.8465833778,20438.9289195315,22596.5107000262,18875.1288016413,2/9/20
377,28770.2190444932,25476.0788123291,20146.0922754212,22293.1162635134,18612.6721786962,2/15/20
378,28816.7291191559,25518.9684732302,20178.9742724873,22330.0103624125,18643.3683702206,2/16/20
379,28988.5438440841,25606.3702290743,20223.5100698605,22403.7809234783,18691.8473709934,2/22/20
380,29279.4507045891,25872.6602499821,20428.3929542832,22633.3606615619,18882.8783284139,2/23/20
381,28388.8862843413,25071.4856132997,19778.5004755579,21931.9625097563,18289.7852616564,2/29/20
382,28662.3623822318,25309.5478684694,19942.5156087657,22128.3046065791,18447.72182259,3/1/20
383,28967.9509781039,25556.6410603222,20130.2842028444,22349.0648162438,18625.6878671729,3/7/20
384,28373.5724030416,25020.6398116823,19710.7100452522,21886.2743997615,18238.179767771,3/8/20
385,27399.1994555792,24162.7312056276,18972.6051686174,21102.9448813963,17571.5369538912,3/14/20
386,27754.3407751378,24472.2625746206,19198.2134458245,21365.3786406282,17785.4194347039,3/15/20
387,30724.0675728774,27073.7985662046,21176.0125326384,23609.5142772951,19636.0094340159,3/21/20
388,29865.3230321453,26306.7836935345,20563.1733466993,22937.6119128129,19072.2468843568,3/22/20
389,32004.1822147062,28165.967141982,21765.9340942709,24534.3497470404,20201.3229895741,3/28/20
390,31813.1621215618,27995.5614748395,21539.3329218697,24385.0971350103,19992.7461468951,3/29/20
391,33474.38328623,29427.704968592,22920.2227925535,25626.0814486224,21286.7569313583,4/4/20
392,33290.0945044004,29265.3715330625,22725.278574116,25443.1007402819,21105.5696769063,4/5/20
393,34607.5824473147,30407.8955236117,23281.3098216547,26160.1169510304,21639.3784629726,4/10/20
394,34628.1614931631,30426.0068593904,23303.7640663721,26182.2213602362,21660.2559994864,4/11/20
395,34654.8044081857,30449.4549231954,23332.8347306931,26210.8391057057,21687.2853591234,4/12/20
396,34590.1194007833,30392.526536061,23262.2555115949,26141.3595057458,21621.6621220747,4/13/20
397,34637.5646712572,30419.0895692885,23888.4840541722,26529.4888271439,22217.3572454724,4/18/20
398,34428.1760564564,30235.0479217953,23607.2983605343,26300.641788101,21955.668470404,4/19/20
399,35531.5643691018,31193.224948392,24528.2442038958,27286.5467151538,22825.5364692269,4/25/20
400,35840.9000292914,31464.9036181587,24880.1597102332,27624.6318943262,23153.2745515292,4/26/20
401,38599.6377063299,34682.7238983117,28337.6160878711,31145.0469156918,26378.8609944826,5/2/20
402,38422.4608328343,34489.7898832727,28141.0046550722,30942.1728988119,26195.7782479813,5/3/20
403,41302.1156065035,37324.1503298922,30800.3657862468,33769.2202056035,28674.5182639137,5/8/20
404,40434.5122207779,36487.1495582182,30018.0237048127,32950.1238507886,27956.9481757744,5/9/20
405,39314.1993472511,35415.6341948441,29040.9522042572,31910.3324610514,27053.5160723791,5/10/20
406,40775.9833765676,36734.8766684215,30093.2023706655,33114.8334997525,28059.8978642835,5/16/20
407,41363.1571600523,37268.9746296724,30538.1221092172,33606.8260642711,28478.0625971042,5/17/20
408,40351.1714840686,36398.7235112702,29842.9477394325,32778.2700567316,27852.8146363706,5/23/20
409,39581.3055686155,35724.10408252,29279.5412192881,32156.6159095682,27332.7654119101,5/24/20
410,39828.1129115716,35929.2887380533,29443.0166353303,32340.8650407124,27485.2632026725,5/25/20
411,42139.1779539667,37916.3234412019,30488.3958621206,33532.6720072789,28471.7726829131,5/30/20
412,41437.1357987195,37338.9848747242,30110.916008985,33149.6664441722,28119.4143665686,5/31/20
413,41974.3767285855,37715.5977468187,30353.745490599,33307.9405994968,28409.1781403209,6/6/20
414,42187.9675498096,37901.8161815706,30486.6892486185,33450.6652181308,28540.7254573908,6/7/20
415,41558.1411857028,37324.6682267917,30128.7935656716,33028.7111198168,28143.6088063291,6/13/20
416,41216.979269455,37023.1138432895,29912.0172390024,32785.1935263199,27929.0464325976,6/14/20
417,41435.5197301267,37220.9110527923,30141.3911421558,33000.6110821438,28108.3527696685,6/20/20
418,41116.4333547352,36928.1368180664,29909.914796925,32752.6555622042,27886.0032920602,6/21/20
419,40803.5080510485,36610.9808510088,29422.8202327077,32447.2333150095,27597.4035780371,6/27/20
420,40838.6049337856,36635.1137752347,29457.3852118652,32460.9313206055,27604.2778219272,6/28/20
421,40989.9029290851,36771.9004659106,29585.6511867912,32588.6830902077,27712.2713618828,7/4/20
422,40928.814591454,36717.3878555108,29541.3212163307,32542.2961361052,27672.5734674031,7/5/20
423,41161.0567890899,36905.8217377016,29781.3768862499,32781.3766128763,27867.9602143041,7/11/20
424,41241.4057865703,36977.6336079937,29829.0399086396,32834.8871282122,27913.7070248157,7/12/20
425,41064.4528756195,36806.9101974387,29794.7892138026,32734.4000819134,27819.5920082014,7/18/20
426,41096.584431669,36835.6277571802,29826.5566102736,32755.7989316398,27837.8861531457,7/19/20
427,42858.7372126312,38402.7853850783,31258.4217450601,34330.5631728052,29165.5638307684,7/25/20
428,43210.7130743509,38714.2593690537,31581.6444966541,34544.4837689975,29346.4229181052,7/26/20
429,46427.4336916605,41572.0911626217,34727.8060929449,37059.3833727694,31488.607163362,8/1/20
430,45668.1759992443,40888.2988358038,33833.2618455192,36367.9063747174,30893.7423749333,8/2/20
431,47410.9241713957,42436.5363748891,35103.2996851404,37796.5692815065,32097.6636249941,8/8/20
432,47348.944150612,42381.2337934094,35039.9718884079,37745.7810947732,32054.3634601895,8/9/20
433,46780.1786968383,41839.31542369,34517.8099217132,37231.0796013032,31491.5477332332,8/15/20
434,46839.8798607754,41892.6296743432,34547.6694203153,37278.4017069973,31514.6672888979,8/16/20
435,46519.2563320701,41566.7336439582,34139.0104372123,36954.333484319,31177.8775991452,8/22/20
436,46481.3311681143,41532.8796138951,34102.1116281666,36924.3476809563,31146.2649400166,8/23/20
437,46686.944944171,41696.4461048748,34155.1208107355,37114.5504368683,31196.4366895982,8/29/20
438,46835.7965010641,41829.2472179059,34319.7025992482,37310.5095023297,31415.6086941005,8/30/20
439,46804.0633554118,41800.9358105511,34284.6159802325,37268.7336707834,31368.8841768234,8/31/20
440,45628.115035343,40738.7666789101,33341.7183712596,36105.4710309924,30324.014564308,9/5/20
441,45671.130395375,40777.1074295003,33393.7550975483,36143.4471530104,30372.969743533,9/6/20
442,46269.2961080481,41305.241299338,33737.3651310733,36608.868023938,30703.3897455587,9/12/20
443,46230.1351062475,41269.3274822969,33699.473484049,36572.2967865377,30667.7419924523,9/13/20
444,45590.0811989568,40691.8083684759,33606.3047917253,36066.4031075215,30568.1564605839,9/19/20
445,45506.1962770305,40617.1261324826,33494.7845382758,35998.6085178185,30468.9161927199,9/20/20
446,44511.4246908827,39723.9228459997,32801.897177782,35201.993347175,29840.089406098,9/26/20
447,44529.6124467115,39740.1053376401,32827.4442927337,35216.575092038,29862.5860830108,9/27/20
448,45338.7000072682,40460.4379145581,33211.9539271253,35850.000255647,30230.3171813215,10/3/20
449,45375.5592983641,40493.223213601,33264.6747734272,35879.4630269833,30276.5889123064,10/4/20
450,45701.3807276114,40761.3870854391,33744.7853768763,36242.2456663367,30503.7717391545,10/10/20
451,45720.3605929283,40778.2788592714,33776.9204951123,36254.6720861895,30524.6681751119,10/11/20
452,45308.5817617367,40406.6667845498,33478.048599273,35902.1671066293,30253.2342673156,10/17/20
453,45404.3634740856,40491.949215436,33554.4117627864,35936.3555365051,30336.3627681541,10/18/20
454,47028.0438999675,41913.5147510635,34687.0216644622,36675.4919479,31575.0080186327,10/24/20
455,46880.7283909959,41782.3155268969,34582.3747130752,36587.9726934152,31466.5854323451,10/25/20
456,48038.8161989271,42821.71285941,35326.4696513308,37280.811891064,32263.0428437227,10/31/20
457,47932.5567885455,42723.8766319113,35247.769827808,37203.9855141187,32186.7236435461,11/1/20
458,50512.4717469919,45104.998765962,37115.6594565879,39028.8128418893,34029.3064664685,11/7/20
459,51570.5980382551,46075.2916854696,37880.1845131715,39792.5047765465,34772.8683934857,11/8/20
460,52817.0643479591,47207.1705391342,38789.2902158942,40718.6732083684,35636.1133687654,11/14/20
461,52560.8454263193,46970.5017697646,38599.1483986967,40530.6083497048,35452.6490378715,11/15/20
462,59112.3337866133,52573.4026105232,42992.1612278837,44833.2832609171,39736.6567530599,11/21/20
463,58366.0147745774,51938.8171451242,42503.5075429169,44349.0849795184,39265.2981943431,11/22/20
464,57039.1153569901,50692.1123072005,41268.148409726,43057.7023362351,38158.1768463075,11/28/20
465,58122.061659799,51610.5233517478,41811.4341065917,43606.4610700617,38687.0092769227,11/29/20
466,61420.4529113399,54477.8972496084,43896.357347739,45874.2652013451,40649.1221744648,12/5/20
467,61704.4782207995,54719.8930564524,44064.4829285491,46041.5883354854,40811.173416835,12/6/20
468,60354.2061072667,53510.3418143427,43333.7518685427,45064.9033540722,39904.1298690038,12/12/20
469,60647.2816806294,53757.4308891117,43587.4402727132,45235.9839596547,40067.0319457952,12/13/20
470,66985.1608899973,59213.087045345,48809.7302620762,49273.0966888462,43852.96651156,12/19/20
471,66509.9614019533,58798.1743522444,48363.3465001952,48973.7890972612,43558.9437492774,12/20/20
472,66402.2806017191,58682.0001091501,48229.5423554037,48856.5982778023,43446.2496381485,12/24/20
473,67154.4400054864,59321.4973510804,48790.7103076299,49254.2471189621,43826.3813920592,12/25/20
474,68597.7593174491,60550.1573818096,49944.4888632084,50067.9729914924,44606.2137613177,12/26/20
475,68433.707961697,60410.4208316205,49811.6117645424,49974.4558154286,44516.4950705562,12/27/20
476,69099.4549304324,60977.0167643827,50351.7681819832,50355.7339217824,44881.7502296913,12/28/20
477,72437.0300692866,63897.5422501428,52848.826447435,52662.1883526082,46968.1788568821,12/31/20
478,72793.3813705854,64201.0369062563,53145.5445485807,52871.1239068409,47168.5877089485,1/1/21
479,75236.134411356,66281.2451547284,55186.9575994657,54309.1146846976,48547.655865785,1/2/21
480,75940.049895263,66880.631722071,55775.9139976372,54724.1125612243,48945.5869486612,1/3/21
481,81093.504605947,71188.0923055171,60252.4373860823,57483.6827960128,51669.8104209229,1/9/21
482,79484.4847526402,69789.153431324,58894.4334712801,56446.888612239,50688.2669263128,1/10/21
483,79550.0516319468,69778.658564423,58496.2423130855,56215.791094743,50431.0795608209,1/16/21
484,79431.7356111446,69675.5295129587,58367.2725805403,56149.9659803823,50330.2669105023,1/17/21
485,78478.700229124,68784.3952693267,56695.5713901586,55702.2478653356,49767.1457646108,1/23/21
486,78585.5721342835,68877.5115604455,56776.1991289258,55761.0161877116,49822.7909934066,1/24/21
487,81445.9809286935,71318.3294417431,58620.8021257859,57438.6309170145,51330.7518017748,1/30/21
488,80019.1534653087,70058.8060528858,57582.050689301,56538.3584313542,50507.4621390886,1/31/21
489,87624.7200720244,76597.0152786247,63021.202185972,61373.0216989941,54876.3603310798,2/6/21
490,87086.4595878485,76128.1833216371,62648.9153467874,61032.0275652136,54567.9729761574,2/7/21
491,99262.9141091445,86655.4758009516,70908.5423686236,68753.1870700943,61470.366658724,2/13/21
492,100798.233390513,87976.2596769777,72429.303784327,69749.395720326,62352.005932585,2/14/21
493,112849.519159061,98461.9129471,81483.4133302475,77815.4233701031,69566.6048651723,2/20/21
494,115453.533534361,100729.82716417,83392.4948694188,79564.9032878944,71132.5495879171,2/21/21
495,104433.316846227,91450.1805751794,75441.8172862206,72305.4817350723,64562.4818970512,2/27/21
496,104099.597026819,91086.3107576717,74914.2870500317,71828.3457038234,64127.3267401241,2/28/21
497,106222.199779561,93706.3450082841,77179.4359756695,74101.1728939577,66096.5801427457,3/6/21
498,109470.856224747,96883.6900727004,79738.4137347609,76562.9313920235,68286.0040051341,3/7/21
499,127897.867195179,114251.540553873,93923.5130854849,90166.8565856263,80412.3854189224,3/13/21
500,124610.006008467,111119.641410694,91247.3865344917,87673.5730733977,78157.0401864817,3/14/21
501,123376.381856423,109816.00089026,89914.8666448776,86568.0965482206,77095.0494331885,3/20/21
502,122880.219757722,109352.433759676,89535.1816223269,86204.0934644055,76770.4608082878,3/21/21
503,121872.310542969,108307.9207519,88379.2281057752,85286.0650252956,75866.4994627395,3/27/21
504,121788.943152955,108232.288264088,88317.562069794,85226.6285398132,75813.6152417935,3/28/21
505,125801.056261282,111803.198974805,91489.9187101136,87991.1852860869,78560.6386625019,4/2/21
506,123091.906512878,109340.589865407,89630.1780641197,86026.2982500189,76986.8488478734,4/3/21
507,124278.13370263,110384.80799772,90343.9152150307,86833.247865103,77611.5921899683,4/4/21
508,125401.442739207,111378.7360686,91114.2689699345,87652.2643549925,78273.0004325336,4/5/21
509,125791.562638694,111648.130589192,91704.1779961455,87969.8878524929,78458.3198992023,4/10/21
510,126004.302936626,111838.027861807,91865.6554202531,88113.5971141779,78575.7996557839,4/11/21
511,127465.246911582,113061.73303649,92905.711796591,88996.0606150826,79404.6765590021,4/17/21
512,126070.873650753,111806.605577837,91874.426985474,88017.4332921361,78595.9517761208,4/18/21
513,125046.821683421,110881.514529313,91101.0851004192,87293.1694301982,77990.9860056674,4/24/21
514,124981.929177122,110822.429214433,91050.9342917782,87246.5846154168,77952.0699889929,4/25/21
515,133343.851017413,118151.037856854,96426.6687243974,92919.8710014108,82618.2145469574,5/1/21
516,131768.192186804,116719.846286494,95295.2981492864,91772.8115085659,81660.1165545505,5/2/21
517,132257.504894694,117155.636849505,95842.2488313954,92115.4109103175,81940.9118393801,5/3/21
518,135522.371161498,120828.214746212,98327.0039115418,94948.7936178701,84371.8581848371,5/8/21
519,134828.9808575,119945.977170535,97743.6370612619,94255.8442266209,83804.4578389217,5/9/21
520,129939.284394286,113362.809126659,93335.6913817218,89038.5149635866,79541.6832723783,5/15/21
521,129871.12329715,113276.084116594,93278.3457218258,88970.3972087009,79485.9071389793,5/16/21
522,130378.881457511,113155.007136229,93073.9641235272,88810.5435533938,79260.9982824887,5/22/21
523,129672.563064282,112323.642450852,92422.4268210949,88153.5897661355,78702.5943242826,5/23/21
524,130279.946110992,112929.930370917,91601.7462653494,88531.1334568628,78071.137442155,5/29/21
525,130787.461105227,113467.100999463,92006.4839809336,88777.66834908,78417.0745877699,5/30/21
526,132503.459471122,115236.997938758,93113.0867574707,89571.9662300937,79379.6902244363,5/31/21
527,130947.286426405,113786.171061676,91931.6862103257,88346.7279679346,78407.9328292737,6/5/21
528,131151.193292807,113980.544532199,92062.0008220284,88487.3618861947,78519.2721261744,6/6/21
529,131356.654990141,114193.819372735,92941.6049082973,88570.0963311573,78466.2255484762,6/12/21
530,137261.699681481,119508.579788864,95815.1640181616,92657.0607881477,81983.9965582804,6/13/21
531,132768.862447056,115508.891056265,92506.358699449,89493.0842771683,79129.6190159007,6/19/21
532,132826.075131141,115560.078363669,92540.0506024246,89532.6848688416,79164.0955247654,6/20/21
533,131437.293826464,114191.155521697,91386.1862143289,88381.3570023757,78081.5963203732,6/26/21
534,137514.813773928,119508.005336057,95365.2174833836,92477.1029160099,81662.3875611668,6/27/21
535,136316.621595859,118366.557044971,95010.6420848465,91523.4309586452,81357.541305815,7/3/21
536,137237.200312134,119172.64233533,95771.9185394512,92146.8068577243,82038.9769149674,7/4/21
537,135003.735698851,117121.1878102,93992.2758339021,90486.3404540707,80491.6398314481,7/10/21
538,136373.118269928,118298.867278444,95068.1987375911,91383.9860164858,81445.2961112567,7/11/21
539,132754.511959122,115076.69069458,92450.8773085774,88844.4456635148,78457.715901523,7/17/21
540,132980.684704677,115273.677647229,92593.8443399641,88996.6207705608,78621.1056392421,7/18/21
541,138066.577953269,119624.621789835,95920.5427828756,92297.4655890271,81819.2205278068,7/24/21
542,140648.759312731,121864.732722052,97714.6223970343,94022.4391277868,83511.1591565149,7/25/21
543,158332.996166192,137111.346185365,110089.349496447,105702.168778636,94878.6942792716,7/31/21
544,155916.196295343,134988.437985005,108276.645418796,104044.48794114,93275.1356012166,8/1/21
545,170307.461500623,147363.070552137,118141.493191594,113509.634695218,102050.480135782,8/7/21
546,167589.746452439,145010.415510326,116239.763710408,111697.320720381,100388.180357314,8/8/21
547,176987.069434169,153016.213929388,122436.371563415,117783.292482923,105851.611088904,8/14/21
548,176842.062278519,152896.679369797,122340.115884756,117691.245163317,105767.787532653,8/15/21
549,179712.023152868,155163.474108424,126385.752127405,121591.88828548,109292.028638886,8/21/21
550,180613.894616595,155887.448405331,127181.831500928,122354.088359007,109984.889021308,8/22/21
551,179964.52291229,155335.73251464,125965.955181076,121391.298668617,109017.609870441,8/28/21
552,179804.760260698,155207.963125354,125837.8173172,121266.00913678,108906.034782252,8/29/21
553,177359.8575387,153225.214024856,123766.761892447,119294.825444078,107126.649774321,8/30/21
554,181851.273944621,156914.408276786,127156.840750252,122698.115303512,110124.131679286,9/4/21
555,186604.496750325,160632.277856464,130524.62280617,125980.421710402,113060.119850207,9/5/21
