,G = 0.2%,G = 0.6%,G = 1%,G = 1.4%,G = 1.8%,Date
0,756.115231338773,623.928780798476,623.928780798476,623.928780798476,623.928780798476,11/5/16
1,755.101828218985,623.092544009717,623.092544009717,623.092544009717,623.092544009717,11/6/16
2,748.332543611942,617.468739557145,617.354898633707,617.392845325477,617.430792299956,11/12/16
3,746.914998037945,616.299208296536,616.185950933492,616.223703106719,616.261455561067,11/13/16
4,762.41445642356,629.088457688848,628.973566035421,629.011862967675,629.050160185484,11/19/16
5,766.726757409709,632.646691132522,632.531267055839,632.569741461062,632.60821615329,11/20/16
6,761.098811853368,628.002913636133,627.888308128942,627.926509679285,627.964711515016,11/26/16
7,760.802824985258,627.758684307898,627.64411534507,627.682304714058,627.720494368334,11/27/16
8,780.421906736273,643.947073208015,643.830035065685,643.869047487231,643.908060201341,12/3/16
9,773.780819953457,638.467312158569,638.351203962463,638.389906404465,638.428609136501,12/4/16
10,791.300208916336,652.923097552521,652.804563264229,652.844074396885,652.883585826315,12/10/16
11,791.300208916336,652.923097552521,652.804563264229,652.844074396885,652.883585826315,12/11/16
12,800.83971064345,660.78330518944,660.826943491744,660.8668908894,660.732227649344,12/17/16
13,801.094454114261,660.993499794308,661.035561535687,661.07552101583,660.942408446082,12/18/16
14,900.495144652035,743.010825841824,742.022388230769,742.067047363373,742.953912628646,12/23/16
15,901.463977524415,743.810225219092,742.809779374276,742.854484280767,743.753252933582,12/24/16
16,906.092845692455,747.62957779937,746.571759282145,746.616682886093,747.572323279386,12/25/16
17,938.477517450273,774.350675082139,772.882945905202,772.929399317015,774.291436691805,12/26/16
18,938.448057314952,774.326367075457,772.859019973176,772.905471993604,774.267130499852,12/27/16
19,966.040079792645,797.092953289047,795.430323665537,795.478109856496,797.032004970782,12/30/16
20,1005.02671835422,829.261405009326,827.076660583501,827.126287602972,829.198037150035,12/31/16
21,1023.00278193667,844.093719187701,841.666789076549,841.717264827328,844.029234141061,1/1/17
22,1020.4892966541,842.019805869452,839.627030834935,839.677387921331,841.955477350589,1/2/17
23,1011.0366895948,833.91435937366,831.03299840804,831.38339965975,833.544818284126,1/7/17
24,1011.8708867845,834.602667569621,831.709919371989,832.060360005534,834.233074474071,1/8/17
25,1001.23652913566,825.691037008874,824.301042807947,824.65513732655,826.458293786123,1/14/17
26,1006.81032770342,830.287797413791,828.098332838109,828.45401555146,830.322136158639,1/15/17
27,1065.87628494807,878.996946922382,868.618756723292,868.993447075492,871.456408768504,1/21/17
28,1068.52830842439,881.183835302139,870.342552399152,870.718149908879,873.21082001277,1/22/17
29,1059.80319860238,873.987578517161,861.64131364148,862.013985559583,864.563794295335,1/28/17
30,1056.94251859363,871.628629614482,859.781892760356,860.153586147376,862.671349066847,1/29/17
31,1163.26342743816,959.303239807398,933.624513932715,934.033198562845,937.47400279551,2/4/17
32,1154.75856107172,952.290190629424,928.147513667698,928.55319579202,931.899467239716,2/5/17
33,1144.08755247753,943.490708800807,920.619143866556,921.021028828467,924.283793716025,2/11/17
34,1143.71135554706,943.180500884943,920.377282765247,920.779034179532,924.03762343425,2/12/17
35,1176.87081994279,970.524547573073,943.981670135238,944.395127841764,947.905683597002,2/18/17
36,1175.42969981015,969.336220622039,943.056797132089,943.469740257175,946.964323902579,2/19/17
37,1258.78981238937,1038.07526586306,999.585535074567,1000.02814295994,1004.29323133496,2/25/17
38,1281.58745523404,1056.87385592845,1014.21049504362,1014.66125419123,1019.17892517859,2/26/17
39,1330.38441006764,1097.10906062164,1041.50025069835,1041.96862036727,1047.22901760428,3/4/17
40,1332.26613305026,1098.66070052161,1042.70730410004,1043.17634674841,1048.45759084905,3/5/17
41,1318.1792310829,1094.99760442168,1036.54559596919,1037.15230798831,1042.67214286427,3/11/17
42,1318.29490086795,1095.10821872662,1036.63901896275,1037.24579246742,1042.76675363543,3/12/17
43,1244.76283141453,1020.38885405999,975.930158977821,976.494953189626,981.133944235952,3/18/17
44,1280.94628838307,1055.56447453507,1005.87829247902,1006.46307784452,1011.44854981213,3/19/17
45,1270.14522509974,1040.69507196579,994.74329610714,995.50033307336,1000.41421943993,3/25/17
46,1313.71987072796,1083.36151223968,1031.17170862435,1031.96222575535,1037.29895935029,3/26/17
47,1347.38396607393,1117.99427423352,1059.87170788286,1060.690935243,1066.41597645434,4/1/17
48,1335.18899095141,1106.05122056303,1049.6746217227,1050.48417617408,1056.09061055548,4/2/17
49,1406.22620447714,1175.1721232571,1108.92736100053,1109.7931911986,1116.07439030706,4/8/17
50,1422.68611030641,1191.29347081905,1122.6920169433,1123.5711003263,1130.01256045097,4/9/17
51,1409.43500499266,1173.64107414716,1110.06022500908,1110.92237249102,1117.06339717531,4/14/17
52,1420.93403493967,1184.90358441446,1119.67633050434,1120.54773677379,1126.80072116451,4/15/17
53,1433.91841975404,1197.62089778441,1130.53456939417,1131.41643042897,1137.79583660647,4/16/17
54,1414.02284184744,1178.13454532862,1113.89682021701,1114.76266173287,1120.94835565184,4/17/17
55,1470.98358920147,1233.76958101585,1158.50142184518,1159.41187744693,1166.16765133462,4/22/17
56,1455.07136124042,1218.75306124824,1146.4842126279,1147.38306586185,1153.99889857279,4/23/17
57,1494.1260006213,1255.60182807823,1174.98921628104,1176.07747884091,1180.19667093033,4/29/17
58,1552.06566164895,1306.83881375075,1219.94731551762,1221.08186416271,1222.28721169939,4/30/17
59,1577.19585596068,1329.00137040611,1239.62461103222,1240.77950379227,1240.6029578103,5/1/17
60,1636.71402823088,1381.7617849474,1286.34777111131,1287.7077921694,1282.84504228825,5/6/17
61,1724.45046233839,1457.98387463569,1355.78218790624,1357.21712295919,1348.35525684338,5/7/17
62,1845.38020228852,1562.51024167414,1452.88847819963,1452.49881833052,1438.69099212799,5/13/17
63,1847.30823501399,1564.1790216065,1454.41813927333,1454.03017843018,1440.13893265163,5/14/17
64,1974.11857227272,1672.14573242829,1577.00380857278,1566.87088021558,1536.14271970775,5/20/17
65,2010.70388689245,1703.47437974947,1613.58075663802,1599.91441765643,1564.07791721805,5/21/17
66,2099.67644670669,1779.11568716832,1703.3029693966,1679.24486662707,1631.07545357662,5/27/17
67,2132.35498986918,1806.95919625486,1736.1655008339,1707.42526581894,1656.21757753554,5/28/17
68,2139.16075196258,1812.75468648542,1743.02200760761,1713.25395801371,1661.45816912291,5/29/17
69,2275.81975301842,1928.97787326082,1875.17775813664,1828.32245060359,1766.92144304246,6/3/17
70,2284.26756341554,1936.16736961523,1883.70467124987,1835.50522998745,1773.43214707446,6/4/17
71,2512.27958464514,2129.63017165907,2109.85368920939,2023.39516267845,1948.07541099415,6/10/17
72,2424.45696202474,2054.98719983418,2029.52258986774,1955.85185890034,1880.28065547311,6/11/17
73,2362.85014326646,2002.46688188778,1976.06792524073,1906.34200109809,1832.07133470298,6/17/17
74,2409.88952280109,2042.37899570801,2016.17392789764,1942.31354176118,1868.46989576827,6/18/17
75,2385.23996428881,2023.93996143772,1997.7780835441,1925.42738447288,1851.63660145407,6/24/17
76,2383.12864038489,2022.26092321201,1996.10288939679,1923.90634957004,1850.10443542611,6/25/17
77,2372.95055214714,2013.9900618458,1987.85634100152,1915.40801118195,1842.51735616841,7/1/17
78,2413.92361110907,2048.28770151953,2021.75622184331,1946.68482390774,1873.83977747264,7/2/17
79,2404.88662677355,2040.60285874596,2014.15190899248,1938.59551941073,1866.77964534493,7/8/17
80,2374.88886897907,2015.3729831341,1989.23576554814,1915.57412664729,1843.73673581211,7/9/17
81,2249.32831803607,1909.30134949043,1884.60374504111,1820.10002321367,1746.90464630935,7/15/17
82,2245.92058035437,1906.42011423573,1881.76100245228,1817.46926993117,1744.27295302739,7/16/17
83,2757.82587001645,2339.80891930803,2309.29618669736,2214.56608263404,2140.18386118876,7/22/17
84,2709.28634548386,2298.71882572502,2268.76381292533,2177.04250644776,2102.6518701614,7/23/17
85,2739.18370201628,2324.07863823744,2293.79117067614,2200.94527263033,2125.84425202114,7/29/17
86,2803.62220788464,2378.62920710621,2347.60105101707,2250.76116227387,2175.67116026386,7/30/17
87,3100.8938946832,2630.24657122303,2595.79228201177,2479.94757485513,2405.47769956908,8/5/17
88,3063.06017327917,2598.21827826776,2564.19888147702,2450.69914803459,2376.22281007266,8/6/17
89,3459.4887153036,2933.91645028346,2895.36314927854,2758.76721258474,2682.90986714041,8/12/17
90,3767.96219987634,3195.05601092027,3152.95684659425,2997.24141275218,2921.43675417422,8/13/17
91,3664.29805815198,3106.46076381535,3062.87654190215,2915.29485868144,2839.64052079013,8/19/17
92,3641.28506910246,3086.97830616327,3044.23315068841,2898.03524455774,2822.37709345639,8/20/17
93,3761.19405896932,3188.10965156614,3141.81121982823,2989.5063232268,2913.56080895736,8/26/17
94,3753.8816195816,3181.91862563862,3135.75285989821,2983.8497297676,2907.94487195481,8/27/17
95,3898.63194225616,3304.48091089672,3255.8299229281,3096.17605279967,3019.26409684544,8/28/17
96,3946.67477958377,3344.68087668289,3293.85978923934,3132.70805941082,3055.46209895913,9/2/17
97,3879.65881143058,3287.93253748113,3238.19577324511,3080.53732258986,3003.85277365742,9/3/17
98,3883.53086806151,3290.68666839336,3243.72727100771,3082.12328728226,3005.87976196403,9/9/17
99,3868.54585916734,3278.00187256413,3228.92515607867,3070.45481240735,2994.341555135,9/10/17
100,3804.87209540924,3251.85489582022,3215.68207107578,3044.42917594623,2969.82293228004,9/16/17
101,3797.40756071994,3242.2296417448,3203.2958878038,3035.58487595073,2961.07267156481,9/17/17
102,3774.69356978308,3237.12711525221,3210.25333215013,3029.94610723408,2956.16396420671,9/23/17
103,3799.95650574658,3269.45102938597,3251.23234669284,3059.69399326768,2985.55902700331,9/24/17
104,3805.11111772069,3299.52971906728,3327.06821263575,3104.43854993305,3012.47358221006,9/30/17
105,3809.16381265891,3304.68847780612,3335.01315125444,3110.22522448776,3017.16409935507,10/1/17
106,3840.93183184893,3338.99737745673,3381.59260053708,3146.85678252871,3048.40774247069,10/7/17
107,3841.36239996539,3339.54519812744,3382.4610359229,3147.48947519185,3048.9058236123,10/8/17
108,4086.72303932125,3621.96103913657,3797.70836642369,3463.16019907102,3305.91835052784,10/14/17
109,4067.9871162939,3598.12958838158,3759.29225732937,3435.1681499566,3284.25109128547,10/15/17
110,4046.24619716814,3604.82005812027,3814.81516260543,3460.46165279514,3290.05322701885,10/21/17
111,4027.35769625695,3580.79527372427,3776.01645300095,3432.19035434139,3268.21023669891,10/22/17
112,4044.94995876135,3606.33747801085,3820.21599595892,3463.24993518257,3291.09469343134,10/28/17
113,4042.98758079883,3603.84219610639,3816.1872174939,3460.31346851162,3288.82665089953,10/29/17
114,4332.51127568982,3902.34591191046,4206.83489809315,3775.10288034754,3559.6466068496,11/4/17
115,4244.79120046737,3815.60789857771,4099.12510635628,3685.66666990347,3480.63601154114,11/5/17
116,4174.26418149301,3743.83625487234,4006.59451141557,3610.33751497498,3415.28520651579,11/11/17
117,4306.90347247618,3874.23748171385,4167.26203473986,3744.30173633135,3534.07579620319,11/12/17
118,4715.19154723142,4269.61900652745,4635.74120430626,4145.91887661465,3893.72374010414,11/18/17
119,4729.11030711577,4282.96311939804,4650.37884543423,4159.40360467967,3905.88284950283,11/19/17
120,5007.72294732158,4546.41853020647,4928.18860424721,4423.17100406047,4145.98305450623,11/25/17
121,5397.74521761762,4914.78006650306,5301.41549635345,4791.65679705309,4481.68530282354,11/26/17
122,6128.45207891622,5596.51228249422,5996.04922077678,5467.26387192331,5102.47496203609,12/2/17
123,6251.55559016162,5710.37257846962,6114.66117025284,5579.51132604258,5206.26336775423,12/3/17
124,8206.48277158785,7514.71286780655,7990.70864306804,7355.41797485942,6850.82616083321,12/9/17
125,8243.0449510424,7548.34456530034,8025.6765740147,7388.44349749245,6881.48466838273,12/10/17
126,9387.72462997765,8596.71595375397,9315.37520278734,8411.3991177548,7834.79192093401,12/16/17
127,9302.70800719802,8518.69582698991,9203.15793119961,8334.95058691254,7763.69441692699,12/17/17
128,8790.31066808802,8046.34111387722,8464.33474729093,7868.29613680429,7331.57165377532,12/22/17
129,8796.28893463079,8051.82739524487,8472.22573070476,7873.67190543913,7336.57114464643,12/23/17
130,8802.17325926161,8057.22746570883,8479.99271595562,7878.96319975685,7341.49207399343,12/24/17
131,8790.4011953696,8046.42419115968,8464.4542383294,7868.37754062218,7331.64735972028,12/25/17
132,8992.05952734838,8231.37771782572,8740.85132923042,8049.40864506937,7500.10329648343,12/26/17
133,8966.73409815079,8206.70219447663,8586.13892961932,8008.05943096542,7461.8683503651,12/29/17
134,9053.51675529522,8286.26987938171,8738.63063548704,8107.51117599817,7554.41762059745,12/30/17
135,9016.89946573263,8252.6985458785,8672.05835443169,8064.1104983502,7514.02895318827,12/31/17
136,9146.79823695061,8371.7840273767,8918.80974589781,8224.90108058928,7663.66169177221,1/1/18
137,9495.19527985146,8691.09039755749,9538.92676523499,8643.45521324452,8053.2289929681,1/6/18
138,9305.62263660589,8517.30356564094,9172.0335823762,8404.42255980319,7830.78305017315,1/7/18
139,9313.78277772382,8520.93524012766,9082.25561333876,8370.0138012363,7802.36460395322,1/13/18
140,9338.55704841777,8543.60321817654,9113.38274852878,8394.92042539642,7825.57780486384,1/14/18
141,9228.55850831523,8439.17284655564,8932.75515335212,8271.36318672071,7713.90372753665,1/20/18
142,9229.68127846796,8440.19939725424,8933.6042676499,8272.4147309168,7714.8845175467,1/21/18
143,9263.68093351461,8471.29889740523,8976.55532021338,8301.22175890785,7741.74447390799,1/27/18
144,9233.29354312683,8443.51866218485,8955.79077761202,8273.06687011947,7715.48087412796,1/28/18
145,8984.42853836593,8214.2993993049,8760.51642481363,8039.50267923336,7499.21291805969,2/3/18
146,8954.28918985652,8186.74592464663,8739.92137607419,8011.57760917609,7473.16369906521,2/4/18
147,9340.74988485827,8537.82332428199,8870.72665784446,8225.09790575008,7797.52549520539,2/10/18
148,9262.5343344916,8466.35552062748,8837.6733891672,8179.68991078582,7731.44566991854,2/11/18
149,11167.5845956667,10205.1626509394,10097.962778926,9539.78042717568,9327.47515311043,2/17/18
150,11185.8183484527,10221.8220719426,10110.1076923878,9552.84135237318,9342.7813542416,2/18/18
151,10513.9629668869,9606.69971940383,9631.63838983137,9052.85401395115,8776.97281098194,2/24/18
152,10784.0042538604,9853.38190734648,9812.29377816127,9246.69537413465,9003.55775505906,2/25/18
153,11212.3254515589,10239.7938960722,10086.5258216834,9534.81382756472,9354.24093458426,3/3/18
154,11265.6706466696,10288.5070810427,10134.883785482,9577.67993346157,9398.81807160522,3/4/18
155,10506.1141940513,9632.09517472607,9483.68632543734,8999.65985360219,8798.15107136137,3/10/18
156,10589.4801047645,9731.05420045816,9585.83547896354,9087.8297941385,8888.66626052177,3/11/18
157,10288.3848925121,9370.48018254762,9213.65462790565,8763.7811985595,8558.9453557233,3/17/18
158,10377.5900305838,9485.23333619185,9333.27516300288,8866.34850162637,8663.89458870822,3/18/18
159,10622.2029353429,9675.88573763259,9516.89136072951,9051.77611371175,8842.76906626626,3/24/18
160,10594.6794953943,9640.21676656503,9479.67747435288,9019.88599459368,8810.1478092039,3/25/18
161,10153.3200704888,9263.17500225044,9050.99365423174,8639.9813978536,8427.35531211461,3/30/18
162,10154.2914532141,9263.8455495302,9051.93157847471,8640.78507702055,8428.17749640819,3/31/18
163,10200.1931785852,9295.53159487901,9096.25225651424,8678.76213739891,8467.02899815579,4/1/18
164,10408.4489422829,9436.92179885498,9295.82284074682,8849.76781094723,8641.97261285926,4/2/18
165,10209.6436517675,9298.47297318983,9099.78777751618,8682.18633092003,8472.41655054708,4/7/18
166,10117.73453235,9237.29091143668,9012.57330034316,8607.4348177291,8395.92255212811,4/8/18
167,10760.0145081698,9696.41245041914,9613.51792782205,9134.06736594594,8929.47902223333,4/14/18
168,10772.1275814662,9704.43475931137,9624.98129619212,9143.89375847296,8939.53565340348,4/15/18
169,10920.9631347644,9755.0477371012,9776.22005973086,9256.95744521901,9063.026718262,4/21/18
170,10922.4364482798,9756.02270037591,9777.61375414303,9258.15214123831,9064.24942954629,4/22/18
171,11067.0601366049,9829.90136972904,9940.82426229624,9390.71138068822,9203.36256906189,4/28/18
172,11045.7044368695,9815.77324522447,9917.64555222497,9370.84216707217,9183.02735453429,4/29/18
173,11114.9134800096,9859.50364079708,10025.2682901068,9458.72960628342,9275.02461898276,5/5/18
174,11115.2943608884,9859.80455846421,10025.7803265012,9459.16853340437,9275.47384062135,5/6/18
175,11022.1718354409,9786.23244004978,9900.59125867614,9351.85413599522,9165.64251066448,5/7/18
176,11009.7727950119,9788.54291835611,9834.46118544057,9303.93682032713,9112.48874198334,5/12/18
177,11031.9740461285,9805.97788447741,9864.27138166624,9329.49067628176,9138.64193480986,5/13/18
178,10811.7589142834,9603.34255614357,9681.11728088134,9152.70402627346,8968.57848563701,5/19/18
179,10781.9696434282,9580.70610187797,9641.42194918114,9118.66643083126,8933.73232465597,5/20/18
180,10665.9723684791,9500.28368090067,9460.63573459296,8968.371537732,8777.63749969636,5/26/18
181,10664.4522781856,9499.12858534382,9458.61015670267,8966.63466344948,8775.85936583978,5/27/18
182,10674.6013706952,9506.84074015107,9472.13420687437,8978.23114416316,8787.73132179061,5/28/18
183,10686.4714507385,9486.03318859772,9463.58532754306,8968.16071232901,8782.1282243252,6/2/18
184,10601.0652456825,9439.42668470854,9402.59056381004,8913.38286970649,8727.18955763941,6/3/18
185,10236.827022821,9229.09007428955,9141.94062911828,8676.96545511904,8491.09137300439,6/9/18
186,10274.2689912033,9250.53694719846,9168.95912821365,8701.39734632365,8515.5211696683,6/10/18
187,10026.0310140159,9058.80818892293,8964.68664148034,8510.52714051031,8327.43850924353,6/16/18
188,10013.0237490524,9050.63685849351,8955.10266045061,8501.74308991553,8318.7067558558,6/17/18
189,9873.94404699715,8934.37687154766,8832.26615327571,8387.19046264518,8207.2045633327,6/23/18
190,9895.02312625969,8947.6864708434,8847.81610122255,8401.45330638553,8221.3778299067,6/24/18
191,9930.84425099822,8942.60842921002,8851.58354018192,8403.71348454876,8226.83979744097,6/30/18
192,9984.76933556668,8983.21550738115,8895.05630551411,8444.29954260839,8266.8757396909,7/1/18
193,10190.3676377981,9152.83895045654,9069.37883993253,8608.45346281043,8428.16333675869,7/7/18
194,10166.5874826608,9134.57927126698,9050.00949320853,8590.33528415957,8410.30500571627,7/8/18
195,9849.55746241307,8870.51815736366,8779.81385861111,8335.6588468658,8160.16774974226,7/14/18
196,10015.9037569945,8999.01666678632,8915.73870523508,8462.87915754597,8285.53275115997,7/15/18
197,10850.0854891271,9632.04812071895,9590.69907824069,9093.57520769654,8907.53100753914,7/21/18
198,11091.280832217,9819.79824867446,9788.59113170319,9278.93472408559,9090.13029228524,7/22/18
199,11538.9619770027,10166.1730931225,10150.389894732,9618.89740790868,9426.21641978406,7/28/18
200,11547.7133663829,10172.9901445467,10157.5696762522,9625.6238968197,9432.84335353366,7/29/18
201,11186.4402234119,9877.95529854605,9853.25339489156,9339.26195889198,9151.30618398889,8/4/18
202,11185.3564787343,9877.11109622839,9852.36427321379,9338.42897155257,9150.48552524916,8/5/18
203,11092.0170080618,9793.28101010973,9761.15923343458,9254.5140910943,9070.32816818769,8/11/18
204,11092.5730040477,9793.73294370273,9761.45672133088,9254.96002088311,9070.76749800842,8/12/18
205,11021.8565610568,9722.66885907527,9685.44658855636,9184.93086216197,9004.73694409208,8/18/18
206,11059.5366343405,9754.43456897389,9717.43822998214,9215.38075994426,9034.65766789495,8/19/18
207,11261.0680736641,9932.82492593344,9889.30080512733,9380.12157085001,9197.58035337907,8/25/18
208,11250.1905073455,9923.65243555715,9880.02252503889,9371.33878438795,9188.94773653112,8/26/18
209,11422.8659641711,10069.2614351291,10027.3273329013,9510.75670913929,9325.98318806971,8/27/18
210,11456.1616789495,10092.9422849949,10052.9123221647,9534.7352909149,9349.77799323284,9/1/18
211,11463.2180548786,10098.8926448074,10058.9332466775,9540.43228835787,9355.37773774462,9/2/18
212,11077.1085473311,9772.05882624586,9728.68392313336,9227.88378828418,9048.22861716954,9/8/18
213,11068.2375465876,9764.57826584902,9721.11465154611,9220.72174518162,9041.18883666091,9/9/18
214,11199.1150460318,9874.66443510696,9833.77451638297,9327.41636350614,9142.16673349739,9/15/18
215,11097.9528125276,9787.26972011017,9772.3745238458,9269.32608766834,9060.67241531075,9/16/18
216,11265.6952170441,9931.62567525444,9874.69990205532,9368.25525131409,9193.82916726097,9/22/18
217,11204.9298540089,9878.74571223568,9832.92879599259,9328.68503605222,9144.65401777195,9/23/18
218,11127.5615712936,9810.32652502181,9760.25315087569,9259.72324810058,9081.37998803723,9/29/18
219,11136.7275183768,9818.30302542565,9766.55397306537,9265.69208430995,9088.79764828822,9/30/18
220,11113.2616114484,9797.68686950708,9746.93212359521,9247.08343283756,9069.68885980031,10/6/18
221,11136.2970135385,9817.73301339246,9762.76703637848,9262.08401497551,9088.33055442274,10/7/18
222,11164.1691130459,9843.37841921541,9840.30293699966,9337.89265368488,9108.68672063223,10/13/18
223,11211.2690637173,9884.36630318884,9872.68021472456,9368.5639949523,9146.80295987612,10/14/18
224,11203.9768584268,9877.32054447782,9855.55906234729,9352.27009137311,9140.4784034517,10/20/18
225,11195.7292996769,9870.14325498414,9849.88955534372,9346.89930678764,9133.80396073978,10/21/18
226,11216.2057358541,9888.74011415367,9877.41913858317,9373.06154516931,9150.84505243281,10/27/18
227,11193.2844618743,9868.79328820135,9861.66267933274,9358.13528290161,9132.29571744767,10/28/18
228,11202.1032977485,9876.60037232265,9870.01994230178,9366.0663952518,9139.51269655171,11/3/18
229,11215.9688107576,9888.66658535152,9879.55132310145,9375.09557416364,9150.73354081082,11/4/18
230,11039.1400823791,9732.16135362663,9713.17292913303,9217.17511060119,9006.0865081236,11/10/18
231,11056.2439509173,9747.07472074316,9725.34239851704,9228.71096364552,9019.93911002842,11/11/18
232,10885.4896260893,9596.95835143303,9612.65738114428,9123.4197664747,8877.66378410872,11/17/18
233,10860.3798328945,9575.06438263305,9594.79166504382,9106.48424784499,8857.32710014375,11/18/18
234,10724.2529077675,9455.83059389718,9469.43784597931,8988.33104781351,8745.98025590902,11/24/18
235,10733.3879204585,9463.79478844894,9478.1091928742,8996.55763959986,8753.36901861494,11/25/18
236,10908.5962864353,9613.45055835428,9620.40405975623,9134.63250850885,8887.81127775959,12/1/18
237,10894.1160253899,9600.72477952856,9607.39895189507,9122.2806812587,8876.04163382441,12/2/18
238,10795.2690110038,9513.01661081388,9495.03333826967,9017.11628516434,8793.81584430331,12/8/18
239,10803.4288278718,9520.18775395796,9502.36188698592,9024.07670169482,8800.44819290609,12/9/18
240,10760.3032489913,9482.20630775593,9466.31631961358,8989.84957701149,8765.32821961506,12/15/18
241,10782.5829874252,9501.77590469395,9491.12341100924,9013.42186978202,8783.41499395799,12/16/18
242,11336.1046311328,9988.5893646762,10067.8836053408,9561.38767532847,9233.33983981899,12/22/18
243,11317.8636421045,9972.56916135627,10046.7064837652,9541.26301577596,9218.53577307956,12/23/18
244,11238.4057462836,9902.78502605273,9954.45877080803,9453.5998359084,9154.04913856218,12/24/18
245,11242.3011409315,9906.20616808473,9958.98118162218,9457.89749164346,9157.21057253123,12/25/18
246,11250.0351885085,9912.99861856411,9967.96012818894,9466.4302019153,9163.48738988572,12/26/18
247,11326.214731666,9975.50418286508,10013.7161624821,9509.84004654291,9221.283421463,12/29/18
248,11330.5717135358,9980.38292060056,10020.1672028256,9515.97048598358,9225.79179637938,12/30/18
249,11322.4947675307,9971.33874680321,10008.2083041916,9504.60591531762,9217.43419888222,12/31/18
250,11347.7566375313,10000.453911545,10046.7077340096,9541.19201983984,9244.33912208018,1/1/19
251,11437.0479303891,10080.7147565951,10129.8063910106,9620.11579446383,9318.52922853665,1/5/19
252,11479.7581520469,10132.5039022034,10198.2913770102,9685.19725427642,9366.3868566882,1/6/19
253,11372.9999452289,9999.78142931713,10021.4172654729,9517.11065676207,9243.74118487017,1/12/19
254,11362.6742567476,9987.10923649653,10004.6596063353,9501.18580947422,9232.030988476,1/13/19
255,11310.89138084,9964.97661475731,10008.0903260517,9504.51003868359,9211.54706044009,1/19/19
256,11271.2674106008,9915.70206309568,9942.92904292616,9442.58709951306,9166.01313755375,1/20/19
257,11439.6455511004,10052.431445379,10067.7563666401,9561.10124559597,9292.41674679045,1/26/19
258,11435.4306238649,10047.1899552264,10060.8249545356,9554.51430639645,9287.57315917033,1/27/19
259,11492.182716375,10085.5570953583,10086.7898036046,9579.1402801884,9323.05154674099,2/2/19
260,11474.6350677737,10063.6607361037,10057.8336922559,9551.62321105497,9302.81742814675,2/3/19
261,11525.0972717505,10145.3925449243,10180.1615176374,9667.8995492744,9378.33093194664,2/9/19
262,11532.1626571384,10154.2057600763,10191.8162567733,9678.97507866687,9386.47510051495,2/10/19
263,11636.7972559342,10222.7258878458,10235.1128651982,9720.02734231388,9449.83914609775,2/16/19
264,11661.5352815949,10253.6307281806,10275.981986778,9758.86537663171,9478.39787564182,2/17/19
265,11956.7157500778,10604.4320454526,10726.1393595035,10186.6242061299,9802.58169054949,2/23/19
266,11814.1363073384,10426.2389818597,10490.4935325772,9962.68935346617,9637.91597968714,2/24/19
267,11506.4210031846,10190.4749001789,10291.801721722,9774.09336165096,9419.94081588188,3/2/19
268,11500.803187835,10183.4538618818,10282.5169698801,9765.2700374154,9413.4527728634,3/3/19
269,11593.484389298,10275.3281026187,10385.8053065795,9863.38957608935,9498.37000108838,3/9/19
270,11585.5086970416,10265.3597684091,10372.6229951457,9850.86239066272,9489.15840325525,3/10/19
271,11709.4504199419,10378.3723883783,10490.2401767706,9962.57199849449,9593.62242964398,3/16/19
272,11697.7352358512,10363.730290039,10469.4809152934,9942.84441739826,9580.09187192997,3/17/19
273,11803.1859017641,10450.0457486005,10548.6679273659,10018.0283994296,9659.88804957799,3/23/19
274,11798.110526004,10443.7023441424,10540.698722603,10010.4552430625,9654.02619848704,3/24/19
275,11685.6713200887,10362.5349897182,10448.894458078,9949.27346618108,9576.1623456128,3/30/19
276,11685.47201469,10362.334043004,10448.7431608793,9949.05808254673,9575.97669749764,3/31/19
277,12631.2010576082,11290.914848396,11114.8304757197,10927.296385124,10433.854919682,4/6/19
278,12774.4222174373,11431.7629431376,11211.6273261292,11076.0212503272,10563.9758633278,4/7/19
279,12511.9618150977,11192.2573503842,10987.8486488556,10834.9752674984,10338.051322119,4/13/19
280,12566.3773197277,11243.6764049688,11026.3631866961,10887.4854366328,10385.5473278202,4/14/19
281,12599.9862540887,11282.0859235772,11066.1587664458,10932.9509296198,10420.9686880334,4/19/19
282,12630.526530137,11310.7633773192,11093.8682866194,10962.0616789617,10447.4494523512,4/20/19
283,12604.5237206604,11286.346624676,11070.275658556,10937.2760068328,10424.9030199528,4/21/19
284,12694.2078780151,11370.5676971309,11151.4029753614,11022.7766625754,10502.6731203328,4/22/19
285,12701.0454125277,11372.8281234144,11149.0946552656,11021.1412175515,10504.792843534,4/27/19
286,12715.3263510831,11386.2179619898,11162.7257579243,11034.7138654889,10517.1560511569,4/28/19
287,13162.6895871405,11804.9053858623,11590.1055553344,11458.3956699615,10903.7445463054,5/4/19
288,13106.6967078017,11752.4147239839,11536.3785196663,11405.1965358337,10855.2788760379,5/5/19
289,13071.9081704514,11719.802124438,11502.9977575205,11372.1437604369,10825.1670153831,5/6/19
290,14830.4637919463,13362.3462548215,13179.0643524723,13031.1616026002,12341.8055185572,5/11/19
291,14591.9841995057,13138.7851865067,12950.1608715971,12804.5852613432,12135.3872528952,5/12/19
292,14971.9690812509,13498.1831351485,13362.7380037428,13213.1515017146,12464.9945408212,5/18/19
293,15653.1183615641,14059.8332741462,13820.0681475009,13665.8018897422,12983.5490356829,5/19/19
294,15529.3373051468,13955.2734710105,13730.2484842846,13579.1153588258,12884.3483650225,5/25/19
295,16133.6033894509,14442.2069239967,14117.6347639324,13962.6468662176,13333.7850228554,5/26/19
296,16157.5954427395,14461.5242312756,14132.9895153284,13977.8490514098,13351.6145124099,5/27/19
297,16156.9246674037,14504.1123618514,14243.6486253694,14088.2155718988,13389.5596382131,6/1/19
298,16260.3581146117,14587.3922570149,14309.8453301205,14153.7545401818,13466.4253213789,6/2/19
299,16003.3011219478,14402.5485735259,14171.7757800106,14020.6824361026,13292.7656348637,6/8/19
300,15900.4801365918,14298.2428745981,14081.0997636123,13930.9076627027,13196.5244502893,6/9/19
301,16924.8450111967,15302.6065773117,14998.4693046381,14838.9900244417,14123.244439937,6/15/19
302,17043.9566155196,15420.7907093651,15105.5703435632,14945.0156262204,14232.287018833,6/16/19
303,18628.6944396542,16919.4395368815,16550.7670197632,16338.547551667,15613.1216961773,6/22/19
304,18745.3897452551,17035.1560442942,16661.8188901506,16442.4101429104,15719.8699296681,6/23/19
305,20295.3188015755,18524.99711512,18084.3375201273,17799.3443567485,17089.6738476625,6/29/19
306,19838.4559653826,18095.1869664473,17667.6358812418,17396.6749789396,16693.2107372015,6/30/19
307,20286.693932122,18511.2953209537,18071.8940934305,17790.5274434696,17076.9471729292,7/6/19
308,20423.9962268833,18639.3040110426,18196.2298347887,17911.3450494224,17195.0228322149,7/7/19
309,20832.9723208245,19015.8148020766,18554.7994182864,18263.1973716687,17539.9595292943,7/13/19
310,20408.9666071607,18624.1114812638,18173.675623074,17890.7815210872,17178.6785209421,7/14/19
311,21262.0726689384,19406.0949161384,18931.7295736852,18635.3986335128,17898.7399368387,7/20/19
312,21021.318387803,19184.9653522085,18716.3434441827,18424.1897097558,17694.7975557561,7/21/19
313,20174.0608424497,18403.8081972149,17944.4540352383,17670.3809381337,16970.9281742612,7/27/19
314,20127.3189207694,18360.9069778547,17902.7264446087,17629.4370056984,16931.3808073568,7/28/19
315,21732.9007879913,19827.8552661238,19324.8906723391,19029.4340248217,18281.870681884,8/3/19
316,21952.1903077787,20028.6890340694,19520.4225410833,19221.5347912557,18467.0330734266,8/4/19
317,22765.3346999028,20766.1770780009,20276.133785909,19917.4274989492,19141.8022677834,8/10/19
318,22991.9434022971,20973.3556311692,20458.4362595665,20115.7659874035,19332.7753383122,8/11/19
319,22232.8541977998,20274.7668304391,19838.0504144249,19436.9988708541,18684.1952392586,8/17/19
320,22271.8797050927,20310.4106668152,19867.6189132402,19471.1067370727,18717.0363114717,8/18/19
321,22619.4888393981,20621.6527441375,20111.4521424611,19666.4123315184,18975.9292516737,8/24/19
322,22618.0344830525,20620.3246458836,20108.9169137032,19663.4699473555,18974.6365929733,8/25/19
323,22655.5116153357,20654.5482487149,20174.2469160884,19739.2918879925,19007.9469582486,8/26/19
324,22476.0503648405,20490.8040327157,19941.7795631323,19486.2959622637,18861.8675658122,8/31/19
325,22486.167692936,20500.0430378733,19959.4160531288,19506.7648563207,18870.8600333235,9/1/19
326,22472.0362246775,20487.3798245628,20090.3626569884,19699.0689573747,18929.1653281922,9/7/19
327,22433.379775852,20452.1014019065,20032.2954521979,19631.6471632791,18884.9805081994,9/8/19
328,22274.2803204466,20305.3393168445,19889.4524927181,19497.8590966026,18753.8721943409,9/14/19
329,22261.582440749,20293.7552085079,19870.692392813,19476.0692566282,18739.0598423439,9/15/19
330,22475.5850368304,20488.7440957221,19970.9157481965,19532.5268427849,18867.9412088118,9/21/19
331,22478.0731310315,20491.0174060088,19974.79282158,19537.0236976592,18870.6598438546,9/22/19
332,21824.7212941771,19888.3624400875,19255.6686198558,18788.3972157143,18251.4487331736,9/28/19
333,21817.1866645686,19881.489247059,19244.5688425215,18775.5038203927,18242.630150956,9/29/19
334,21691.3280801358,19760.876232648,19150.693801372,18680.470978983,18122.3193125357,10/5/19
335,21518.6878021047,19603.604206179,19021.7609350899,18546.9772903787,17972.1270343965,10/6/19
336,21940.2114349761,19983.7984361338,19258.5232659881,18864.4232611128,18329.1978731193,10/12/19
337,21917.1263455059,19962.7698857926,19243.5990196558,18845.8229890873,18309.507010592,10/13/19
338,21614.4893747723,19687.0947784418,19051.6122918099,18602.7964834668,18051.1148006565,10/19/19
339,21907.2018850944,19953.7093165677,19240.1287600262,18838.799862835,18300.6380041104,10/20/19
340,23283.1569667494,21206.7029737568,20119.4823810369,19950.824804658,19471.4070395951,10/26/19
341,23697.0436270676,21583.6116045835,20383.5036661012,20285.080584272,19823.6911391452,10/27/19
342,23402.4044389887,21312.1746452481,20247.0552692389,20051.7540339018,19563.0664807539,11/2/19
343,23333.632442934,21249.5478252723,20203.2135036798,19996.2074140279,19504.5364347809,11/3/19
344,22850.7498566631,20805.3660415667,19722.6152147748,19560.3011947428,19095.6575531612,11/9/19
345,22944.0096639302,20890.2669489968,19791.504654167,19637.6109812527,19174.3432326127,11/10/19
346,22616.2655671005,20591.9440926454,19555.571990821,19367.3347478105,18897.502468644,11/16/19
347,22627.8078456757,20602.4511859937,19564.3528906455,19376.9566411781,18907.222572511,11/17/19
348,22308.5341116831,20311.7839941029,19307.6112715378,19107.7663077732,18639.2180132824,11/23/19
349,22286.7920563066,20291.9919050508,19291.0707930701,19089.6416595884,18620.9083671268,11/24/19
350,22508.8281114597,20491.7728670866,19485.3058462929,19297.0756011121,18828.712362301,11/30/19
351,22271.2766985898,20275.5365744237,19318.4816548208,19116.089098902,18646.4630386183,12/1/19
352,22367.57532622,20363.1955338489,19387.7498767218,19190.5447660874,18721.2114050412,12/7/19
353,22383.8826340109,20378.0396121788,19399.2019384227,19202.9690348462,18733.7223633221,12/8/19
354,22018.7518747251,20045.7026461678,19191.1182422384,18956.8087909924,18479.1639579887,12/14/19
355,22042.934237759,20067.7151632356,19208.1006845328,18975.2329344139,18497.7166546649,12/15/19
356,22378.893645056,20373.533096086,19440.1992936876,19221.7097611712,18744.1703283927,12/21/19
357,22818.1016518216,20773.3273501522,19732.7952116952,19539.1126893658,19063.7773392937,12/22/19
358,22632.1844681809,20599.7063852706,19686.541144504,19455.4271589789,18970.932302609,12/24/19
359,22581.055912673,20553.1660245973,19652.5105789573,19418.5114639315,18933.7602823424,12/25/19
360,22582.5376441419,20554.5147878529,19653.4968020058,19419.5812994961,18934.8375463418,12/26/19
361,22695.8659551547,20657.6795321675,19738.9196870435,19508.1532066855,19022.6846388073,12/28/19
362,22770.2083036757,20725.3505171796,19788.4010803491,19561.8296589115,19076.7337950653,12/29/19
363,22651.9131835426,20617.6950841014,19747.6382336948,19502.0568490512,19011.4546486961,12/31/19
364,22658.4133983794,20623.6119800503,19751.9647002823,19506.750115784,19016.1805032651,1/1/20
365,23146.623293939,21064.4120267556,20207.3876550967,19945.7611457128,19442.2108807893,1/4/20
366,23149.8062421507,21067.3080261547,20209.5008747316,19948.054561749,19444.5212677033,1/5/20
367,23571.7416448752,21446.2238323374,20389.9583580553,20184.0344279764,19698.4201989459,1/11/20
368,23678.620726055,21543.4417010445,20469.081423005,20266.5427906673,19780.4559018383,1/12/20
369,24654.7987799286,22431.3858765951,21239.1198564262,21052.1352669112,20555.6276408421,1/18/20
370,24400.1399156156,22199.7567154309,21040.4852543956,20848.71631837,20354.6313517753,1/19/20
371,24257.6541436126,22070.2363856274,20954.4590012446,20751.8834137353,20255.8770510499,1/25/20
372,24435.8226469517,22232.2922786246,21093.632464544,20894.3387510774,20396.6115615768,1/26/20
373,25617.3981838427,23304.0349809484,22022.916749381,21842.9449577946,21334.6965872665,2/1/20
374,25501.314108508,23198.4509873858,21928.5046312329,21747.6055434435,21240.9577555608,2/2/20
375,26669.4242195786,24260.8968385227,22881.4200062165,22708.9169684359,22185.7956927613,2/8/20
376,27176.8444944005,24722.4187857386,23295.8791854738,23126.8555683404,22596.5107000262,2/9/20
377,26811.1946877067,24388.0970548428,22982.2345668447,22815.3285908422,22293.1162635134,2/15/20
378,26856.3611659273,24429.1777068609,23019.7393508753,22852.9443547998,22330.0103624125,2/16/20
379,26936.4017438078,24496.5858742182,23099.5123590773,22927.1067223321,22403.7809234783,2/22/20
380,27216.6704053543,24751.5003953101,23333.4132527559,23161.3153663346,22633.3606615619,2/23/20
381,26370.3910468081,23978.0862039391,22603.9535341755,22440.2824840198,21931.9625097563,2/29/20
382,26612.7627546009,24198.4529602445,22804.9987421752,22640.8175980109,22128.3046065791,3/1/20
383,26861.9115959823,24425.1208474638,23037.0691491368,22867.9590548164,22349.0648162438,3/7/20
384,26294.7781687073,23909.5035693466,22562.8787062046,22395.2123135953,21886.2743997615,3/8/20
385,25379.746252933,23075.3948610992,21744.9718651697,21589.9556953943,21102.9448813963,3/14/20
386,25698.4294773905,23365.1194911333,22014.5411029536,21858.2091588366,21365.3786406282,3/15/20
387,28427.0687589416,25836.2630763128,24306.3378185823,24144.4120853124,23609.5142772951,3/21/20
388,27614.0644689908,25097.4002319858,23615.7387788547,23457.6099074881,22937.6119128129,3/22/20
389,29547.6684137072,26850.3913470016,25251.0232902796,25086.3436482,24534.3497470404,3/28/20
390,29367.159031191,26686.3519178689,25097.6053226266,24933.7816960871,24385.0971350103,3/29/20
391,30875.912574865,28053.3046057628,26365.6866001596,26198.469606851,25626.0814486224,4/4/20
392,30654.7830406441,27852.4105416444,26177.6295072132,26011.4653613749,25443.1007402819,4/5/20
393,31517.0779392581,28636.0158336219,26915.9552099328,26744.7220511454,26160.1169510304,4/10/20
394,31543.7763822306,28660.2703306023,26938.6757093636,26767.312935243,26182.2213602362,4/11/20
395,31578.3418500659,28691.6717136754,26968.0910836266,26796.5605014196,26210.8391057057,4/12/20
396,31494.422070984,28615.4338585156,26896.6749604158,26725.5517911104,26141.3595057458,4/13/20
397,31965.5731284587,29043.3181356263,27294.8081299191,27121.9453315539,26529.4888271439,4/18/20
398,31689.1992482481,28792.2451282299,27059.575736459,26888.060780004,26300.641788101,4/19/20
399,32878.5951473101,29872.8256267759,28073.4188249935,27895.8127131157,27286.5467151538,4/25/20
400,33286.8896580269,30243.7422635526,28420.9381502548,28241.3401361653,27624.6318943262,4/26/20
401,37547.4724704044,34108.970926587,32051.9326331819,31854.8507749548,31145.0469156918,5/2/20
402,37302.6640806206,33886.5804949053,31833.8086880524,31638.0206591578,30942.1728988119,5/3/20
403,40718.3363125422,36987.094941703,34842.5551724418,34630.1377437463,33769.2202056035,5/8/20
404,39730.3031764078,36089.5973395383,33979.2553550301,33772.0286366497,32950.1238507886,5/9/20
405,38476.0571506644,34950.2804892619,32883.3504451503,32682.7130075796,31910.3324610514,5/10/20
406,39946.8788145905,36278.0904308867,34126.5774180601,33925.9882396858,33114.8334997525,5/16/20
407,40540.3108232099,36817.1012458337,34639.3813764127,34435.7208702886,33606.8260642711,5/17/20
408,39465.6156766254,35914.7288317971,33770.2431127563,33576.6105621136,32778.2700567316,5/23/20
409,38685.3596375581,35233.5480582946,33126.8813270515,32936.9371843388,32156.6159095682,5/24/20
410,38916.6160329737,35435.4400045522,33317.5642824671,33126.5269499807,32340.8650407124,5/25/20
411,40418.5707907853,36749.3059597003,34534.5470404917,34343.9832320966,33532.6720072789,5/30/20
412,39939.0709872998,36329.5445018681,34138.7255501839,33950.3498964595,33149.6664441722,5/31/20
413,40148.4742610717,36479.601273261,34240.4779429004,34110.7766087557,33307.9405994968,6/6/20
414,40333.8792170308,36644.9682412879,34378.1481881629,34257.2282804539,33450.6652181308,6/7/20
415,39758.5872380543,36121.7909924598,34017.5391635257,33811.2454146348,33028.7111198168,6/13/20
416,39448.4871066484,35843.0281454412,33781.5108052989,33561.6489910926,32785.1935263199,6/14/20
417,39666.9929052445,36046.1569557895,34048.1187701495,33781.7822349814,33000.6110821438,6/20/20
418,39353.0770229424,35763.3104526611,33807.4551624184,33527.7195689554,32752.6555622042,6/21/20
419,39005.5861250399,35436.105883718,33589.2571817652,33203.055233327,32447.2333150095,6/27/20
420,39023.1277766979,35451.8930156866,33603.4060236961,33217.1181644899,32460.9313206055,6/28/20
421,39171.0242776146,35587.0115733305,33764.366335772,33347.8151423581,32588.6830902077,7/4/20
422,39113.6094806446,35535.0720877781,33723.7417644626,33300.3316321354,32542.2961361052,7/5/20
423,39305.3132067248,35703.4334823202,33993.5088123271,33545.0001168713,32781.3766128763,7/11/20
424,39381.2536895554,35772.2232179459,34040.1244773601,33599.7708560684,32834.8871282122,7/12/20
425,39205.9753456263,35605.5205722527,34004.3713355213,33491.1197413114,32734.4000819134,7/18/20
426,39236.3439371086,35633.0295806436,34023.0129353018,33513.0225544337,32755.7989316398,7/19/20
427,40894.219889594,37140.5871360272,35481.7850387772,35124.301345892,34330.5631728052,7/25/20
428,41220.9705823798,37436.6421509815,35736.9539830974,35343.167639032,34544.4837689975,7/26/20
429,44951.413442529,40817.6914878446,38733.2445549148,37916.1321966706,37059.3833727694,8/1/20
430,43887.5340209755,39853.7330268054,37885.5881315125,37208.6993860624,36367.9063747174,8/2/20
431,45565.8310255985,41373.3618577778,39331.1917309269,38666.8085086155,37796.5692815065,8/8/20
432,45487.6363051654,41302.5111339348,39268.7718935283,38614.8486011901,37745.7810947732,8/9/20
433,45021.917069103,40868.7222383535,38789.3079758583,38077.7985337039,37231.0796013032,8/15/20
434,45085.44308502,40926.3231914198,38842.1509209881,38126.187439956,37278.4017069973,8/16/20
435,44718.6072803272,40577.836263968,38463.2790403032,37764.8398416043,36954.333484319,8/22/20
436,44679.9285880894,40542.7657579751,38420.7122999589,37724.5339871344,36924.3476809563,8/23/20
437,44901.4194980173,40736.6282445432,38442.8689323874,37773.1271174951,37114.5504368683,8/29/20
438,45152.4674218431,40964.2053383013,38734.9684289956,38051.0562653341,37310.5095023297,8/30/20
439,45098.9473882018,40915.6889692818,38672.6967533457,37991.8055170485,37268.7336707834,8/31/20
440,43666.9157455116,39616.7549668198,37320.2023511417,36678.8931053847,36105.4710309924,9/5/20
441,43715.4668309768,39660.7595923693,37377.6886497891,36733.677920432,36143.4471530104,9/6/20
442,44281.3755427983,40169.8243269097,37797.4764255506,37156.6938072414,36608.868023938,9/12/20
443,44234.6205510236,40127.4476037961,37742.1167689194,37103.9356958135,36572.2967865377,9/13/20
444,43655.1559431881,39599.4961934933,37418.0063991181,36769.0068029692,36066.4031075215,9/19/20
445,43568.4671119815,39520.9583540279,37315.0309448989,36670.7913636303,35998.6085178185,9/20/20
446,42612.3297880657,38651.5710262203,36509.6404923702,35879.6347552844,35201.993347175,9/26/20
447,42630.9862776189,38668.4679512844,36531.7828921163,35900.7610062158,35216.575092038,9/27/20
448,43382.3486728502,39350.4324487099,37081.9693842591,36451.0302210348,35850.000255647,10/3/20
449,43420.0522958143,39384.576269392,37126.7041510916,36493.717305602,35879.4630269833,10/4/20
450,43734.1620008159,39649.5990996436,37356.3478742763,36733.5024696143,36242.2456663367,10/10/20
451,43753.2415673875,39666.8804886659,37377.3862218578,36753.6982469753,36254.6720861895,10/11/20
452,43351.5076656772,39302.6213282738,37041.7701335849,36422.9069670861,35902.1671066293,10/17/20
453,43445.2418587966,39387.5150675637,37132.6559679522,36511.1811207032,35936.3555365051,10/18/20
454,44999.4436823418,40781.3827188475,38525.4700821511,37881.6209031138,36675.4919479,10/24/20
455,44857.4412717685,40652.7633262297,38398.6453282968,37757.4318394225,36587.9726934152,10/25/20
456,45849.8435868159,41645.0980758168,39351.8122714248,38697.4993788986,37280.811891064,10/31/20
457,45769.9891752845,41549.6865879158,39260.2324152233,38607.5740168043,37203.9855141187,11/1/20
458,47615.4419328225,43857.5078183958,41480.4118948966,40787.2101982203,39028.8128418893,11/7/20
459,48430.9880944131,44796.8104797344,42380.448128175,41671.144141277,39792.5047765465,11/8/20
460,49478.6212884114,45895.1522701837,43427.518234171,42699.963694801,40718.6732083684,11/14/20
461,49275.98226757,45664.5997252773,43206.7330760441,42483.115292651,40530.6083497048,11/15/20
462,54627.4870767685,51116.6848535655,48355.7109733545,47539.2755668476,44833.2832609171,11/21/20
463,53984.8015849559,50498.8996115165,47788.1628119514,46981.833310571,44349.0849795184,11/22/20
464,52565.1661639616,49160.4657212621,46448.0542526284,45664.081649904,43057.7023362351,11/28/20
465,53323.405101017,49878.6619558832,47090.7899960002,46295.3791402314,43606.4610700617,11/29/20
466,56086.2675142084,52452.2556223075,49493.4800641848,48675.4784089359,45874.2652013451,12/5/20
467,56323.8037855307,52674.7088767071,49688.7724038123,48867.3586880921,46041.5883354854,12/6/20
468,55093.4649862047,51514.5926465953,48594.3945572864,47799.1036724882,45064.9033540722,12/12/20
469,55335.0505738527,51740.6572579254,48793.1431269415,47994.4675188782,45235.9839596547,12/13/20
470,60798.1405411587,56850.3190628592,53375.7515125855,52500.5711463465,49273.0966888462,12/19/20
471,60376.665440803,56456.0893860258,53028.8932584263,52159.5388866881,48973.7890972612,12/20/20
472,60250.1789670087,56331.9793110622,52894.0745978839,52031.983075792,48856.5982778023,12/24/20
473,60810.3728232842,56855.8262517239,53354.6432436154,52484.9299210789,49254.2471189621,12/25/20
474,61956.8272197679,57927.8358889068,54297.0116415798,53411.7541140055,50067.9729914924,12/26/20
475,61825.0694623751,57804.6348450325,54188.7122604821,53305.2402166116,49974.4558154286,12/27/20
476,62362.2627829778,58306.9386039667,54630.2535826843,53739.5043751633,50355.7339217824,12/28/20
477,65296.2869273653,61050.2212791709,57165.8167500758,56233.6304357989,52662.1883526082,12/31/20
478,65590.6711786983,61325.4807414613,57407.7660086141,56471.5964521061,52871.1239068409,1/1/21
479,67616.7711456198,63219.9476239314,59072.9596228442,58109.3814684412,54309.1146846976,1/2/21
480,68201.4961336236,63766.6830208443,59553.525794343,58582.0383152043,54724.1125612243,1/3/21
481,72366.7922848556,67644.7573192816,62820.3622873404,61810.7093752595,57483.6827960128,1/9/21
482,70962.9416330374,66332.4109662307,61644.9540259017,60654.3330583498,56446.888612239,1/10/21
483,70906.4837532396,66269.8724357707,61381.9955008062,60395.8126089287,56215.791094743,1/16/21
484,70802.4107732544,66172.612177377,61308.5948747873,60323.5851320056,56149.9659803823,1/17/21
485,69842.4430939555,65275.5811351745,60793.9633687301,59817.0927926719,55702.2478653356,1/23/21
486,69936.3906618349,65363.3770776532,60859.4104945182,59881.4949653221,55761.0161877116,1/24/21
487,72556.6434566126,67812.0759144369,62723.4887701259,61715.7918246589,57438.6309170145,1/30/21
488,71116.606284372,66466.3328459647,61720.9735942252,60729.2822869707,56538.3584313542,1/31/21
489,78739.8317450382,73784.454913652,67069.85089507,66012.3859715686,61373.0216989941,2/6/21
490,78310.7515075677,73314.7731561733,66693.1301735184,65641.5745897018,61032.0275652136,2/7/21
491,88134.3695918004,83664.81305462,75169.8422847472,74001.4133443968,68753.1870700943,2/13/21
492,89405.8163426761,84936.3699720381,76263.0610849996,75077.672594797,69749.395720326,2/14/21
493,99720.5404766613,95105.8989104968,85105.2616065265,83782.9744263709,77815.4233701031,2/20/21
494,101958.299877397,97306.172856607,87022.7157556515,85670.7401812053,79564.9032878944,2/21/21
495,92253.3667486547,88275.2532317835,79065.8760745884,77840.575919226,72305.4817350723,2/27/21
496,91756.1180366556,87675.6726033968,78542.964902698,77325.760218976,71828.3457038234,2/28/21
497,93740.7204219336,90537.2470289629,81031.2737284735,79777.5571708122,74101.1728939577,3/6/21
498,96589.744935585,93635.3326613312,83725.4954774026,82430.1413166826,76562.9313920235,3/7/21
499,112770.461810955,110467.73426651,98606.9846108223,97082.8482540646,90166.8565856263,3/13/21
500,109797.601193728,107391.886900689,95879.2589827264,94397.2583817721,87673.5730733977,3/14/21
501,108563.8063111,106050.719518115,94622.6449926621,93183.1659048302,86568.0965482206,3/20/21
502,108128.073402108,105602.223363675,94224.4303951621,92791.102307641,86204.0934644055,3/21/21
503,107101.94938718,104521.814154387,93134.9619875879,91760.4611815449,85286.0650252956,3/27/21
504,107028.759313494,104448.774745749,93070.0674647826,91696.5130602398,85226.6285398132,3/28/21
505,110485.659951828,107864.989784449,96384.8763046603,94973.9990270617,87991.1852860869,4/2/21
506,108036.784106514,105453.816175051,94359.1775157372,92977.6938953627,86026.2982500189,4/3/21
507,109042.481458983,106444.051234081,95191.248787182,93797.6914249109,86833.247865103,4/4/21
508,110064.656136588,107448.925677661,96024.7373244503,94619.0910752668,87652.2643549925,4/5/21
509,110459.273863492,107838.942914182,96280.822190998,94871.5594533561,87969.8878524929,4/10/21
510,110638.773527262,108015.24711919,96425.9738330339,95014.6063677625,88113.5971141779,4/11/21
511,111754.25180486,109095.939655496,97501.3366893961,96074.0568967065,88996.0606150826,4/17/21
512,110531.707930857,107895.370666704,96514.3592455394,95101.3900829008,88017.4332921361,4/18/21
513,109626.560840954,107006.904983755,95778.8307166995,94376.5351362713,87293.1694301982,4/24/21
514,109568.36506142,106949.755257129,95731.848417782,94330.2340548456,87246.5846154168,4/25/21
515,116664.34338409,113908.446053183,101554.418722076,100068.196613093,92919.8710014108,5/1/21
516,115231.19419301,112501.268895923,100399.047541025,98929.5769369892,91772.8115085659,5/2/21
517,115659.241786484,112921.559260323,100744.129446452,99269.6555661179,92115.4109103175,5/3/21
518,119235.014616705,116395.499359034,103787.133261356,102268.211581703,94948.7936178701,5/8/21
519,118330.955406239,115545.410490094,103089.165421449,101580.363442143,94255.8442266209,5/9/21
520,111486.655681908,109144.342324146,97892.7313163238,96459.1696851122,89038.5149635866,5/15/21
521,111397.785579014,109060.777570447,97824.1202419261,96391.5533893757,88970.3972087009,5/16/21
522,111194.931491483,108899.273685907,97721.4308603665,96319.1314429671,88810.5435533938,5/22/21
523,110332.553613778,108092.890191101,97060.4633645795,95667.3807043164,88153.5897661355,5/23/21
524,110926.647760749,108595.913626585,97336.3360378645,95975.5194037796,88531.1334568628,5/29/21
525,111245.399696848,108898.471853555,97592.0868171857,96227.7163682063,88777.66834908,5/30/21
526,112268.056887801,109873.415429811,98423.0927449259,97047.3564144817,89571.9662300937,5/31/21
527,110769.317497458,108389.957132239,97042.6792726991,95704.3920139062,88346.7279679346,6/5/21
528,110948.099424629,108562.568391889,97193.3930145807,95853.0650124351,88487.3618861947,6/6/21
529,111099.547569492,108676.521896526,97224.6861165774,95895.2274891032,88570.0963311573,6/12/21
530,116259.781636945,113692.444951639,101659.629600659,100270.227440385,92657.0607881477,6/13/21
531,112311.156620324,109821.192867849,98168.3079299095,96836.89611159,89493.0842771683,6/19/21
532,112361.075227905,109869.79369636,98211.4068493094,96879.4126344059,89532.6848688416,6/20/21
533,110760.803063677,108456.775021407,96959.0314546906,95643.9445511048,88381.3570023757,6/26/21
534,114847.031305385,113483.233468977,101437.594121538,100062.010218153,92477.1029160099,6/27/21
535,113836.590604438,112315.265887811,100389.283161853,99030.1032874796,91523.4309586452,7/3/21
536,114504.752799499,113080.293085968,101071.472711159,99703.0782928232,92146.8068577243,7/4/21
537,112800.500345285,111090.544769207,99555.2896896447,98208.7411821131,90486.3404540707,7/10/21
538,113831.715848037,112192.575051649,100700.605787583,99338.5882176657,91383.9860164858,7/11/21
539,110995.433934238,109094.018733938,97056.7978667611,95765.5679334383,88844.4456635148,7/17/21
540,111172.573799143,109280.856347821,97256.4359578835,95962.509669699,88996.6207705608,7/18/21
541,114357.856092607,112629.242739117,101686.391675266,100437.246905345,92297.4655890271,7/24/21
542,115983.455270138,114321.370915494,103933.746133042,102686.888838376,94022.4391277868,7/25/21
543,128253.077804644,126786.913699631,118384.433536153,117115.662353942,105702.168778636,7/31/21
544,126427.861525472,124946.516636579,116394.652071058,115136.44179833,104044.48794114,8/1/21
545,137315.632750545,135814.018353874,127436.820024509,126105.543976447,113509.634695218,8/7/21
546,135184.010894658,133693.818704371,125358.292476541,124045.205462106,111697.320720381,8/8/21
547,142495.737093792,140908.716784911,132229.019144407,130874.520764396,117783.292482923,8/14/21
548,142380.524187279,140800.1678165,132124.246920607,130770.714164544,117691.245163317,8/15/21
549,147384.831983048,145425.22728858,136540.89995134,135145.251161397,121591.88828548,8/21/21
550,148373.75640054,146325.659612653,137406.961710521,136003.284364628,122354.088359007,8/22/21
551,147052.243015476,145201.372147661,136317.369360326,134922.871867565,121391.298668617,8/28/21
552,146888.223882382,145053.199343919,136177.80764447,134784.606543532,121266.00913678,8/29/21
553,144307.706294805,142721.992497212,133982.079283242,132609.274350947,119294.825444078,8/30/21
554,148682.887459655,146765.161042027,137770.304142679,136371.916040428,122698.115303512,9/4/21
555,152936.99340873,150664.942575342,141454.901105476,140021.196275652,125980.421710402,9/5/21
